split,filename,class_id,xc,yc,bw,bh,x1,y1,x2,y2,bbox_area_fraction,bbox_aspect_ratio,bbox_area_pixels,image_width,image_height,valid_normalized,inside_image,final_split
train,tb0139.png,0,0.318711,0.317242,0.204497,0.247898,0.2164625,0.19329300000000002,0.42095950000000004,0.441191,0.050694397306000005,0.8249239606612397,13289.232087384065,512,512,True,True,train
train,tb0139.png,0,0.77981,0.490186,0.205924,0.240585,0.676848,0.3698935,0.882772,0.6104785,0.04954222554,0.8559303364715174,12987.19717195776,512,512,True,True,train
train,tb0100.png,0,0.329774,0.37227,0.317273,0.338208,0.1711375,0.20316599999999999,0.4884105,0.541374,0.10730426678400001,0.9381002223483774,28129.1697118249,512,512,True,True,train
train,tb0100.png,0,0.701473,0.3677,0.291934,0.341499,0.555506,0.19695050000000003,0.84744,0.5384495,0.09969516906600001,0.854860482753976,26134.490399637507,512,512,True,True,train
train,tb0085.png,0,0.314379,0.195871,0.250279,0.178042,0.18923950000000003,0.10684999999999999,0.43951850000000003,0.284892,0.044560173717999994,1.4057301086260543,11681.18217913139,512,512,True,True,test
train,tb0631.png,0,0.682898,0.216578,0.20654,0.229382,0.579628,0.10188699999999999,0.786168,0.331269,0.04737655828,0.900419387746205,12419.48049375232,512,512,True,True,train
train,tb0631.png,0,0.399949,0.223256,0.194528,0.219366,0.302685,0.11357300000000001,0.497213,0.332939,0.042672829248000005,0.8867737023969074,11186.426150387713,512,512,True,True,train
train,tb1180.png,0,0.72119,0.246316,0.229824,0.24728,0.606278,0.12267600000000001,0.836102,0.369956,0.05683087872,0.9294079585894532,14897.87387117568,512,512,True,True,test
train,tb0146.png,0,0.29023,0.306405,0.054987,0.047972,0.2627365,0.282419,0.3177235,0.330391,0.002637836364,1.14623113482865,691.492975804416,512,512,True,True,test
train,tb0081.png,0,0.707164,0.404835,0.20149,0.3535,0.606419,0.228085,0.807909,0.581585,0.071226715,0.56998585572843,18671.65597696,512,512,True,True,train
train,tb0081.png,0,0.26605,0.376344,0.229514,0.179036,0.151293,0.286826,0.380807,0.465862,0.041091268504,1.281943296320293,10771.829490712576,512,512,True,True,train
train,tb0518.png,0,0.345656,0.247955,0.175589,0.194881,0.2578615,0.1505145,0.4334505,0.3453955,0.034218959909,0.9010062550992657,8970.295026384896,512,512,True,True,train
train,tb1014.png,0,0.355118,0.241089,0.239394,0.328032,0.235421,0.077073,0.474815,0.405105,0.078528892608,0.7297885572139303,20585.878023831552,512,512,True,True,train
train,tb1014.png,0,0.693501,0.305452,0.223232,0.3166,0.581885,0.147152,0.8051170000000001,0.463752,0.0706752512,0.7050915982312066,18527.0930505728,512,512,True,True,train
train,tb0021.png,0,0.752029,0.311103,0.297497,0.368942,0.6032804999999999,0.12663200000000002,0.9007775,0.495574,0.109759138174,0.8063516758731726,28772.699517485056,512,512,True,True,train
train,tb0021.png,0,0.829958,0.588057,0.137088,0.094956,0.761414,0.540579,0.8985019999999999,0.6355350000000001,0.013017328128,1.4437002401112093,3412.414464786432,512,512,True,True,train
train,tb1037.png,0,0.702516,0.424783,0.284992,0.33125,0.56002,0.259158,0.8450120000000001,0.590408,0.0944036,0.8603532075471699,24747.3373184,512,512,True,True,train
train,tb1037.png,0,0.326673,0.318533,0.256745,0.240278,0.1983005,0.19839400000000001,0.4550455,0.438672,0.061690175109999995,1.068533115807523,16171.709264035839,512,512,True,True,train
train,tb0332.png,0,0.222223,0.218868,0.207147,0.172601,0.1186495,0.1325675,0.3257965,0.3051685,0.035753779347,1.2001494776971164,9372.638733139967,512,512,True,True,train
train,tb0549.png,0,0.677743,0.227028,0.247557,0.158259,0.5539645,0.1478985,0.8015215,0.3061575,0.039178123263000006,1.5642522700130796,10270.309944655874,512,512,True,True,train
train,tb0549.png,0,0.277634,0.22777,0.275787,0.256677,0.1397405,0.0994315,0.4155275,0.3561085,0.070788179799,1.074451548054559,18556.696605229055,512,512,True,True,train
train,tb0371.png,0,0.706897,0.291815,0.205613,0.137488,0.6040905,0.223071,0.8097035,0.36055899999999996,0.028269320144,1.4954977888979402,7410.632659828736,512,512,True,True,val
train,tb1156.png,0,0.312226,0.225544,0.249857,0.205737,0.1872975,0.12267549999999999,0.4371545,0.3284125,0.051404829609,1.214448543528874,13475.467653021697,512,512,True,True,train
train,tb1156.png,0,0.626406,0.216395,0.197827,0.197329,0.5274925,0.1177305,0.7253195,0.3150595,0.039037004083,1.0025237040678259,10233.316398333953,512,512,True,True,train
train,tb0738.png,0,0.343094,0.231726,0.186497,0.206231,0.2498455,0.1286105,0.4363425,0.3348415,0.038461462806999996,0.9043111850303786,10082.441706078207,512,512,True,True,train
train,tb0738.png,0,0.735734,0.217631,0.218041,0.171118,0.6267135,0.132072,0.8447545,0.30318999999999996,0.037310739838,1.27421428487944,9780.786584092672,512,512,True,True,train
train,tb0991.png,0,0.632739,0.263951,0.17992,0.235586,0.542779,0.146158,0.7226990000000001,0.38174399999999997,0.042386633119999996,0.7637126145017107,11111.401552609279,512,512,True,True,train
train,tb0991.png,0,0.314647,0.29427,0.253479,0.27833,0.1879075,0.15510499999999997,0.4413865,0.433435,0.07055081007000001,0.9107139007652786,18494.471554990083,512,512,True,True,train
train,tb0284.png,0,0.766386,0.334505,0.201939,0.241667,0.6654165,0.21367150000000001,0.8673555000000001,0.4553385,0.048801992313,0.835608502608962,12793.149472899073,512,512,True,True,val
train,tb0284.png,0,0.367355,0.3227,0.264755,0.260417,0.23497749999999998,0.19249149999999998,0.4997325,0.4529085,0.06894670283500001,1.0166578986778898,18073.964467978243,512,512,True,True,val
train,tb0567.png,0,0.659846,0.203526,0.181605,0.183094,0.5690435,0.11197900000000001,0.7506485,0.29507300000000003,0.03325078587,0.9918675652943296,8716.49401110528,512,512,True,True,train
train,tb0205.png,0,0.641679,0.24681,0.181611,0.169139,0.5508735,0.1622405,0.7324845,0.3313795,0.030717502929000003,1.0737381680156557,8052.409087819777,512,512,True,True,train
train,tb0765.png,0,0.651293,0.234852,0.124368,0.184028,0.589109,0.14283800000000002,0.713477,0.326866,0.022887194304000002,0.6758102027952269,5999.7406636277765,512,512,True,True,train
train,tb0908.png,0,0.668039,0.268156,0.280123,0.31823,0.5279775,0.109041,0.8081005000000001,0.427271,0.08914354229,0.8802532759325017,23368.44475006976,512,512,True,True,train
train,tb1127.png,0,0.699977,0.351744,0.367405,0.558099,0.5162745,0.0726945,0.8836795,0.6307935,0.205048363095,0.6583151018009349,53752.19809517568,512,512,True,True,train
train,tb1127.png,0,0.294509,0.373927,0.347748,0.583451,0.12063500000000002,0.08220149999999998,0.468383,0.6656525,0.20289391834800002,0.5960192029836267,53187.42333141812,512,512,True,True,train
train,tb1115.png,0,0.301953,0.247884,0.252344,0.247721,0.17578100000000002,0.1240235,0.42812500000000003,0.3717445,0.062510908024,1.01866212392167,16386.859473043456,512,512,True,True,train
train,tb1115.png,0,0.758789,0.28597,0.273828,0.342773,0.6218750000000001,0.1145835,0.895703,0.4573565,0.09386084504400001,0.7988610538169576,24605.05736321434,512,512,True,True,train
train,tb0311.png,0,0.336594,0.278616,0.244534,0.222781,0.214327,0.16722549999999997,0.458861,0.3900065,0.054477529054,1.0976429767349998,14280.957376331777,512,512,True,True,train
train,tb0311.png,0,0.667068,0.280291,0.216616,0.254941,0.55876,0.15282050000000003,0.775376,0.4077615,0.055224299655999995,0.8496711003722431,14476.718809022463,512,512,True,True,train
train,tb0203.png,0,0.286967,0.248789,0.266477,0.298714,0.15372850000000002,0.09943200000000002,0.4202055,0.398146,0.079600410578,0.8920807193502817,20866.770030559233,512,512,True,True,train
train,tb0203.png,0,0.710547,0.222824,0.293182,0.255687,0.563956,0.0949805,0.8571380000000001,0.3506675,0.074962826034,1.146644139123225,19651.055067856894,512,512,True,True,train
train,tb0660.png,0,0.724232,0.349701,0.324648,0.443368,0.561908,0.128017,0.886556,0.571385,0.14393853446399998,0.7322314646072788,37732.62317853081,512,512,True,True,train
train,tb0663.png,0,0.658461,0.214417,0.044233,0.0727,0.6363445,0.178067,0.6805775,0.250767,0.0032157391,0.6084319119669876,842.9867106304,512,512,True,True,train
train,tb0140.png,0,0.362619,0.161004,0.171181,0.181503,0.2770285,0.07025250000000001,0.44820950000000004,0.2517555,0.031069865042999998,0.9431304165771365,8144.7787018321915,512,512,True,True,train
train,tb0353.png,0,0.731398,0.440925,0.278733,0.438675,0.5920315,0.22158750000000002,0.8707644999999999,0.6602625,0.122273198775,0.6353975038468115,32053.1854196736,512,512,True,True,val
train,tb0353.png,0,0.324577,0.42683,0.277121,0.447082,0.1860165,0.203289,0.4631375,0.650371,0.123895810922,0.6198437870457769,32478.543458336768,512,512,True,True,val
train,tb0107.png,0,0.672997,0.304955,0.192843,0.304672,0.5765754999999999,0.15261899999999998,0.7694185,0.457291,0.058753862495999995,0.6329528148303749,15401.972530151423,512,512,True,True,train
train,tb1131.png,0,0.39232,0.307053,0.115554,0.125209,0.334543,0.2444485,0.450097,0.3696575,0.014468400785999999,0.9228889297095259,3792.8044556451837,512,512,True,True,train
train,tb1070.png,0,0.303339,0.163472,0.194209,0.153999,0.20623450000000004,0.08647250000000001,0.4004435,0.2404715,0.029907991791,1.2611055915947507,7840.200600059904,512,512,True,True,val
train,tb0996.png,0,0.349215,0.26412,0.259098,0.214639,0.219666,0.1568005,0.47876399999999997,0.37143950000000003,0.055612535622,1.2071338386779662,14578.492538093567,512,512,True,True,train
train,tb0996.png,0,0.71016,0.417928,0.234655,0.181998,0.5928325,0.326929,0.8274875,0.508927,0.04270674069,1.289327355245662,11195.31583143936,512,512,True,True,train
train,tb0829.png,0,0.32857,0.322873,0.251265,0.285069,0.20293749999999997,0.1803385,0.45420249999999995,0.46540750000000003,0.07162786228500001,0.8814181829662292,18776.814330839043,512,512,True,True,train
train,tb0829.png,0,0.658038,0.261936,0.203626,0.216667,0.556225,0.1536025,0.759851,0.37026950000000003,0.044119034542,0.9398108618294434,11565.540190978048,512,512,True,True,train
train,tb0442.png,0,0.743916,0.286023,0.249573,0.273132,0.6191295,0.14945700000000003,0.8687025,0.422589,0.06816637263599999,0.9137450024164141,17869.40558829158,512,512,True,True,train
train,tb0678.png,0,0.305149,0.296584,0.292291,0.341865,0.1590035,0.12565150000000003,0.45129450000000004,0.4675165,0.099924062715,0.8549895426557268,26194.49349636096,512,512,True,True,val
train,tb0678.png,0,0.729846,0.511575,0.119557,0.103473,0.6700675,0.4598385,0.7896245,0.5633115,0.012370921460999999,1.1554415161443081,3242.9628354723836,512,512,True,True,val
train,tb0783.png,0,0.799657,0.356355,0.334675,0.280415,0.6323194999999999,0.21614749999999996,0.9669945,0.4965625,0.09384789012500001,1.1934989212417308,24601.661308928004,512,512,True,True,test
train,tb0530.png,0,0.672794,0.210373,0.246627,0.302431,0.5494805,0.0591575,0.7961075,0.3615885,0.07458765023700001,0.8154818785111315,19552.70498372813,512,512,True,True,test
train,tb0530.png,0,0.31002,0.220616,0.256324,0.272222,0.18185800000000002,0.084505,0.438182,0.356727,0.069777031928,0.9415991359992946,18291.630257733632,512,512,True,True,test
train,tb0543.png,0,0.302109,0.231232,0.307208,0.302176,0.14850500000000003,0.08014399999999999,0.45571300000000003,0.38232,0.092830884608,1.016652546860108,24335.059414679552,512,512,True,True,train
train,tb0543.png,0,0.833287,0.383556,0.172769,0.128091,0.7469025,0.31951050000000003,0.9196715,0.4476015,0.022130153979000002,1.3487989007814756,5801.287084670977,512,512,True,True,train
train,tb0653.png,0,0.297705,0.338057,0.307911,0.188427,0.1437495,0.2438435,0.4516605,0.4322705,0.058018745997,1.6341129455969685,15209.266150637568,512,512,True,True,train
train,tb0653.png,0,0.753596,0.389986,0.278315,0.265579,0.6144385000000001,0.2571965,0.8927535,0.5227755000000001,0.07391461938499999,1.0479555988990092,19376.273984061438,512,512,True,True,train
train,tb0787.png,0,0.249777,0.318611,0.264481,0.321393,0.11753649999999999,0.15791449999999999,0.3820175,0.4793075,0.085002342033,0.8229208476849217,22282.853949898752,512,512,True,True,test
train,tb0787.png,0,0.615898,0.297549,0.180692,0.234826,0.5255519999999999,0.18013600000000002,0.706244,0.414962,0.042431179592,0.769471864273973,11123.079142965247,512,512,True,True,test
train,tb0705.png,0,0.749617,0.487908,0.250143,0.303165,0.6245455,0.3363255,0.8746885,0.6394905,0.07583460259500001,0.8251051407649299,19879.586062663682,512,512,True,True,train
train,tb0600.png,0,0.712423,0.257075,0.265177,0.293056,0.5798345,0.110547,0.8450115,0.403603,0.07771171091199999,0.9048680115745796,20371.658745315326,512,512,True,True,train
train,tb0600.png,0,0.375366,0.217839,0.230186,0.228472,0.260273,0.103603,0.490459,0.332075,0.052591055792000005,1.0075020133758184,13786.42972953805,512,512,True,True,train
train,tb0176.png,0,0.301377,0.378602,0.288786,0.208333,0.156984,0.2744355,0.44577,0.4827685,0.06016365373799999,1.3861750178800285,15771.54084549427,512,512,True,True,test
train,tb0732.png,0,0.2918,0.341519,0.33441,0.332839,0.12459500000000001,0.17509950000000002,0.459005,0.5079385000000001,0.11130468999,1.0047199997596434,29177.85665273856,512,512,True,True,train
train,tb0732.png,0,0.725564,0.354625,0.282176,0.364985,0.584476,0.17213250000000002,0.866652,0.5371175,0.10299000736,0.7731167034261681,26998.21248937984,512,512,True,True,train
train,tb0974.png,0,0.265641,0.205762,0.290011,0.218595,0.1206355,0.0964645,0.4106465,0.3150595,0.063394954545,1.3267046364280977,16618.60696424448,512,512,True,True,test
train,tb0974.png,0,0.753438,0.265851,0.138479,0.131058,0.6841985,0.200322,0.8226775000000001,0.33138,0.018148780782,1.0566237848891329,4757.593989316608,512,512,True,True,test
train,tb0052.png,0,0.552443,0.281952,0.150025,0.143567,0.47743050000000004,0.21016849999999998,0.6274555,0.3537355,0.021538639175,1.0449824820467097,5646.2250278912,512,512,True,True,train
train,tb0052.png,0,0.68533,0.460789,0.081967,0.121709,0.6443465,0.3999345,0.7263135,0.5216435,0.009976121603,0.6734670402353153,2615.180421496832,512,512,True,True,train
train,tb0080.png,0,0.301952,0.304752,0.321147,0.417261,0.1413785,0.09612150000000003,0.46252550000000003,0.5133825000000001,0.13400211836700002,0.7696549641591235,35127.85131719885,512,512,True,True,test
train,tb0476.png,0,0.301172,0.209262,0.294886,0.231776,0.153729,0.093374,0.448615,0.32515,0.068347497536,1.2722887615628882,17916.886394077184,512,512,True,True,train
train,tb0476.png,0,0.714808,0.248281,0.271023,0.291121,0.5792965,0.10272049999999999,0.8503195,0.3938415,0.078900486783,0.9309634138382322,20683.289207242753,512,512,True,True,train
train,tb1165.png,0,0.773784,0.296266,0.241514,0.209693,0.653027,0.19141949999999996,0.894541,0.4011125,0.050643795202,1.1517504160844665,13275.967049433088,512,512,True,True,train
train,tb1165.png,0,0.338336,0.261895,0.292154,0.246785,0.192259,0.13850249999999997,0.48441300000000004,0.3852875,0.07209922489000001,1.1838401847762223,18900.379209564162,512,512,True,True,train
train,tb0899.png,0,0.327243,0.364516,0.288181,0.356083,0.1831525,0.18647450000000002,0.4713335,0.5425575,0.102616355023,0.8093085039162219,26900.26177114931,512,512,True,True,train
train,tb0899.png,0,0.737119,0.385535,0.272531,0.369436,0.6008534999999999,0.20081700000000002,0.8733845,0.570253,0.100682762516,0.7376947563312726,26393.382096994304,512,512,True,True,train
train,tb0226.png,0,0.780292,0.286023,0.180788,0.195943,0.689898,0.18805150000000004,0.870686,0.3839945,0.035424143084,0.9226560785534569,9286.226564612096,512,512,True,True,train
train,tb0315.png,0,0.375576,0.215061,0.193508,0.191667,0.278822,0.1192275,0.47233,0.3108945,0.03708909783600001,1.0096052006866076,9722.684463120386,512,512,True,True,train
train,tb1066.png,0,0.759851,0.292491,0.096965,0.123611,0.7113685000000001,0.2306855,0.8083335,0.3542965,0.011985940615,0.7844366601677843,3142.04241657856,512,512,True,True,train
train,tb0528.png,0,0.320724,0.204706,0.249007,0.221498,0.19622050000000002,0.093957,0.4452275,0.315455,0.055154552486,1.1241952523273349,14458.435006889984,512,512,True,True,val
train,tb0528.png,0,0.661272,0.184258,0.197776,0.179153,0.562384,0.0946815,0.76016,0.2738345,0.035432163728,1.1039502548101343,9288.329128312833,512,512,True,True,val
train,tb0431.png,0,0.272564,0.275564,0.30642,0.284711,0.11935399999999996,0.13320849999999998,0.425774,0.4179195,0.08724114462,1.076249249238702,22869.74261526528,512,512,True,True,train
train,tb1108.png,0,0.687659,0.168524,0.253976,0.22167,0.560671,0.057689000000000004,0.814647,0.279359,0.05629885992,1.1457391618171153,14758.40833486848,512,512,True,True,train
train,tb1047.png,0,0.311936,0.202053,0.124444,0.110287,0.249714,0.14690950000000003,0.374158,0.2571965,0.013724555428,1.128365083826743,3597.809858117632,512,512,True,True,train
train,tb0280.png,0,0.360466,0.260342,0.233019,0.270243,0.24395650000000002,0.1252205,0.4769755,0.3954635,0.062971753617,0.8622573017617478,16507.667380174847,512,512,True,True,train
train,tb0229.png,0,0.774124,0.300717,0.160998,0.166172,0.693625,0.21763100000000002,0.854623,0.383803,0.026753359655999998,0.9688635871265918,7013.2327136624635,512,512,True,True,train
train,tb0229.png,0,0.269589,0.383556,0.11678,0.045994,0.21119900000000003,0.360559,0.327979,0.406553,0.00537117932,2.5390268295864677,1408.02243166208,512,512,True,True,train
train,tb1013.png,0,0.722961,0.282312,0.265108,0.321128,0.5904069999999999,0.121748,0.855515,0.44287600000000005,0.08513360182400001,0.8255524276923843,22317.26291655066,512,512,True,True,train
train,tb0098.png,0,0.247179,0.341564,0.13535,0.125683,0.179504,0.2787225,0.314854,0.4044055,0.017011194049999998,1.076915732437959,4459.382453043199,512,512,True,True,train
train,tb1036.png,0,0.298699,0.236524,0.326479,0.318107,0.13545949999999998,0.07747050000000003,0.46193850000000003,0.3955775,0.103855255253,1.0263181885340469,27225.032033042433,512,512,True,True,train
train,tb1036.png,0,0.683102,0.17994,0.25677,0.199177,0.554717,0.08035149999999999,0.811487,0.27952849999999996,0.05114267829,1.2891548722995125,13406.74625765376,512,512,True,True,train
train,tb0480.png,0,0.727526,0.243568,0.17773,0.225594,0.638661,0.13077100000000003,0.816391,0.356365,0.04009482162,0.7878312366463648,10510.61691875328,512,512,True,True,train
train,tb1086.png,0,0.274129,0.270797,0.282464,0.296241,0.13289700000000002,0.12267650000000002,0.415361,0.4189175,0.083677417824,0.9534939458076364,21935.533018054655,512,512,True,True,train
train,tb0238.png,0,0.330078,0.30261,0.256696,0.280754,0.20173,0.162233,0.458426,0.442987,0.072068428784,0.9143093241770375,18892.306195152894,512,512,True,True,val
train,tb0036.png,0,0.67313,0.261153,0.108213,0.192878,0.6190235,0.16471400000000003,0.7272365000000001,0.357592,0.020871907014,0.5610437685998404,5471.445192278016,512,512,True,True,train
train,tb0851.png,0,0.303064,0.231727,0.276138,0.226389,0.164995,0.11853249999999999,0.441133,0.3449215,0.062514605682,1.2197500761962816,16387.828791902208,512,512,True,True,train
train,tb0851.png,0,0.769758,0.294922,0.30312,0.307639,0.618198,0.14110250000000002,0.9213180000000001,0.4487415,0.09325153368,0.985310705079655,24445.33004500992,512,512,True,True,train
train,tb0291.png,0,0.310261,0.318027,0.219178,0.164194,0.20067200000000002,0.23593,0.41985,0.40012400000000004,0.035987712532000005,1.3348721634164464,9433.96291398861,512,512,True,True,train
train,tb0814.png,0,0.340977,0.329649,0.308438,0.327893,0.18675799999999998,0.16570250000000003,0.49519599999999997,0.4935955,0.10113466113399999,0.9406666199034441,26511.844608311294,512,512,True,True,train
train,tb0814.png,0,0.779689,0.318027,0.218928,0.188922,0.670225,0.223566,0.889153,0.412488,0.041360315616,1.1588274525994855,10842.358576840705,512,512,True,True,train
train,tb0253.png,0,0.343336,0.20536,0.191649,0.250091,0.24751149999999997,0.08031449999999998,0.43916049999999995,0.3304055,0.047929690059,0.7663170605899453,12564.480670826497,512,512,True,True,train
train,tb0409.png,0,0.335947,0.274957,0.270236,0.279514,0.200829,0.13520000000000001,0.47106499999999996,0.414714,0.07553474530399999,0.9668066715799566,19800.980272971774,512,512,True,True,train
train,tb0409.png,0,0.699775,0.259158,0.292159,0.289583,0.5536955,0.11436650000000001,0.8458545000000001,0.40394949999999996,0.08460427969699999,1.0088955498078271,22178.504296890365,512,512,True,True,train
train,tb0406.png,0,0.26153,0.343668,0.183572,0.176645,0.16974399999999998,0.2553455,0.35331599999999996,0.43199049999999994,0.03242707594,1.0392142432562486,8500.56339521536,512,512,True,True,train
train,tb0406.png,0,0.700175,0.240006,0.171202,0.206828,0.614574,0.136592,0.785776,0.34342,0.035409367256,0.8277505946970428,9282.353169956865,512,512,True,True,train
train,tb0406.png,0,0.362965,0.189041,0.084612,0.098961,0.32065899999999997,0.13956049999999998,0.405271,0.2385215,0.008373288132,0.8550034862218451,2195.007244075008,512,512,True,True,train
train,tb1139.png,0,0.735084,0.259669,0.300285,0.302671,0.5849415,0.10833349999999997,0.8852264999999999,0.4110045,0.09088756123500001,0.9921168529525458,23825.628852387843,512,512,True,True,train
train,tb0154.png,0,0.31211,0.304427,0.188994,0.181503,0.217613,0.21367550000000002,0.406607,0.3951785,0.034302977982,1.0412720450901638,8992.319860113408,512,512,True,True,test
train,tb0154.png,0,0.618669,0.187711,0.129516,0.124135,0.553911,0.1256435,0.683427,0.2497785,0.01607746866,1.043347967938132,4214.61194440704,512,512,True,True,test
train,tb1082.png,0,0.733502,0.219054,0.248314,0.180208,0.609345,0.12895,0.857659,0.309158,0.044748169312,1.377929947616088,11730.464096124928,512,512,True,True,train
train,tb1082.png,0,0.343957,0.230859,0.282884,0.194792,0.202515,0.133463,0.485399,0.328255,0.055103540128000006,1.4522362314674115,14445.062423314434,512,512,True,True,train
train,tb1098.png,0,0.309905,0.189689,0.122007,0.114243,0.2489015,0.1325675,0.3709085,0.2468105,0.013938445701,1.0679604001995746,3653.879909842944,512,512,True,True,train
train,tb0059.png,0,0.654515,0.331133,0.22759,0.328882,0.54072,0.166692,0.7683099999999999,0.495574,0.07485025438,0.6920111164490607,19621.54508419072,512,512,True,True,train
train,tb0034.png,0,0.353806,0.387018,0.317546,0.570228,0.195033,0.101904,0.512579,0.672132,0.181073620488,0.5568754954158688,47467.36316920627,512,512,True,True,train
train,tb0034.png,0,0.741857,0.42411,0.299246,0.52275,0.5922339999999999,0.16273499999999996,0.89148,0.685485,0.15643084650000003,0.5724457197513151,41007.40782489601,512,512,True,True,train
train,tb0262.png,0,0.743199,0.446484,0.23145,0.270486,0.6274740000000001,0.311241,0.858924,0.581727,0.0626039847,0.8556819946318848,16411.2589651968,512,512,True,True,train
train,tb0262.png,0,0.313603,0.421658,0.230607,0.247917,0.19829950000000002,0.2976995,0.4289065,0.5456165,0.057171395619000004,0.930178245138494,14987.138333147137,512,512,True,True,train
train,tb0450.png,0,0.309253,0.305542,0.293362,0.230347,0.162572,0.1903685,0.455934,0.42071549999999996,0.067575056614,1.27356553373823,17714.395641020415,512,512,True,True,train
train,tb0450.png,0,0.627419,0.260753,0.191649,0.179525,0.5315945,0.17099050000000002,0.7232434999999999,0.3505155,0.034405786725,1.0675337696699625,9019.2705552384,512,512,True,True,train
train,tb0539.png,0,0.666108,0.227957,0.173083,0.191064,0.5795665000000001,0.132425,0.7526495,0.323489,0.033069930312,0.9058901729263492,8669.083811708928,512,512,True,True,train
train,tb0235.png,0,0.739846,0.24581,0.217197,0.212227,0.6312475,0.1396965,0.8484445,0.3519235,0.046095067719,1.0234183209487955,12083.545432129536,512,512,True,True,val
train,tb0235.png,0,0.396407,0.286814,0.258946,0.272366,0.266934,0.15063100000000001,0.52588,0.422997,0.070528086236,0.9507280644426985,18488.514638249984,512,512,True,True,val
train,tb0251.png,0,0.693761,0.444634,0.193714,0.137488,0.596904,0.37588999999999995,0.7906179999999999,0.513378,0.026633350432,1.4089520539974398,6981.773015646208,512,512,True,True,train
train,tb0255.png,0,0.614598,0.25252,0.160537,0.209742,0.5343295,0.14764900000000003,0.6948664999999999,0.357391,0.033671351454000006,0.7654022561051197,8826.742755557378,512,512,True,True,val
train,tb0255.png,0,0.743574,0.483633,0.111332,0.355865,0.687908,0.3057005,0.79924,0.6615655,0.03961916218,0.3128489736276397,10385.92565051392,512,512,True,True,val
train,tb0255.png,0,0.211765,0.468474,0.119284,0.314612,0.152123,0.311168,0.271407,0.62578,0.037528177808,0.3791463771248395,9837.786643300353,512,512,True,True,val
train,tb0269.png,0,0.356394,0.28138,0.295953,0.290972,0.20841749999999998,0.13589400000000001,0.5043705,0.426866,0.08611403631600001,1.017118485627483,22574.277936021506,512,512,True,True,train
train,tb0407.png,0,0.667461,0.158037,0.188175,0.131058,0.5733735,0.092508,0.7615485,0.22356600000000001,0.024661839150000003,1.4358146774710434,6464.953162137601,512,512,True,True,val
train,tb0598.png,0,0.717566,0.301459,0.186606,0.144906,0.624263,0.229006,0.8108690000000001,0.37391199999999997,0.027040329036,1.2877727630325866,7088.460014813184,512,512,True,True,train
train,tb0879.png,0,0.6624,0.266971,0.273674,0.306773,0.525563,0.1135845,0.799237,0.42035750000000005,0.083955794002,0.892105889370968,22008.507662860287,512,512,True,True,train
train,tb0879.png,0,0.292792,0.168615,0.17997,0.166833,0.20280700000000002,0.08519849999999998,0.382777,0.25203149999999996,0.03002493501,1.0787434140727552,7870.85656326144,512,512,True,True,train
train,tb0373.png,0,0.702214,0.239633,0.251667,0.337887,0.5763805,0.07068950000000002,0.8280475,0.4085765,0.08503500762899999,0.7448259329302399,22291.417039896573,512,512,True,True,val
train,tb0373.png,0,0.366047,0.319773,0.275333,0.295568,0.22838050000000001,0.17198899999999998,0.5037135,0.467557,0.081379624144,0.9315385968711092,21333.180191604737,512,512,True,True,val
train,tb1106.png,0,0.321761,0.266346,0.214286,0.143917,0.21461800000000003,0.19438750000000005,0.428904,0.3383045,0.030839398262,1.4889554395936548,8084.363217993728,512,512,True,True,train
train,tb0447.png,0,0.275006,0.410148,0.228728,0.179346,0.16064199999999998,0.320475,0.38937,0.499821,0.041021451888,1.2753448641174043,10753.527483727872,512,512,True,True,val
train,tb0509.png,0,0.720269,0.23298,0.269737,0.376575,0.5854005,0.044692499999999996,0.8551375000000001,0.4212675,0.101576210775,0.7162902476266348,26627.5941974016,512,512,True,True,train
train,tb0509.png,0,0.296841,0.21119,0.321272,0.401771,0.13620500000000002,0.010304499999999994,0.457477,0.4120755,0.129077772712,0.7996395956900821,33836.96364981453,512,512,True,True,train
train,tb1043.png,0,0.360189,0.394748,0.107926,0.082986,0.306226,0.353255,0.41415199999999996,0.436241,0.008956347036,1.3005326199599931,2347.852637405184,512,512,True,True,train
train,tb1079.png,0,0.461909,0.159521,0.102481,0.122156,0.4106685,0.098443,0.5131495,0.220599,0.012518669036000001,0.8389354595762796,3281.6939757731843,512,512,True,True,train
train,tb1018.png,0,0.246307,0.231397,0.25994,0.293738,0.116337,0.08452799999999999,0.376277,0.378266,0.07635425572,0.884938278329668,20015.81001146368,512,512,True,True,train
train,tb1092.png,0,0.262853,0.159273,0.246014,0.188922,0.139846,0.064812,0.38586,0.253734,0.046477456908,1.3021987910354538,12183.786463690752,512,512,True,True,train
train,tb1092.png,0,0.637853,0.194387,0.220387,0.244313,0.5276595,0.0722305,0.7480465000000001,0.3165435,0.053843409131,0.9020682485172709,14114.726643236863,512,512,True,True,train
train,tb0117.png,0,0.409731,0.265851,0.170598,0.173591,0.324432,0.1790555,0.49503,0.3526465,0.029614277418,0.9827583227241043,7763.205139464192,512,512,True,True,train
train,tb0062.png,0,0.342058,0.237228,0.230898,0.321369,0.22660899999999998,0.07654349999999999,0.457507,0.3979125,0.074203459362,0.7184824920885337,19451.991650992128,512,512,True,True,train
train,tb0037.png,0,0.389018,0.286347,0.289436,0.29287,0.24429999999999996,0.139912,0.533736,0.432782,0.08476712132000001,0.988274661112439,22221.192251310084,512,512,True,True,val
train,tb0435.png,0,0.285668,0.533902,0.317433,0.59001,0.12695149999999997,0.23889699999999997,0.44438449999999996,0.8289070000000001,0.18728864433000003,0.5380129150353384,49096.59437924353,512,512,True,True,test
train,tb0435.png,0,0.743078,0.532172,0.356616,0.542038,0.56477,0.26115299999999997,0.921386,0.803191,0.193299423408,0.6579169726107763,50672.28404986675,512,512,True,True,test
train,tb0954.png,0,0.321644,0.230581,0.239047,0.259545,0.20212049999999998,0.1008085,0.4411675,0.3603535,0.06204345361500001,0.9210233292877921,16264.319104450562,512,512,True,True,val
train,tb0954.png,0,0.678485,0.187527,0.136434,0.146629,0.610268,0.1142125,0.746702,0.2608415,0.020005180986,0.9304707799957715,5244.238164393984,512,512,True,True,val
train,tb0240.png,0,0.289215,0.289343,0.311111,0.332344,0.1336595,0.12317100000000003,0.4447705,0.455515,0.103395874184,0.9361113785716006,27104.608042090495,512,512,True,True,train
train,tb0240.png,0,0.71628,0.257938,0.245584,0.227992,0.593488,0.14394200000000001,0.839072,0.371934,0.055991187328,1.0771606021263904,14677.753810911232,512,512,True,True,train
train,tb0755.png,0,0.281563,0.449986,0.090641,0.073356,0.23624250000000002,0.413308,0.3268835,0.486664,0.0066490611960000005,1.235631713833906,1743.0114981642241,512,512,True,True,train
train,tb1175.png,0,0.289151,0.267318,0.261804,0.207986,0.158249,0.163325,0.420053,0.371311,0.054451566744,1.258757801005837,14274.151512539136,512,512,True,True,test
train,tb1175.png,0,0.692187,0.372526,0.262648,0.427431,0.560863,0.15881050000000002,0.823511,0.5862415000000001,0.112263897288,0.614480465852968,29429.307090665472,512,512,True,True,test
train,tb0377.png,0,0.631745,0.429707,0.257455,0.289761,0.5030175,0.2848265,0.7604725,0.5745875,0.074600418255,0.8885081153088235,19556.05204303872,512,512,True,True,train
train,tb0377.png,0,0.303961,0.29427,0.264911,0.239563,0.17150549999999998,0.1744885,0.4364165,0.41405149999999996,0.063462873893,1.1058093278177348,16636.41161380659,512,512,True,True,train
train,tb1004.png,0,0.352172,0.221953,0.189364,0.247018,0.25749,0.09844400000000002,0.446854,0.345462,0.046776316552,0.7666000048579457,12262.130726207488,512,512,True,True,train
train,tb0742.png,0,0.733241,0.240134,0.232346,0.227003,0.6170680000000001,0.12663249999999998,0.849414,0.3536355,0.052743239038,1.0235371338704775,13826.323654377473,512,512,True,True,train
train,tb0657.png,0,0.791049,0.322352,0.121417,0.104167,0.7303405000000001,0.2702685,0.8517575,0.37443550000000003,0.012647644639,1.1655994700816958,3315.504156246016,512,512,True,True,train
train,tb0319.png,0,0.657955,0.251756,0.173044,0.18002,0.571433,0.16174599999999997,0.7444769999999999,0.341766,0.031151380880000003,0.9612487501388735,8166.147589406721,512,512,True,True,val
train,tb0319.png,0,0.316722,0.291815,0.299258,0.242334,0.167093,0.170648,0.466351,0.41298199999999996,0.072520388172,1.234898941130836,19010.78463696077,512,512,True,True,val
train,tb0020.png,0,0.439207,0.19958,0.201193,0.175569,0.33861050000000004,0.1117955,0.5398035,0.2873645,0.035323253817,1.1459483166162592,9259.779048603648,512,512,True,True,train
train,tb0020.png,0,0.790889,0.275248,0.209328,0.332839,0.686225,0.1088285,0.8955529999999999,0.4416675,0.069672522192,0.6289166834415437,18264.233657499648,512,512,True,True,train
train,tb0250.png,0,0.785298,0.4523,0.090909,0.091494,0.7398435000000001,0.406553,0.8307525,0.49804699999999996,0.008317628046000001,0.9936061381074168,2180.4162864906243,512,512,True,True,val
train,tb0852.png,0,0.274011,0.43227,0.147379,0.14639,0.20032149999999999,0.359075,0.3477005,0.5054649999999999,0.02157481181,1.0067559259512262,5655.70746712064,512,512,True,True,train
train,tb0587.png,0,0.300106,0.341519,0.319222,0.350643,0.14049499999999998,0.16619750000000003,0.459717,0.5168405,0.111932959746,0.9103903400324547,29342.553799655423,512,512,True,True,test
train,tb0587.png,0,0.698848,0.298987,0.241419,0.214144,0.5781385,0.191915,0.8195575,0.406059,0.051698430336,1.1273675657501494,13552.433322000385,512,512,True,True,test
train,tb0596.png,0,0.309509,0.336246,0.132337,0.109352,0.24334049999999996,0.28157,0.3756775,0.390922,0.014471315624000001,1.210192771965762,3793.5685629378563,512,512,True,True,train
train,tb0197.png,0,0.286031,0.374798,0.231365,0.115744,0.17034849999999999,0.31692600000000004,0.40171349999999995,0.43267,0.02677911056,1.9989373099253525,7019.98315864064,512,512,True,True,train
train,tb1055.png,0,0.328359,0.283811,0.339376,0.297917,0.158671,0.1348525,0.498047,0.4327695,0.101105879792,1.139162921216312,26504.29975219405,512,512,True,True,train
train,tb1055.png,0,0.70378,0.283637,0.280776,0.266319,0.5633919999999999,0.1504775,0.844168,0.41679649999999996,0.074775983544,1.0542845234474447,19602.075430158337,512,512,True,True,train
train,tb1055.png,0,0.748468,0.613845,0.306071,0.407292,0.5954325,0.410199,0.9015035,0.817491,0.12466026973199999,0.7514780550563233,32678.941748625406,512,512,True,True,train
train,tb1055.png,0,0.247625,0.594922,0.294266,0.336806,0.100492,0.426519,0.39475800000000005,0.7633249999999999,0.09911055439600001,0.8736958367725042,25981.237171585028,512,512,True,True,train
train,tb0477.png,0,0.728232,0.295269,0.293423,0.297222,0.5815205,0.146658,0.8749435,0.44388,0.08721177090599999,0.9872183082006043,22862.04247238246,512,512,True,True,train
train,tb0855.png,0,0.278834,0.258927,0.286773,0.224036,0.13544750000000003,0.146909,0.4222205,0.370945,0.064247475828,1.280030887893017,16842.090303455232,512,512,True,True,train
train,tb0855.png,0,0.706428,0.271291,0.257127,0.235905,0.5778645,0.1533385,0.8349914999999999,0.3892435,0.060657544935,1.0899599415018757,15901.01145944064,512,512,True,True,train
train,tb1050.png,0,0.316027,0.230737,0.221976,0.215134,0.205039,0.12317,0.42701500000000003,0.338304,0.047754584784,1.031803434138723,12518.577873616896,512,512,True,True,train
train,tb0217.png,0,0.882158,0.505793,0.111048,0.095952,0.826634,0.45781700000000003,0.937682,0.5537690000000001,0.010655277695999998,1.157328664332166,2793.2171163402236,512,512,True,True,train
train,tb0217.png,0,0.88045,0.802395,0.10877,0.102449,0.8260649999999999,0.7511705,0.934835,0.8536195,0.011143377730000001,1.061698991693428,2921.1696116531202,512,512,True,True,train
train,tb0617.png,0,0.288719,0.345228,0.151844,0.14639,0.21279700000000001,0.27203299999999997,0.364641,0.418423,0.02222844316,1.0372566432133343,5827.05300373504,512,512,True,True,test
train,tb1122.png,0,0.290656,0.321489,0.248759,0.264095,0.16627650000000002,0.1894415,0.4150355,0.4535365,0.06569600810500001,0.9419299873151706,17221.814348677122,512,512,True,True,train
train,tb1122.png,0,0.755355,0.249283,0.257033,0.264095,0.6268385,0.11723549999999999,0.8838715,0.3813305,0.06788113013500001,0.9732596224843333,17794.630978109442,512,512,True,True,train
train,tb0881.png,0,0.335098,0.315307,0.140914,0.131058,0.264641,0.249778,0.405555,0.380836,0.018467907012000004,1.075203345083856,4841.251015753729,512,512,True,True,test
train,tb0881.png,0,0.625087,0.227028,0.114799,0.159248,0.5676874999999999,0.147404,0.6824865,0.30665200000000004,0.018281511152,0.7208818949060585,4792.388459429888,512,512,True,True,test
train,tb0881.png,0,0.249951,0.662241,0.107726,0.062315,0.196088,0.6310835,0.30381400000000003,0.6933984999999999,0.00671294569,1.7287330498274893,1759.75843495936,512,512,True,True,test
train,tb0612.png,0,0.727918,0.369568,0.197316,0.252982,0.6292599999999999,0.24307700000000002,0.826576,0.496059,0.049917396312,0.7799606296100118,13085.545938812927,512,512,True,True,val
train,tb0612.png,0,0.35913,0.241089,0.230119,0.193837,0.24407050000000002,0.14417049999999998,0.4741895,0.3380075,0.044605576603,1.1871778865748024,11693.084273016832,512,512,True,True,val
train,tb0914.png,0,0.367275,0.238689,0.247876,0.188503,0.24333700000000003,0.1444375,0.491213,0.33294050000000003,0.046725369628,1.3149711145180714,12248.775295762433,512,512,True,True,train
train,tb0163.png,0,0.736274,0.352894,0.2,0.198318,0.636274,0.253735,0.836274,0.452053,0.0396636,1.0084813279682128,10397.5747584,512,512,True,True,test
train,tb0602.png,0,0.679033,0.24335,0.235915,0.218511,0.5610755,0.1340945,0.7969905,0.3526055,0.051550022565000006,1.0796481641656483,13513.529115279362,512,512,True,True,train
train,tb0943.png,0,0.756057,0.272179,0.3086,0.387153,0.601757,0.07860249999999999,0.910357,0.4657555,0.1194754158,0.797100887762719,31319.7633994752,512,512,True,True,val
train,tb0943.png,0,0.39244,0.245443,0.312395,0.339236,0.23624250000000002,0.075825,0.5486375,0.415061,0.10597563021999999,0.9208780907686684,27780.875608391678,512,512,True,True,val
train,tb0499.png,0,0.660718,0.320253,0.218037,0.133037,0.5516995,0.25373450000000003,0.7697365,0.3867715,0.029006988368999998,1.638919999699332,7604.0079590031355,512,512,True,True,val
train,tb0499.png,0,0.343652,0.327918,0.180936,0.140455,0.253184,0.2576905,0.43412,0.3981455,0.02541336588,1.2882133067530528,6661.96138524672,512,512,True,True,val
train,tb0499.png,0,0.696392,0.484941,0.071347,0.062809,0.6607185,0.4535365,0.7320655,0.5163455,0.0044812337229999995,1.1359359327484913,1174.7285330821119,512,512,True,True,val
train,tb0126.png,0,0.214542,0.295277,0.106529,0.106825,0.16127750000000002,0.2418645,0.2678065,0.3486895,0.011379960425,0.9972291130353381,2983.1883456512,512,512,True,True,train
train,tb0784.png,0,0.347611,0.281175,0.222486,0.264344,0.23636800000000002,0.149003,0.458854,0.413347,0.058812839184,0.841653300245135,15417.432915050496,512,512,True,True,train
train,tb0784.png,0,0.759132,0.404297,0.301267,0.32138,0.6084985,0.24360700000000002,0.9097655,0.564987,0.09682118846,0.9374167652000747,25381.09362765824,512,512,True,True,train
train,tb0784.png,0,0.140565,0.725847,0.125891,0.106557,0.0776195,0.6725685,0.20351049999999998,0.7791255,0.013414567287,1.1814427958745086,3516.548326883328,512,512,True,True,train
train,tb0646.png,0,0.413038,0.285413,0.158377,0.163874,0.3338495,0.203476,0.4922265,0.36734999999999995,0.025953872497999998,0.9664559356578835,6803.6519521157115,512,512,True,True,train
train,tb0318.png,0,0.281769,0.23865,0.345475,0.29723,0.1090315,0.090035,0.4545065,0.38726499999999997,0.10268553424999999,1.1623153786629883,26918.396690431997,512,512,True,True,train
train,tb0399.png,0,0.704925,0.28687,0.13165,0.150346,0.6391,0.21169700000000002,0.77075,0.362043,0.019793050899999998,0.8756468412860999,5188.629535129599,512,512,True,True,train
train,tb0350.png,0,0.373721,0.245821,0.195793,0.183976,0.27582450000000003,0.153833,0.4716175,0.337809,0.036021212967999997,1.064231204070096,9442.744852283391,512,512,True,True,train
train,tb0350.png,0,0.757756,0.283655,0.204423,0.285361,0.6555445,0.1409745,0.8599675,0.4263355,0.05833435170299999,0.7163662869137689,15292.00029283123,512,512,True,True,train
train,tb0529.png,0,0.67951,0.232963,0.245114,0.250247,0.5569529999999999,0.1078395,0.802067,0.3580865,0.061339043158,0.9794882655935936,16079.662129610751,512,512,True,True,train
train,tb0529.png,0,0.324401,0.274011,0.256281,0.242334,0.1962605,0.152844,0.4525415,0.39517800000000003,0.06210559985399999,1.0575527990294387,16280.610368126974,512,512,True,True,train
train,tb0115.png,0,0.337845,0.348394,0.331366,0.296528,0.172162,0.20012999999999997,0.503528,0.496658,0.098259297248,1.1174863756542384,25758.085217779713,512,512,True,True,val
train,tb0115.png,0,0.777558,0.449262,0.206577,0.314931,0.6742695,0.2917965,0.8808465,0.6067275,0.065057501187,0.655943682901969,17054.43359116493,512,512,True,True,val
train,tb1023.png,0,0.332575,0.290929,0.311551,0.291319,0.1767995,0.1452695,0.4883505,0.4365885,0.090760725769,1.0694496411150665,23792.379695988737,512,512,True,True,train
train,tb1023.png,0,0.749944,0.314887,0.280354,0.254514,0.6097670000000001,0.18762999999999996,0.890121,0.442144,0.07135401795600001,1.101526831529896,18705.027683057666,512,512,True,True,train
train,tb0621.png,0,0.747762,0.297651,0.27252,0.277585,0.611502,0.15885849999999999,0.8840220000000001,0.4364435,0.0756474642,0.9817533368157499,19830.5288552448,512,512,True,True,test
train,tb0125.png,0,0.706922,0.462153,0.318652,0.682657,0.5475960000000001,0.1208245,0.866248,0.8034815,0.217530018364,0.4667820003310594,57024.18913401241,512,512,True,True,train
train,tb0125.png,0,0.300683,0.422569,0.298298,0.602818,0.15153399999999997,0.12115999999999999,0.449832,0.723978,0.179819403764,0.494839238377089,47138.57778031001,512,512,True,True,train
train,tb0388.png,0,0.708858,0.210955,0.218378,0.134026,0.599669,0.14394200000000001,0.818047,0.277968,0.029268329828,1.629370420664647,7672.517054431232,512,512,True,True,train
train,tb0388.png,0,0.321831,0.273517,0.222703,0.284866,0.21047949999999999,0.131084,0.43318249999999997,0.41595000000000004,0.063440512798,0.7817816095988992,16630.549786918913,512,512,True,True,train
train,tb0574.png,0,0.799608,0.371687,0.154961,0.175569,0.7221275,0.2839025,0.8770884999999999,0.4594715,0.027206347808999998,0.8826216473295398,7131.980840042495,512,512,True,True,train
train,tb0170.png,0,0.336673,0.261917,0.107829,0.106618,0.2827585,0.20860800000000002,0.3905875,0.315226,0.011496512322,1.0113583072276726,3013.741726138368,512,512,True,True,val
train,tb0439.png,0,0.633094,0.270706,0.20669,0.176793,0.529749,0.1823095,0.7364390000000001,0.3591025,0.03654134517,1.1691073741607416,9579.09438824448,512,512,True,True,train
train,tb0439.png,0,0.768641,0.426085,0.087369,0.098108,0.7249565,0.377031,0.8123255,0.475139,0.008571597852,0.890538997839116,2246.992947314688,512,512,True,True,train
train,tb0439.png,0,0.331297,0.259501,0.247129,0.27988,0.20773250000000001,0.11956099999999997,0.45486150000000003,0.399441,0.06916646452,0.8829819922824066,18131.57367513088,512,512,True,True,train
train,tb1112.png,0,0.695049,0.328029,0.219129,0.213894,0.5854845000000001,0.221082,0.8046135,0.43497600000000003,0.046870378325999995,1.024474739824399,12286.788455890943,512,512,True,True,test
train,tb0232.png,0,0.360214,0.316441,0.244333,0.33089,0.23804749999999997,0.15099599999999996,0.4823805,0.481886,0.08084734637,0.7384115567106893,21193.64676681728,512,512,True,True,train
train,tb0232.png,0,0.68438,0.331769,0.232,0.324225,0.56838,0.1696565,0.80038,0.4938815,0.0752202,0.7155524712776622,19718.5241088,512,512,True,True,train
train,tb0710.png,0,0.280296,0.392458,0.177505,0.125124,0.19154349999999998,0.32989599999999997,0.3690485,0.45502,0.02221013562,1.4186327163453851,5822.25379196928,512,512,True,True,val
train,tb0150.png,0,0.666623,0.217736,0.281506,0.322625,0.52587,0.056423500000000015,0.807376,0.3790485,0.09082087324999999,0.8725486245641224,23808.146997247997,512,512,True,True,train
train,tb0150.png,0,0.326197,0.226026,0.324877,0.348187,0.1637585,0.05193249999999999,0.4886355,0.4001195,0.11311794799900002,0.9330532156571039,29653.19136024986,512,512,True,True,train
train,tb0865.png,0,0.283054,0.360986,0.296883,0.41712,0.13461249999999997,0.15242599999999998,0.4314955,0.569546,0.12383583696,0.7117448216340622,32462.82164404224,512,512,True,True,val
train,tb0865.png,0,0.638571,0.357275,0.193469,0.198911,0.5418365,0.2578195,0.7353055,0.45673050000000004,0.038483112259,0.9726410304105856,10088.116980023296,512,512,True,True,val
train,tb0179.png,0,0.346141,0.204526,0.127214,0.133037,0.28253399999999995,0.1380075,0.409748,0.2710445,0.016924168918,0.9562302216676564,4436.569336840192,512,512,True,True,train
train,tb1137.png,0,0.648146,0.204806,0.253479,0.256461,0.5214065,0.07657549999999999,0.7748855,0.33303649999999996,0.065007477819,0.9883725010820359,17041.320265383936,512,512,True,True,train
train,tb1137.png,0,0.353166,0.210522,0.262922,0.264911,0.22170499999999999,0.07806649999999998,0.484627,0.3429775,0.06965092994199999,0.9924918180068022,18258.573378715646,512,512,True,True,train
train,tb0177.png,0,0.337068,0.296019,0.244596,0.321958,0.21476999999999996,0.13503999999999997,0.459366,0.456998,0.07874963896800001,0.759713999962728,20643.745357627395,512,512,True,True,train
train,tb0535.png,0,0.306558,0.257987,0.130699,0.128299,0.2412085,0.19383750000000002,0.3719075,0.32213650000000005,0.016768551001000002,1.0187063032447643,4395.7750336061445,512,512,True,True,train
train,tb0535.png,0,0.680924,0.252975,0.170888,0.209155,0.59548,0.14839750000000002,0.7663679999999999,0.3575525,0.03574207964,0.8170399942626282,9369.57172514816,512,512,True,True,train
train,tb1041.png,0,0.724227,0.394401,0.278668,0.392014,0.5848929999999999,0.19839400000000001,0.863561,0.590408,0.10924175735200001,0.7108623671603567,28637.07123928269,512,512,True,True,train
train,tb1041.png,0,0.315922,0.318533,0.315346,0.356944,0.15824899999999997,0.14006100000000002,0.473595,0.49700500000000003,0.112560862624,0.8834607109238425,29507.154771705857,512,512,True,True,train
train,tb1058.png,0,0.275666,0.325855,0.248426,0.162791,0.151453,0.2444595,0.39987900000000004,0.4072505,0.040441516966,1.5260425944923246,10601.501023535104,512,512,True,True,test
train,tb1015.png,0,0.347176,0.334789,0.280464,0.369697,0.206944,0.1499405,0.48740799999999995,0.5196375,0.103686699408,0.7586320689645845,27180.846129610753,512,512,True,True,test
train,tb1190.png,0,0.335841,0.232599,0.202355,0.198537,0.2346635,0.13333050000000002,0.4370185,0.3318675,0.040174954635,1.0192306723683748,10531.62330783744,512,512,True,True,train
train,tb1190.png,0,0.696655,0.244116,0.138116,0.163803,0.6275970000000001,0.16221449999999998,0.765713,0.3260175,0.022623815148,0.8431835802763075,5930.697398157312,512,512,True,True,train
train,tb1102.png,0,0.381308,0.370698,0.075298,0.06182,0.343659,0.33978800000000003,0.41895699999999997,0.401608,0.00465492236,1.2180200582335814,1220.25996713984,512,512,True,True,train
train,tb0086.png,0,0.680151,0.273022,0.23442,0.219585,0.5629409999999999,0.16322949999999997,0.797361,0.3828145,0.0514751157,1.0675592595122616,13493.8927300608,512,512,True,True,train
train,tb0627.png,0,0.650134,0.182441,0.227634,0.262425,0.5363169999999999,0.05122849999999998,0.763951,0.31365350000000003,0.05973685245,0.8674249785653043,15659.6574486528,512,512,True,True,train
train,tb0892.png,0,0.666498,0.264409,0.25339,0.295064,0.539803,0.11687700000000001,0.793193,0.411941,0.07476626696,0.8587628446709866,19599.52828596224,512,512,True,True,val
train,tb0892.png,0,0.365463,0.216694,0.201642,0.213528,0.264642,0.10993,0.466284,0.323458,0.043056212976,0.9443351691581432,11286.927894380544,512,512,True,True,val
train,tb0702.png,0,0.745096,0.371137,0.270658,0.314236,0.609767,0.214019,0.880425,0.528255,0.085050487288,0.8613207907432631,22295.474939625474,512,512,True,True,train
train,tb0826.png,0,0.297659,0.388749,0.3398,0.590504,0.127759,0.093497,0.467559,0.6840010000000001,0.20065325920000002,0.5754406405375746,52600.047979724804,512,512,True,True,test
train,tb0826.png,0,0.765785,0.350668,0.359202,0.492582,0.586184,0.10437699999999997,0.9453860000000001,0.596959,0.17693643956400001,0.7292227486997089,46382.82601306522,512,512,True,True,test
train,tb0813.png,0,0.407378,0.256979,0.182042,0.160594,0.316357,0.176682,0.49839900000000004,0.337276,0.029234852948,1.1335541801063553,7663.741291200512,512,512,True,True,train
train,tb0813.png,0,0.733082,0.240176,0.153169,0.123452,0.6564975,0.17845,0.8096665000000001,0.301902,0.018909019388,1.240717039821145,4956.885978447872,512,512,True,True,train
train,tb0083.png,0,0.684442,0.274209,0.255085,0.369107,0.5568995,0.08965549999999997,0.8119845,0.45876249999999996,0.09415365909500001,0.6910868664100112,24681.816809799682,512,512,True,True,test
train,tb0068.png,0,0.279398,0.364021,0.088108,0.083086,0.23534399999999997,0.322478,0.32345199999999996,0.405564,0.007320541288,1.0604433959993262,1919.035975401472,512,512,True,True,train
train,tb0807.png,0,0.285985,0.290084,0.261256,0.243818,0.155357,0.16817500000000002,0.416613,0.411993,0.063698915408,1.0715205604180167,16698.288480714753,512,512,True,True,train
train,tb0807.png,0,0.640904,0.282172,0.250695,0.237883,0.5155565,0.16323049999999997,0.7662515000000001,0.4011135,0.059636078685,1.0538584093861267,15633.24021080064,512,512,True,True,train
train,tb1002.png,0,0.331666,0.212686,0.31275,0.237389,0.17529100000000003,0.09399149999999999,0.488041,0.33138049999999997,0.07424340974999999,1.3174578434552568,19462.464405503997,512,512,True,True,train
train,tb1002.png,0,0.792215,0.245574,0.165809,0.17458,0.7093105,0.15828399999999998,0.8751195,0.332864,0.028946935220000004,0.9497594226142743,7588.265386311681,512,512,True,True,train
train,tb0880.png,0,0.279231,0.362603,0.280127,0.615655,0.1391675,0.05477550000000003,0.4192945,0.6704304999999999,0.172461588185,0.45500645653815863,45209.77057316864,512,512,True,True,val
train,tb0880.png,0,0.719506,0.416473,0.374207,0.709323,0.5324025,0.061811499999999964,0.9066095,0.7711345000000001,0.265433631861,0.5275551476548765,69581.83399056998,512,512,True,True,val
train,tb0056.png,0,0.626672,0.2159,0.159506,0.182493,0.546919,0.12465350000000001,0.706425,0.3071465,0.029108728458,0.874039004235779,7630.678512893952,512,512,True,True,train
train,tb0166.png,0,0.311573,0.224189,0.213776,0.207313,0.204685,0.1205325,0.41846099999999997,0.3278455,0.044318543887999995,1.0311750830869266,11617.84036897587,512,512,True,True,test
train,tb0645.png,0,0.284118,0.342599,0.25958,0.386538,0.154328,0.14933,0.41390799999999994,0.535868,0.10033753404,0.6715510506082196,26302.88252338176,512,512,True,True,train
train,tb0645.png,0,0.165491,0.61884,0.07031,0.157947,0.130336,0.5398664999999999,0.200646,0.6978135,0.01110525357,0.44514932224100484,2911.17559185408,512,512,True,True,train
train,tb0645.png,0,0.760293,0.324105,0.084972,0.093635,0.717807,0.27728749999999996,0.802779,0.3709225,0.00795635322,0.9074811769103435,2085.71025850368,512,512,True,True,train
train,tb0750.png,0,0.349014,0.318274,0.193878,0.244807,0.252075,0.1958705,0.445953,0.4406775,0.047462691545999997,0.7919626481268918,12442.059812634623,512,512,True,True,val
train,tb0799.png,0,0.668726,0.178067,0.13106,0.136105,0.6031960000000001,0.1100145,0.734256,0.2461195,0.0178379213,0.9629330296462291,4676.1040412672,512,512,True,True,train
train,tb0664.png,0,0.720846,0.267902,0.261801,0.287597,0.5899455,0.12410349999999998,0.8517465,0.41170049999999997,0.075293182197,0.910305044906588,19737.655953850368,512,512,True,True,test
train,tb0087.png,0,0.341908,0.23461,0.190221,0.232541,0.2467975,0.11833950000000001,0.4370185,0.35088050000000004,0.044234181561,0.81801058738029,11595.725291126784,512,512,True,True,train
train,tb0383.png,0,0.40349,0.288497,0.191358,0.208808,0.307811,0.184093,0.49916900000000003,0.392901,0.039957081264,0.916430404965327,10474.509110870016,512,512,True,True,train
train,tb0383.png,0,0.839237,0.361976,0.277217,0.36665,0.7006285,0.17865100000000003,0.9778455,0.545301,0.10164161305,0.7560807309423155,26644.7390113792,512,512,True,True,train
train,tb0292.png,0,0.358357,0.295525,0.2949,0.474283,0.21090699999999998,0.05838349999999998,0.505807,0.5326664999999999,0.1398660567,0.6217806668170691,36665.0475675648,512,512,True,True,train
train,tb0292.png,0,0.797936,0.195624,0.2051,0.20821,0.695386,0.09151899999999999,0.900486,0.299729,0.042703871000000004,0.9850631573891744,11194.563559424001,512,512,True,True,train
train,tb0088.png,0,0.310883,0.253487,0.122986,0.121167,0.24939000000000003,0.1929035,0.37237600000000004,0.31407050000000003,0.014901844661999999,1.0150123383429481,3906.4291670753278,512,512,True,True,val
train,tb0603.png,0,0.704364,0.272528,0.270916,0.255193,0.568906,0.1449315,0.839822,0.4001245,0.069135866788,1.0616121915569785,18123.552663273473,512,512,True,True,train
train,tb1078.png,0,0.707971,0.288106,0.210469,0.273492,0.6027365,0.15135999999999997,0.8132055,0.424852,0.057561587748,0.7695618153364632,15089.424858611712,512,512,True,True,test
train,tb1078.png,0,0.368549,0.204773,0.172846,0.124629,0.282126,0.14245850000000002,0.45497200000000004,0.26708750000000003,0.021541624134,1.386884272520842,5647.007516983296,512,512,True,True,test
train,tb0983.png,0,0.345342,0.160785,0.255071,0.233969,0.2178065,0.043800500000000006,0.47287749999999995,0.2777695,0.059678706799,1.090191435617539,15644.414915117057,512,512,True,True,test
train,tb0489.png,0,0.354471,0.278596,0.219725,0.190827,0.24460849999999998,0.18318250000000003,0.46433349999999995,0.3740095,0.041929462575,1.1514355934956795,10991.5570372608,512,512,True,True,train
train,tb0142.png,0,0.252697,0.230601,0.108894,0.104508,0.19825,0.178347,0.30714400000000003,0.282855,0.011380294152,1.041968078998737,2983.275830181888,512,512,True,True,train
train,tb0142.png,0,0.34316,0.169165,0.126141,0.158598,0.2800895,0.08986600000000002,0.40623050000000005,0.24846400000000002,0.020005710318,0.795350508833655,5244.376925601792,512,512,True,True,train
train,tb1000.png,0,0.66038,0.343122,0.228,0.294825,0.54638,0.19570949999999998,0.77438,0.4905345,0.0672201,0.7733401170185703,17621.3458944,512,512,True,True,val
train,tb0321.png,0,0.794354,0.238701,0.26875,0.156075,0.659979,0.16066350000000001,0.928729,0.3167385,0.04194515625,1.7219285599871856,10995.67104,512,512,True,True,test
train,tb0237.png,0,0.379792,0.252561,0.190135,0.238889,0.28472450000000005,0.13311649999999997,0.4748595,0.3720055,0.045421160014999996,0.7959135832960078,11906.884570972159,512,512,True,True,train
train,tb0583.png,0,0.732217,0.30047,0.237307,0.227992,0.6135635,0.18647400000000003,0.8508705,0.414466,0.054104097543999995,1.040856696726201,14183.064546574335,512,512,True,True,val
train,tb0916.png,0,0.630391,0.187216,0.192242,0.17359,0.53427,0.100421,0.726512,0.274011,0.03337128878,1.107448585748027,8748.08312594432,512,512,True,True,test
train,tb0337.png,0,0.348091,0.266873,0.264886,0.223818,0.21564799999999998,0.15496400000000005,0.480534,0.378782,0.059286254748,1.183488370014923,15541.535964659712,512,512,True,True,train
train,tb0337.png,0,0.77366,0.3026,0.305166,0.336602,0.621077,0.13429899999999997,0.926243,0.470901,0.102719485932,0.9066078038751998,26927.29692015821,512,512,True,True,train
train,tb0306.png,0,0.706672,0.287612,0.128841,0.110287,0.6422515,0.23246849999999997,0.7710925,0.3427555,0.014209487367000001,1.1682337900205828,3724.9318563348484,512,512,True,True,val
train,tb0997.png,0,0.683186,0.305204,0.24503,0.34493,0.5606709999999999,0.13273899999999997,0.805701,0.477669,0.08451819790000001,0.7103760183225581,22155.938470297602,512,512,True,True,train
train,tb0997.png,0,0.327073,0.416536,0.215706,0.140159,0.21922,0.3464565,0.43492600000000003,0.48661550000000003,0.030233137254000002,1.539009268045577,7925.4355323125765,512,512,True,True,train
train,tb0175.png,0,0.726175,0.316591,0.280177,0.381854,0.5860865,0.125664,0.8662635000000001,0.507518,0.10698670815800002,0.7337280740806695,28045.923623370756,512,512,True,True,train
train,tb0330.png,0,0.71519,0.500043,0.301714,0.507098,0.564333,0.246494,0.866047,0.753592,0.152998565972,0.5949816406296218,40107.65607816397,512,512,True,True,train
train,tb0330.png,0,0.274333,0.484959,0.265714,0.539929,0.141476,0.21499449999999998,0.40719,0.7549235,0.143466694306,0.4921276686379135,37608.933112152066,512,512,True,True,train
train,tb0721.png,0,0.406022,0.223319,0.184607,0.179525,0.3137185,0.1335565,0.4983255,0.3130815,0.033141571674999995,1.0283080350926055,8687.864165171199,512,512,True,True,train
train,tb0073.png,0,0.371967,0.243596,0.278078,0.318991,0.232928,0.0841005,0.511006,0.40309150000000005,0.088704379298,0.8717424629535001,23253.320806694912,512,512,True,True,train
train,tb0073.png,0,0.721859,0.250025,0.235961,0.356578,0.6038785,0.071736,0.8398395000000001,0.428314,0.084138501458,0.6617374038779734,22056.403326205953,512,512,True,True,train
train,tb0050.png,0,0.250333,0.322478,0.206286,0.181998,0.14719000000000004,0.231479,0.353476,0.413477,0.037543639428,1.1334520159562194,9841.839814213632,512,512,True,True,test
train,tb0050.png,0,0.810333,0.40507,0.144571,0.114738,0.7380475,0.347701,0.8826185,0.462439,0.016587787398,1.2600097613693806,4348.388939661312,512,512,True,True,test
train,tb0662.png,0,0.694692,0.292014,0.231263,0.245704,0.5790605,0.16916199999999998,0.8103235,0.414866,0.056822244152000004,0.9412260280662911,14895.610370981889,512,512,True,True,train
train,tb0288.png,0,0.736061,0.300471,0.246575,0.322071,0.6127735,0.1394355,0.8593485,0.4615065,0.079414656825,0.7655920588938464,20818.0757987328,512,512,True,True,train
train,tb0288.png,0,0.372191,0.328748,0.259418,0.276533,0.242482,0.1904815,0.5019,0.4670145,0.07173763779399998,0.9381086524935541,18805.59132187033,512,512,True,True,train
train,tb0151.png,0,0.379753,0.255628,0.116961,0.217261,0.3212725,0.1469975,0.4382335,0.36425850000000004,0.025411063821,0.5383432829638085,6661.357914292224,512,512,True,True,train
train,tb0151.png,0,0.616674,0.566691,0.193602,0.354882,0.519873,0.38925,0.7134750000000001,0.7441319999999999,0.068705864964,0.5455390805958037,18010.830265122815,512,512,True,True,train
train,tb0449.png,0,0.332094,0.413038,0.199857,0.410969,0.2321655,0.20755350000000003,0.4320225,0.6185225,0.082135031433,0.48630675306409976,21531.20567997235,512,512,True,True,train
train,tb0449.png,0,0.65704,0.43333,0.203783,0.390859,0.5551484999999999,0.2379005,0.7589315,0.6287595,0.079650419597,0.5213721572229372,20879.87959483597,512,512,True,True,train
train,tb0349.png,0,0.721276,0.233984,0.25,0.244097,0.596276,0.1119355,0.846276,0.3560325,0.06102425,1.0241830092135502,15997.140992,512,512,True,True,train
train,tb0349.png,0,0.327516,0.29197,0.264334,0.173264,0.19534899999999997,0.20533800000000002,0.45968299999999995,0.378602,0.045799566176000006,1.5256140917905625,12006.081475641346,512,512,True,True,train
train,tb0711.png,0,0.317767,0.248418,0.198818,0.210787,0.21835800000000002,0.1430245,0.417176,0.3538115,0.041908249766,0.943217560855271,10985.996226658304,512,512,True,True,val
train,tb1178.png,0,0.664379,0.410626,0.190955,0.165832,0.5689015000000001,0.32771,0.7598565,0.493542,0.031666449560000004,1.1514966954508177,8301.169753456641,512,512,True,True,test
train,tb1178.png,0,0.344446,0.300683,0.139363,0.150817,0.27476449999999997,0.2252745,0.4141275,0.37609149999999997,0.021018309571,0.9240536544288772,5509.823744180224,512,512,True,True,test
train,tb0441.png,0,0.345814,0.207988,0.245831,0.205242,0.2228985,0.105367,0.4687295,0.310609,0.050454846102,1.1977616667153896,13226.435176562689,512,512,True,True,train
train,tb0441.png,0,0.68363,0.208977,0.239376,0.177547,0.5639419999999999,0.12020349999999999,0.803318,0.29775050000000003,0.042500490672000006,1.3482401842892304,11141.24862672077,512,512,True,True,train
train,tb0441.png,0,0.225589,0.687711,0.154922,0.08457,0.148128,0.6454259999999999,0.30305000000000004,0.729996,0.013101753540000002,1.8318789168735958,3434.5460799897605,512,512,True,True,train
train,tb1045.png,0,0.296658,0.21046,0.311667,0.27547,0.14082449999999996,0.07272500000000001,0.4524915,0.34819500000000003,0.08585490849,1.1314008784985663,22506.34913120256,512,512,True,True,train
train,tb0148.png,0,0.347761,0.413724,0.301714,0.426805,0.196904,0.20032149999999999,0.498618,0.6271264999999999,0.12877304376999998,0.7069129930530336,33757.080786042876,512,512,True,True,train
train,tb0838.png,0,0.707803,0.38776,0.18374,0.154303,0.615933,0.3106085,0.799673,0.4649115,0.02835163322,1.1907739966170456,7432.21053882368,512,512,True,True,val
train,tb0838.png,0,0.221082,0.425841,0.143631,0.14639,0.1492665,0.352646,0.29289750000000003,0.49903600000000004,0.02102614209,0.9811530842270648,5511.87699204096,512,512,True,True,val
train,tb0896.png,0,0.297541,0.189194,0.287402,0.256677,0.15384,0.06085550000000001,0.441242,0.3175325,0.07376948315399999,1.119702972997191,19338.227391922173,512,512,True,True,train
train,tb0896.png,0,0.697147,0.21961,0.267717,0.278932,0.5632885,0.08014399999999999,0.8310055,0.359076,0.074674838244,0.9597930678444925,19575.560796635134,512,512,True,True,train
train,tb0801.png,0,0.14877,0.673121,0.164627,0.235411,0.06645650000000002,0.5554155,0.2310835,0.7908265,0.038755006697,0.6993173640993836,10159.392475578368,512,512,True,True,train
train,tb0017.png,0,0.304103,0.263131,0.06874,0.060336,0.269733,0.232963,0.338473,0.293299,0.00414749664,1.1392866613630337,1087.24135919616,512,512,True,True,train
train,tb0167.png,0,0.198481,0.752666,0.123832,0.129997,0.136565,0.6876675,0.260397,0.8176644999999999,0.016097788504,0.9525758286729693,4219.938669592576,512,512,True,True,train
train,tb0167.png,0,0.349849,0.245779,0.133511,0.148136,0.2830935,0.171711,0.41660450000000004,0.319847,0.019777785495999997,0.9012731543986607,5184.627801063423,512,512,True,True,train
train,tb0998.png,0,0.410089,0.178314,0.208102,0.186449,0.306038,0.0850895,0.51414,0.2715385,0.038800409798,1.1161336343986827,10171.294626086912,512,512,True,True,val
train,tb0998.png,0,0.720022,0.203289,0.211987,0.156281,0.6140285000000001,0.1251485,0.8260155,0.2814295,0.033129540347000004,1.3564476807801333,8684.710224723969,512,512,True,True,val
train,tb1134.png,0,0.390904,0.242854,0.20671,0.228487,0.28754899999999994,0.1286105,0.494259,0.35709749999999996,0.04723054777,0.9046904200238963,12381.20471461888,512,512,True,True,test
train,tb1134.png,0,0.284032,0.479006,0.064394,0.058853,0.25183500000000003,0.44957949999999997,0.316229,0.5084325,0.0037897800820000005,1.0941498309347018,993.4681098158081,512,512,True,True,test
train,tb1134.png,0,0.729107,0.245327,0.059524,0.049456,0.699345,0.220599,0.7588689999999999,0.270055,0.002943818944,1.2035748948560336,771.704473255936,512,512,True,True,test
train,tb0837.png,0,0.804822,0.416197,0.15664,0.127102,0.726502,0.352646,0.8831420000000001,0.47974799999999995,0.01990925728,1.2323960283866502,5219.09234040832,512,512,True,True,train
train,tb0777.png,0,0.288952,0.372919,0.276993,0.315969,0.1504555,0.2149345,0.4274485,0.5309035,0.087521201217,0.876646126676984,22943.157771829246,512,512,True,True,train
train,tb0777.png,0,0.728944,0.397264,0.242525,0.291794,0.6076815,0.251367,0.8502065000000001,0.543161,0.07076733985,0.8311514287476781,18551.2335376384,512,512,True,True,train
train,tb0684.png,0,0.617693,0.190925,0.189606,0.208704,0.5228900000000001,0.08657300000000001,0.712496,0.295277,0.039571530624,0.9084924103035878,10373.439323897856,512,512,True,True,train
train,tb0184.png,0,0.646989,0.216148,0.135301,0.183976,0.5793385,0.12416,0.7146395000000001,0.308136,0.024892136776000003,0.735427447058312,6525.324303007745,512,512,True,True,train
train,tb0136.png,0,0.726812,0.427297,0.20414,0.309324,0.624742,0.27263499999999996,0.828882,0.581959,0.06314540135999999,0.6599552572706935,16553.188094115838,512,512,True,True,train
train,tb0591.png,0,0.340755,0.287582,0.298611,0.344366,0.19144949999999997,0.115399,0.4900605,0.459765,0.10283147562600001,0.8671326437569331,26956.654346502146,512,512,True,True,train
train,tb0591.png,0,0.71645,0.319678,0.230556,0.29221,0.601172,0.173573,0.831728,0.46578300000000006,0.06737076876,0.7890079052736045,17660.84280582144,512,512,True,True,train
train,tb0298.png,0,0.313072,0.318769,0.254411,0.271513,0.18586650000000002,0.18301250000000002,0.4402775,0.4545255,0.069075893843,0.9370122240924007,18107.831115579393,512,512,True,True,train
train,tb0298.png,0,0.780915,0.319016,0.089357,0.091988,0.7362365000000001,0.27302200000000004,0.8255935,0.36501,0.008219771716000001,0.9713984432752099,2154.7638367191043,512,512,True,True,train
train,tb0609.png,0,0.383737,0.206257,0.195553,0.186944,0.2859605,0.112785,0.4815135,0.299729,0.036557460032,1.046051223895926,9583.318802628608,512,512,True,True,train
train,tb0609.png,0,0.695595,0.28143,0.255986,0.29179,0.5676019999999999,0.13553500000000002,0.823588,0.427325,0.07469415494,0.8772953151238905,19580.62455259136,512,512,True,True,train
train,tb1084.png,0,0.766926,0.26956,0.282609,0.228487,0.6256215,0.15531650000000002,0.9082304999999999,0.3838035,0.064572482583,1.2368712443158691,16927.28887423795,512,512,True,True,test
train,tb0999.png,0,0.327547,0.344733,0.285221,0.217606,0.18493649999999998,0.23593000000000003,0.4701575,0.453536,0.062065800925999996,1.3107221308235986,16270.177317945343,512,512,True,True,test
train,tb0999.png,0,0.807995,0.406306,0.271995,0.299209,0.6719975,0.2567015,0.9439925,0.5559105,0.081383351955,0.9090468535371596,21334.15741489152,512,512,True,True,test
train,tb0690.png,0,0.42531,0.250025,0.207974,0.17359,0.321323,0.16323,0.529297,0.33682,0.03610220666,1.1980759260326055,9463.97686267904,512,512,True,True,val
train,tb0336.png,0,0.351337,0.203143,0.196932,0.21524,0.252871,0.095523,0.449803,0.310763,0.042387643679999996,0.9149414606950381,11111.666464849919,512,512,True,True,train
train,tb0018.png,0,0.754603,0.225297,0.269099,0.273492,0.6200535,0.08855099999999999,0.8891525,0.362043,0.073596423708,0.9839373729396106,19292.860896509952,512,512,True,True,train
train,tb0138.png,0,0.339747,0.289548,0.267893,0.294732,0.20580050000000003,0.14218200000000003,0.4736935,0.436914,0.078956639676,0.908937611117897,20698.009351225344,512,512,True,True,train
train,tb0138.png,0,0.69412,0.251277,0.225149,0.224155,0.5815454999999999,0.13919949999999998,0.8066945,0.36335449999999997,0.050468274094999994,1.0044344315317526,13229.955244359679,512,512,True,True,train
train,tb0307.png,0,0.282826,0.219463,0.217676,0.168566,0.17398800000000003,0.13518,0.391664,0.30374599999999996,0.036692772616,1.2913398906066467,9618.790184648704,512,512,True,True,train
train,tb0289.png,0,0.300147,0.231479,0.215036,0.207715,0.192629,0.1276215,0.407665,0.3353365,0.04466620274,1.0352454083720481,11708.97705107456,512,512,True,True,train
train,tb0118.png,0,0.265527,0.279451,0.220866,0.191889,0.155094,0.18350650000000002,0.37596,0.3753955,0.042381755874000004,1.1510091771805575,11110.123011833857,512,512,True,True,train
train,tb0244.png,0,0.250317,0.280193,0.145857,0.086548,0.1773885,0.23691900000000002,0.3232455,0.323467,0.012623631635999999,1.6852729121412393,3309.2092915875837,512,512,True,True,train
train,tb0478.png,0,0.323886,0.351246,0.259814,0.34808,0.193979,0.177206,0.453793,0.525286,0.09043605712,0.7464203631349114,23707.26975766528,512,512,True,True,train
train,tb0900.png,0,0.267256,0.540332,0.290268,0.227003,0.12212199999999998,0.4268305,0.41239000000000003,0.6538335000000001,0.06589170680400001,1.2786967573115775,17273.11558842778,512,512,True,True,train
train,tb0512.png,0,0.669175,0.226566,0.248751,0.282998,0.5447995,0.08506699999999998,0.7935504999999999,0.368065,0.07039603549800001,0.8789850104947737,18453.898329587715,512,512,True,True,test
train,tb0512.png,0,0.324242,0.28397,0.252677,0.4234,0.19790349999999998,0.07227,0.45058049999999994,0.49567,0.1069834418,0.5967808219178082,28045.0673672192,512,512,True,True,test
train,tb1129.png,0,0.707215,0.309314,0.297381,0.425944,0.5585245000000001,0.09634199999999998,0.8559055,0.522286,0.126667652664,0.6981692429051707,33205.16513995162,512,512,True,True,val
train,tb0576.png,0,0.750724,0.325652,0.085653,0.085558,0.7078975,0.282873,0.7935504999999999,0.368431,0.007328299374,1.0011103578858787,1921.069711097856,512,512,True,True,train
train,tb0576.png,0,0.300866,0.293294,0.134547,0.156856,0.23359250000000004,0.214866,0.3681395,0.371722,0.021104504232,0.8577740092823992,5532.419157393408,512,512,True,True,train
train,tb0708.png,0,0.257739,0.343497,0.373432,0.349654,0.071023,0.16867,0.444455,0.518324,0.130571992528,1.0680043700343766,34228.66440926003,512,512,True,True,test
train,tb0708.png,0,0.765436,0.451311,0.269099,0.245796,0.6308865,0.328413,0.8999855,0.574209,0.066143457804,1.094806262103533,17339.110602571775,512,512,True,True,test
train,tb0708.png,0,0.659392,0.245574,0.242873,0.153808,0.5379555,0.16867,0.7808284999999999,0.322478,0.037355810384,1.579066108394882,9792.601557303296,512,512,True,True,test
train,tb0700.png,0,0.266062,0.243843,0.273282,0.245302,0.129421,0.12119200000000001,0.40270300000000003,0.366494,0.067036621164,1.1140634809337064,17573.248018415616,512,512,True,True,train
train,tb0504.png,0,0.68968,0.253483,0.27551,0.250585,0.551925,0.1281905,0.8274349999999999,0.37877550000000004,0.06903867335,1.0994672466428557,18098.0739866624,512,512,True,True,train
train,tb0504.png,0,0.310088,0.278743,0.342449,0.347942,0.13886349999999997,0.10477200000000003,0.4813125,0.452714,0.119152389958,0.984212886055722,31235.08411314995,512,512,True,True,train
train,tb0047.png,0,0.269229,0.309867,0.2068,0.230959,0.165829,0.1943875,0.372629,0.4253465,0.0477623212,0.8953970185184384,12520.6059286528,512,512,True,True,train
train,tb0323.png,0,0.69964,0.335435,0.180687,0.171301,0.6092965,0.24978449999999996,0.7899835000000001,0.4210855,0.030951863787,1.0547924413751233,8113.845380579328,512,512,True,True,train
train,tb0323.png,0,0.361412,0.298196,0.178198,0.228898,0.272313,0.18374700000000002,0.450511,0.41264500000000004,0.040789165803999994,0.7785039624636301,10692.635080523774,512,512,True,True,train
train,tb0246.png,0,0.728967,0.359158,0.228954,0.28638,0.61449,0.21596799999999997,0.8434440000000001,0.502348,0.06556784652,0.7994762204064528,17188.21755813888,512,512,True,True,train
train,tb0246.png,0,0.340297,0.29966,0.215578,0.17957,0.23250800000000002,0.20987499999999998,0.448086,0.389445,0.03871134146,1.2005234727404355,10147.94589569024,512,512,True,True,train
train,tb0532.png,0,0.189709,0.400866,0.172915,0.104352,0.10325149999999998,0.34869,0.2761665,0.453042,0.01804402608,1.6570358019012574,4730.13317271552,512,512,True,True,val
train,tb1138.png,0,0.27298,0.203784,0.197867,0.147379,0.1740465,0.1300945,0.3719135,0.2774735,0.029161440593,1.3425725510418716,7644.496682811392,512,512,True,True,test
train,tb0766.png,0,0.696216,0.278354,0.155369,0.172687,0.6185314999999999,0.19201049999999997,0.7739005,0.3646975,0.026830206503,0.8997145123836768,7033.377653522432,512,512,True,True,train
train,tb0882.png,0,0.757913,0.452053,0.104502,0.07913,0.7056619999999999,0.41248799999999997,0.810164,0.491618,0.00826924326,1.3206369265765194,2167.73250514944,512,512,True,True,train
train,tb0882.png,0,0.854912,0.858581,0.089494,0.077151,0.810165,0.8200055,0.899659,0.8971565,0.006904551594,1.1599849645500384,1809.986773057536,512,512,True,True,train
train,tb0053.png,0,0.696404,0.177999,0.327465,0.2343,0.5326715,0.060848999999999986,0.8601365000000001,0.295149,0.0767250495,1.3976312419974393,20113.011376128,512,512,True,True,train
train,tb0053.png,0,0.307906,0.177093,0.294601,0.228865,0.1606055,0.0626605,0.4552065,0.2915255,0.067423857865,1.2872260939855373,17674.75979616256,512,512,True,True,train
train,tb0316.png,0,0.684677,0.320611,0.243042,0.266402,0.563156,0.18740999999999997,0.806198,0.453812,0.06474687488400001,0.9123129706233436,16973.004769591298,512,512,True,True,train
train,tb0316.png,0,0.350433,0.324091,0.266402,0.331014,0.21723199999999998,0.15858400000000003,0.483634,0.489598,0.088182791628,0.8048058390279567,23116.58972853043,512,512,True,True,train
train,tb0666.png,0,0.346276,0.25204,0.273187,0.285069,0.20968249999999997,0.10950549999999998,0.48286949999999995,0.3945745,0.077877144903,0.9583188631524298,20415.026273452033,512,512,True,True,train
train,tb0666.png,0,0.702305,0.284158,0.244941,0.345833,0.5798344999999999,0.11124150000000002,0.8247755,0.45707450000000005,0.084708680853,0.7082638151940387,22205.87243352883,512,512,True,True,train
train,tb0804.png,0,0.605551,0.237804,0.193929,0.182292,0.5085864999999999,0.14665799999999998,0.7025155,0.32894999999999996,0.035351705268,1.063837140412086,9267.237425774592,512,512,True,True,train
train,tb0804.png,0,0.297372,0.249262,0.219224,0.240625,0.18776000000000004,0.1289495,0.406984,0.36957450000000003,0.052750775,0.9110607792207792,13828.2991616,512,512,True,True,train
train,tb0382.png,0,0.272258,0.471588,0.176279,0.131058,0.18411850000000002,0.406059,0.3603975,0.5371170000000001,0.023102773182000002,1.345045704955058,6056.2533730222085,512,512,True,True,test
train,tb0830.png,0,0.70378,0.234852,0.233558,0.254861,0.587001,0.1074215,0.8205589999999999,0.3622825,0.059524825438,0.9164132605616394,15604.075839619072,512,512,True,True,train
train,tb0830.png,0,0.360821,0.208811,0.254216,0.180556,0.233713,0.118533,0.487929,0.299089,0.045900224095999996,1.407962072708744,12032.468345421823,512,512,True,True,train
train,tb0335.png,0,0.325547,0.303445,0.253667,0.244252,0.1987135,0.181319,0.45238049999999996,0.42557100000000003,0.061958672083999994,1.0385462555066078,16242.094134788094,512,512,True,True,train
train,tb0335.png,0,0.676214,0.402412,0.179667,0.202932,0.5863805,0.300946,0.7660475,0.503878,0.036460183644,0.8853556856483945,9557.818381172736,512,512,True,True,train
train,tb0095.png,0,0.369552,0.108828,0.129032,0.176063,0.305036,0.020796499999999996,0.434068,0.1968595,0.022717761016,0.7328740280467788,5955.324743778304,512,512,True,True,train
train,tb0095.png,0,0.696434,0.140975,0.189247,0.151335,0.6018105,0.06530749999999999,0.7910575,0.2166425,0.028639694745,1.2505170647900354,7507.72413923328,512,512,True,True,train
train,tb0248.png,0,0.683074,0.254476,0.204278,0.168645,0.580935,0.17015349999999999,0.7852129999999999,0.3387985,0.03445046331,1.2112899878442882,9030.98225393664,512,512,True,True,train
train,tb1174.png,0,0.67291,0.259597,0.230005,0.310482,0.5579075,0.10435600000000003,0.7879125,0.41483800000000004,0.07141241240999999,0.7407997887156099,18720.335438807037,512,512,True,True,test
train,tb1181.png,0,0.38991,0.315049,0.229122,0.251554,0.27534899999999995,0.18927200000000002,0.504471,0.44082600000000005,0.057636555587999995,0.9108263036962242,15109.07722806067,512,512,True,True,train
train,tb1185.png,0,0.815134,0.493101,0.305046,0.444115,0.6626110000000001,0.2710435,0.967657,0.7151585,0.13547550429,0.6868626369296241,35514.09059659776,512,512,True,True,train
train,tb1186.png,0,0.309926,0.368574,0.258946,0.29672,0.18045299999999997,0.22021400000000002,0.439399,0.516934,0.07683445712,0.8726947964410893,20141.69192726528,512,512,True,True,test
train,tb1186.png,0,0.611367,0.318623,0.204771,0.189861,0.5089815,0.2236925,0.7137525,0.4135535,0.038878026831,1.0785311359362904,10191.641465585664,512,512,True,True,test
train,tb0615.png,0,0.354579,0.327918,0.258985,0.30366,0.22508649999999997,0.176088,0.4840715,0.47974799999999995,0.0786433851,0.8528782190607918,20615.8915436544,512,512,True,True,train
train,tb0615.png,0,0.726798,0.289837,0.108956,0.097923,0.67232,0.24087550000000002,0.7812760000000001,0.3387985,0.010669298387999999,1.1126701592067236,2796.8925566238718,512,512,True,True,train
train,tb1100.png,0,0.692284,0.20249,0.241927,0.248128,0.5713205,0.07842600000000001,0.8132475,0.326554,0.060028862656,0.9750088663915399,15736.206172094464,512,512,True,True,train
train,tb1100.png,0,0.34678,0.247672,0.191754,0.188717,0.250903,0.1533135,0.44265699999999997,0.3420305,0.036187239618,1.016092879814749,9486.267742420992,512,512,True,True,train
train,tb0968.png,0,0.77446,0.319511,0.296402,0.274975,0.626259,0.18202349999999998,0.9226610000000001,0.4569985,0.08150313995000001,1.0779234475861441,21365.559119052803,512,512,True,True,train
train,tb0968.png,0,0.319292,0.347453,0.268989,0.24184,0.18479750000000003,0.226533,0.4537865,0.46837300000000004,0.06505229976,1.112260172014555,17053.07006828544,512,512,True,True,train
train,tb0063.png,0,0.369919,0.331769,0.275943,0.378874,0.2319475,0.142332,0.5078905,0.521206,0.10454762818199999,0.7283239282716681,27406.533442142205,512,512,True,True,train
train,tb1123.png,0,0.349014,0.231479,0.238908,0.197824,0.22956,0.132567,0.468468,0.330391,0.047261736192000005,1.2076795535425429,12389.38057231565,512,512,True,True,train
train,tb1123.png,0,0.722165,0.225297,0.215017,0.210188,0.6146564999999999,0.12020299999999999,0.8296735,0.330391,0.045193993196,1.0229746702951643,11847.334152372225,512,512,True,True,train
train,tb0579.png,0,0.299279,0.227344,0.197535,0.232429,0.2005115,0.11112949999999999,0.3980465,0.3435585,0.045912862515,0.8498724341626905,12035.78143113216,512,512,True,True,test
train,tb0923.png,0,0.727214,0.257938,0.290525,0.325915,0.5819515000000001,0.0949805,0.8724765,0.4208955,0.09468645537499999,0.891413405335747,24821.486157823998,512,512,True,True,train
train,tb0194.png,0,0.809471,0.420154,0.209529,0.21909,0.7047065,0.310609,0.9142355000000001,0.529699,0.04590570861,0.9563603998356839,12033.90607785984,512,512,True,True,train
train,tb0990.png,0,0.303064,0.370269,0.248314,0.301389,0.17890699999999998,0.2195745,0.427221,0.5209635,0.074839108146,0.8238986824336655,19618.623165825025,512,512,True,True,train
train,tb0990.png,0,0.804118,0.538845,0.117201,0.084375,0.7455175,0.49665750000000003,0.8627184999999999,0.5810325000000001,0.009888834375,1.3890488888888888,2592.2985984,512,512,True,True,train
train,tb0091.png,0,0.292756,0.282016,0.295238,0.412512,0.14513700000000002,0.07576,0.440375,0.488272,0.121789217856,0.7157076642618881,31926.312725643264,512,512,True,True,train
train,tb0091.png,0,0.703338,0.31574,0.291005,0.434018,0.5578355,0.09873100000000001,0.8488405,0.532749,0.12630140809,0.6704906248127958,33109.15632234496,512,512,True,True,train
train,tb0758.png,0,0.704134,0.322488,0.255592,0.366789,0.576338,0.1390935,0.8319300000000001,0.5058825,0.09374833408799998,0.6968366008795247,24575.563291164668,512,512,True,True,train
train,tb0398.png,0,0.394337,0.307769,0.226813,0.226389,0.28093049999999997,0.1945745,0.5077435,0.42096350000000005,0.051347968257,1.0018728825163765,13460.561790763008,512,512,True,True,test
train,tb0398.png,0,0.815711,0.49388,0.305649,0.434028,0.6628864999999999,0.27686599999999995,0.9685355,0.710894,0.13266022417200002,0.704214935441953,34776.08180534477,512,512,True,True,test
train,tb0979.png,0,0.37766,0.302737,0.183412,0.20402,0.285954,0.200727,0.469366,0.40474699999999997,0.03741971624,0.8989902950691108,9809.35409401856,512,512,True,True,train
train,tb0452.png,0,0.290251,0.256702,0.260753,0.263106,0.15987449999999997,0.12514899999999998,0.4206275,0.388255,0.068605678818,0.9910568364081397,17984.567068065793,512,512,True,True,train
train,tb0313.png,0,0.278602,0.351302,0.313248,0.525543,0.121978,0.08853050000000001,0.435226,0.6140734999999999,0.164625293664,0.5960463748922543,43155.532982255616,512,512,True,True,test
train,tb0260.png,0,0.678464,0.252023,0.152087,0.185885,0.6024204999999999,0.1590805,0.7545075,0.3449655,0.028270691995,0.818177905694381,7410.99228233728,512,512,True,True,train
train,tb0453.png,0,0.687651,0.458094,0.217536,0.242059,0.578883,0.3370645,0.796419,0.5791235,0.052656546624,0.8986899888043824,13803.597758201857,512,512,True,True,val
train,tb0453.png,0,0.272742,0.402427,0.254902,0.404881,0.14529099999999998,0.19998649999999998,0.400193,0.6048675,0.103204976662,0.629572639862083,27054.565402083328,512,512,True,True,val
train,tb0361.png,0,0.606824,0.248541,0.148088,0.164688,0.53278,0.166197,0.680868,0.330885,0.024388316544,0.8992033420771398,6393.250852110336,512,512,True,True,train
train,tb0827.png,0,0.684521,0.231713,0.18808,0.190289,0.590481,0.13656849999999998,0.7785610000000001,0.3268575,0.035789555120000004,0.9883913415909484,9382.017137377281,512,512,True,True,train
train,tb0077.png,0,0.285355,0.395171,0.280119,0.393654,0.14529550000000002,0.198344,0.42541450000000003,0.591998,0.110269964826,0.7115868249782804,28906.609659346945,512,512,True,True,train
train,tb0874.png,0,0.277568,0.270124,0.320593,0.345074,0.11727149999999997,0.09758699999999998,0.4378645,0.44266099999999997,0.11062830888200001,0.9290557967276585,29000.54740356301,512,512,True,True,test
train,tb0874.png,0,0.693711,0.277526,0.280091,0.288412,0.5536654999999999,0.13332,0.8337565,0.421732,0.08078160549199999,0.9711489119731495,21176.413190094845,512,512,True,True,test
train,tb0069.png,0,0.68502,0.329297,0.261804,0.319444,0.554118,0.169575,0.8159219999999999,0.489019,0.083631716976,0.8195614880855485,21923.552814956543,512,512,True,True,train
train,tb0888.png,0,0.238984,0.505465,0.216397,0.363007,0.1307855,0.3239615,0.3471825,0.6869685000000001,0.078553625779,0.5961234907315837,20592.361676210177,512,512,True,True,val
train,tb0888.png,0,0.708867,0.370945,0.240379,0.338279,0.5886775,0.20180550000000003,0.8290565000000001,0.5400845000000001,0.081315167741,0.7105939180380692,21316.283332296705,512,512,True,True,val
train,tb0042.png,0,0.708331,0.312757,0.38512,0.452635,0.515771,0.0864395,0.9008910000000001,0.5390745,0.17431879120000002,0.850840080859854,45696.625200332805,512,512,True,True,train
train,tb0042.png,0,0.277697,0.325432,0.395624,0.473983,0.07988500000000004,0.0884405,0.475509,0.5624235,0.18751905039199998,0.8346797248002565,49156.99394596044,512,512,True,True,train
train,tb0300.png,0,0.745407,0.198591,0.190661,0.179525,0.6500765000000001,0.1088285,0.8407375,0.2883535,0.034228416025,1.0620303578888735,8972.7738904576,512,512,True,True,train
train,tb0114.png,0,0.697053,0.438851,0.159519,0.164648,0.6172935,0.356527,0.7768125,0.5211749999999999,0.026264484311999996,0.9688486953986687,6885.076975484927,512,512,True,True,train
train,tb0114.png,0,0.360233,0.218311,0.226464,0.273128,0.24700100000000003,0.08174700000000001,0.473465,0.354875,0.06185365939199999,0.8291497027034944,16214.565687656446,512,512,True,True,train
train,tb1116.png,0,0.401442,0.334685,0.163754,0.180466,0.319565,0.244452,0.48331900000000005,0.424918,0.029552029364,0.9073952988374543,7746.887185596416,512,512,True,True,train
train,tb0380.png,0,0.767542,0.270055,0.237385,0.278932,0.6488495,0.13058899999999998,0.8862344999999999,0.409521,0.06621427282,0.8510497182108901,17357.67433412608,512,512,True,True,test
train,tb0366.png,0,0.275137,0.310763,0.108857,0.097971,0.22070850000000003,0.2617775,0.3295655,0.3597485,0.010664829147,1.1111145134784783,2795.720971911168,512,512,True,True,train
train,tb0601.png,0,0.627023,0.412063,0.213221,0.141153,0.5204125,0.3414865,0.7336335,0.4826395,0.030096783813,1.5105665483553308,7889.691295875072,512,512,True,True,train
train,tb0601.png,0,0.194617,0.296506,0.106859,0.110835,0.14118750000000002,0.24108849999999998,0.2480465,0.3519235,0.011843717265,0.9641268552352595,3104.75941871616,512,512,True,True,train
train,tb0616.png,0,0.306576,0.221447,0.102427,0.117002,0.2553625,0.162946,0.35778950000000004,0.279948,0.011984163854,0.8754294798379516,3141.576649342976,512,512,True,True,train
train,tb0347.png,0,0.347564,0.312092,0.287905,0.24728,0.20361149999999997,0.18845199999999998,0.4915165,0.435732,0.0711931484,1.164287447428017,18662.8566941696,512,512,True,True,train
train,tb1191.png,0,0.340796,0.287804,0.307757,0.295486,0.1869175,0.140061,0.4946745,0.435547,0.09093788490200001,1.041528194229168,23838.82089974989,512,512,True,True,train
train,tb0487.png,0,0.38759,0.303531,0.19379,0.151737,0.290695,0.2276625,0.484485,0.3793995,0.029405113230000002,1.2771440057467853,7708.3740025651205,512,512,True,True,test
train,tb0079.png,0,0.773261,0.340035,0.217811,0.242829,0.6643555,0.2186205,0.8821665,0.46144949999999996,0.052890827319,0.8969727668441578,13865.013036711936,512,512,True,True,test
train,tb0079.png,0,0.315375,0.256207,0.282725,0.274975,0.17401250000000001,0.1187195,0.4567375,0.39369450000000006,0.07774230687500001,1.028184380398218,20379.679293440004,512,512,True,True,test
train,tb0964.png,0,0.42479,0.21417,0.223856,0.136499,0.312862,0.1459205,0.536718,0.2824195,0.030556120144000002,1.6399827104960474,8010.1035590287365,512,512,True,True,train
train,tb0964.png,0,0.80333,0.381825,0.124728,0.130564,0.740966,0.316543,0.865694,0.44710700000000003,0.016284986592000002,0.9553016145338684,4269.011525173249,512,512,True,True,train
train,tb0867.png,0,0.166993,0.875396,0.150997,0.132542,0.0914945,0.809125,0.2424915,0.9416669999999999,0.020013444374,1.1392388827692355,5246.404361977856,512,512,True,True,train
train,tb0168.png,0,0.296674,0.248789,0.234554,0.209693,0.17939699999999997,0.14394250000000003,0.413951,0.3536355,0.049184331922,1.1185590363054563,12893.377507360769,512,512,True,True,train
train,tb0216.png,0,0.664446,0.171143,0.1771,0.144411,0.575896,0.09893749999999998,0.752996,0.2433485,0.025575188100000004,1.226360872786699,6704.382109286401,512,512,True,True,val
train,tb1005.png,0,0.743717,0.524272,0.195943,0.336962,0.6457455,0.35579099999999997,0.8416885,0.692753,0.066025345166,0.5814988040194444,17308.148083195905,512,512,True,True,train
train,tb1005.png,0,0.313237,0.250892,0.272143,0.250371,0.17716549999999998,0.1257065,0.4493085,0.3760775,0.06813671505300001,1.086958952913876,17861.631030853634,512,512,True,True,train
train,tb1005.png,0,0.662322,0.170239,0.14003,0.154379,0.5923069999999999,0.09304950000000001,0.732337,0.2474285,0.021617691369999997,0.9070534204781738,5666.948086497279,512,512,True,True,train
train,tb0355.png,0,0.346705,0.192409,0.137636,0.135509,0.277887,0.1246545,0.415523,0.2601635,0.018650916724,1.0156963744105558,4889.225913696256,512,512,True,True,train
train,tb0309.png,0,0.282311,0.31138,0.307953,0.304667,0.1283345,0.15904649999999998,0.43628749999999994,0.4637135,0.093823116651,1.010785546186492,24595.167091359745,512,512,True,True,train
train,tb0221.png,0,0.256194,0.320659,0.319611,0.358238,0.09638849999999999,0.14154000000000003,0.41599949999999997,0.49977800000000006,0.11449680541799999,0.892175034474288,30014.65055949619,512,512,True,True,train
train,tb0221.png,0,0.731609,0.427537,0.13036,0.092034,0.6664289999999999,0.38151999999999997,0.796789,0.47355400000000003,0.01199755224,1.4164330573483712,3145.08633440256,512,512,True,True,train
train,tb0419.png,0,0.627539,0.281924,0.270964,0.222552,0.49205699999999997,0.17064800000000002,0.763021,0.3932,0.060303580127999995,1.2175311837233544,15808.22170907443,512,512,True,True,val
train,tb0419.png,0,0.256746,0.361301,0.332573,0.423838,0.09045949999999997,0.149382,0.4230325,0.57322,0.140957075174,0.7846700862121849,36951.051514413055,512,512,True,True,val
train,tb0875.png,0,0.304539,0.209332,0.251265,0.265625,0.1789065,0.07651949999999999,0.43017150000000004,0.34214449999999996,0.066742265625,0.9459388235294118,17496.08448,512,512,True,True,train
train,tb0875.png,0,0.729919,0.276519,0.204047,0.229861,0.6278954999999999,0.16158850000000002,0.8319425,0.3914495,0.046902447467,0.8876973475274187,12295.195188789248,512,512,True,True,train
train,tb0816.png,0,0.360124,0.180949,0.226143,0.263419,0.2470525,0.04923949999999999,0.4731955,0.3126585,0.059570362917000005,0.8584916046298863,15616.01321651405,512,512,True,True,train
train,tb0897.png,0,0.325085,0.265691,0.230616,0.243042,0.20977700000000002,0.14417000000000002,0.44039300000000003,0.387212,0.056049373872,0.9488730342903695,14693.007064301568,512,512,True,True,train
train,tb0242.png,0,0.753738,0.335547,0.250843,0.238889,0.6283165000000001,0.21610249999999998,0.8791595,0.4549915,0.059923633426999995,1.0500399767255921,15708.620961087487,512,512,True,True,test
train,tb0202.png,0,0.824917,0.652597,0.219945,0.218101,0.7149445,0.5435464999999999,0.9348895,0.7616475,0.047970224445,1.0084547984649315,12575.10651691008,512,512,True,True,train
train,tb0174.png,0,0.809851,0.471341,0.262806,0.328388,0.6784479999999999,0.307147,0.941254,0.635535,0.086302336728,0.8002911190421086,22623.639759224832,512,512,True,True,train
train,tb0559.png,0,0.323273,0.290022,0.330491,0.193004,0.1580275,0.19352,0.48851849999999997,0.386524,0.063786084964,1.7123531118526039,16721.139456802815,512,512,True,True,train
train,tb0031.png,0,0.366727,0.230899,0.238548,0.240591,0.24745300000000003,0.1106035,0.486001,0.35119449999999997,0.057392501868000004,0.9915084105390476,15045.100009684993,512,512,True,True,train
train,tb0681.png,0,0.739194,0.175825,0.268128,0.245833,0.6051300000000001,0.05290850000000001,0.873258,0.2987415,0.06591471062399999,1.0906916483954554,17279.145901817854,512,512,True,True,train
train,tb1029.png,0,0.632455,0.25052,0.209677,0.166667,0.5276164999999999,0.16718650000000002,0.7372935,0.3338535,0.034946236559000005,1.2580594838810322,9160.946236522497,512,512,True,True,train
train,tb0978.png,0,0.357026,0.336506,0.302465,0.351007,0.20579350000000002,0.16100250000000002,0.5082585,0.5120095,0.106167332255,0.861706461694496,27831.12914665472,512,512,True,True,train
train,tb0978.png,0,0.721462,0.369733,0.28838,0.358077,0.577272,0.1906945,0.8656520000000001,0.5487715,0.10326224526,0.8053575069049396,27069.57802143744,512,512,True,True,train
train,tb0797.png,0,0.125039,0.755126,0.094622,0.100348,0.07772800000000002,0.7049519999999999,0.17235,0.8053,0.009495128456,0.9429385737633036,2489.090953969664,512,512,True,True,test
train,tb0271.png,0,0.439668,0.271291,0.170811,0.183482,0.35426250000000004,0.17955,0.5250735,0.363032,0.031340743902,0.9309414547476046,8215.787969445888,512,512,True,True,train
train,tb0271.png,0,0.703452,0.243596,0.197838,0.150841,0.604533,0.1681755,0.802371,0.31901650000000004,0.029842081758000003,1.3115664839135248,7822.922680369153,512,512,True,True,train
train,tb0424.png,0,0.292479,0.262764,0.244825,0.279342,0.1700665,0.12309300000000001,0.41489149999999997,0.402435,0.06838990514999999,0.8764346213601965,17928.003295641596,512,512,True,True,train
train,tb0424.png,0,0.683986,0.288358,0.20985,0.207678,0.5790609999999999,0.184519,0.788911,0.392197,0.043581228300000004,1.0104584982521019,11424.557511475201,512,512,True,True,train
train,tb0839.png,0,0.799617,0.440826,0.1399,0.160878,0.7296670000000001,0.360387,0.869567,0.521265,0.0225068322,0.8696030532453164,5900.0310202368,512,512,True,True,val
train,tb0839.png,0,0.336734,0.517425,0.187723,0.468373,0.2428725,0.28323850000000006,0.43059549999999996,0.7516115,0.087924384679,0.40079808187064586,23048.849897291777,512,512,True,True,val
train,tb0570.png,0,0.361735,0.310856,0.329897,0.338773,0.19678649999999998,0.14146950000000003,0.5266835,0.4802425,0.111760196381,0.9737995649003905,29297.264920100864,512,512,True,True,train
train,tb0570.png,0,0.774679,0.27871,0.269187,0.250742,0.6400855,0.153339,0.9092725,0.404081,0.06749648675400001,1.0735616689665073,17693.79902364058,512,512,True,True,train
train,tb0945.png,0,0.710526,0.29579,0.225127,0.207986,0.5979625,0.191797,0.8230895,0.399783,0.046823264222,1.0824142009558335,12274.437776211968,512,512,True,True,train
train,tb0945.png,0,0.303485,0.249609,0.292159,0.192708,0.1574055,0.153255,0.44956450000000003,0.345963,0.056301376571999996,1.5160709467173132,14759.068060090367,512,512,True,True,train
train,tb0200.png,0,0.707005,0.443751,0.310849,0.585009,0.5515805,0.1512465,0.8624295,0.7362555,0.181849462641,0.5313576372329314,47670.7455345623,512,512,True,True,val
train,tb0200.png,0,0.310859,0.436804,0.315846,0.58574,0.152936,0.143934,0.46878200000000003,0.729674,0.18500363604000003,0.5392255949738792,48497.59316606977,512,512,True,True,val
train,tb0541.png,0,0.708453,0.361796,0.263579,0.328882,0.5766635,0.197355,0.8402425,0.5262370000000001,0.086686388678,0.8014394220419482,22724.316673605634,512,512,True,True,train
train,tb0541.png,0,0.297361,0.336079,0.305889,0.364491,0.14441649999999998,0.1538335,0.4503055,0.5183245000000001,0.111493787499,0.8392223676304765,29227.427430137857,512,512,True,True,train
train,tb0763.png,0,0.382047,0.126138,0.12,0.138477,0.322047,0.056899500000000006,0.442047,0.1953765,0.01661724,0.8665698996945341,4356.10976256,512,512,True,True,train
train,tb0763.png,0,0.687475,0.142458,0.164,0.115727,0.605475,0.0845945,0.7694749999999999,0.20032149999999999,0.018979228,1.4171282414648267,4975.290744832,512,512,True,True,train
train,tb0594.png,0,0.726942,0.306138,0.223223,0.298562,0.6153305,0.15685700000000002,0.8385535,0.455419,0.066645905326,0.7476604524353401,17470.824205778943,512,512,True,True,val
train,tb1054.png,0,0.396504,0.211443,0.170732,0.122012,0.311138,0.150437,0.48187,0.272449,0.020831352783999998,1.3993049863947808,5460.814144208895,512,512,True,True,train
train,tb0692.png,0,0.707575,0.356033,0.306071,0.427778,0.5545395,0.142144,0.8606105,0.569922,0.130930440238,0.7154902776673882,34322.62932575027,512,512,True,True,val
train,tb0692.png,0,0.325197,0.334332,0.340641,0.340625,0.1548765,0.1640195,0.49551750000000006,0.5046445,0.116030840625,1.0000469724770642,30416.7886848,512,512,True,True,val
train,tb0283.png,0,0.308373,0.43598,0.350083,0.547478,0.13333150000000002,0.16224099999999997,0.48341449999999997,0.709719,0.191662740674,0.6394466992280968,50243.237491245054,512,512,True,True,test
train,tb0283.png,0,0.737417,0.47777,0.366648,0.633037,0.554093,0.1612515,0.920741,0.7942885,0.23210174997599997,0.5791888941720627,60844.08114570854,512,512,True,True,test
train,tb0282.png,0,0.297548,0.297651,0.194121,0.227115,0.20048749999999999,0.1840935,0.3946085,0.4112085,0.044087790915,0.8547255795522092,11557.34986162176,512,512,True,True,val
train,tb0834.png,0,0.616265,0.196361,0.204082,0.211205,0.5142239999999999,0.0907585,0.718306,0.3019635,0.043103138810000004,0.9662744726687342,11299.229220208641,512,512,True,True,test
train,tb0834.png,0,0.323084,0.210243,0.196117,0.154685,0.2250255,0.13290050000000003,0.4211425,0.2875855,0.030336358145,1.267847561172706,7952.49426956288,512,512,True,True,test
train,tb0834.png,0,0.193169,0.414259,0.15331,0.176996,0.116514,0.32576099999999997,0.269824,0.502757,0.027135256759999997,0.8661777667291917,7113.344748093439,512,512,True,True,test
train,tb0049.png,0,0.710176,0.3796,0.280323,0.474283,0.5700145000000001,0.1424585,0.8503375,0.6167415,0.132952433409,0.5910458523708418,34852.6827035689,512,512,True,True,train
train,tb1170.png,0,0.305981,0.230243,0.258562,0.221068,0.1767,0.11970900000000001,0.43526200000000004,0.340777,0.057159784216,1.169603922774893,14984.094473519104,512,512,True,True,train
train,tb1170.png,0,0.638172,0.173863,0.131849,0.130069,0.5722475,0.1088285,0.7040964999999999,0.23889749999999998,0.017149467580999996,1.013685044091982,4495.630029553663,512,512,True,True,train
train,tb0955.png,0,0.319127,0.196118,0.281447,0.221068,0.1784035,0.085584,0.4598505,0.306652,0.062218925396,1.273124106609731,16310.317979009023,512,512,True,True,test
train,tb1143.png,0,0.348545,0.199333,0.299003,0.242334,0.19904349999999998,0.07816600000000001,0.4980465,0.3205,0.072458593002,1.2338466744245546,18994.585403916288,512,512,True,True,train
train,tb1143.png,0,0.781269,0.295772,0.141196,0.177052,0.710671,0.20724599999999999,0.8518669999999999,0.384298,0.024999034191999996,0.7974832252671531,6553.346819227647,512,512,True,True,train
train,tb0496.png,0,0.680498,0.268077,0.239554,0.182987,0.560721,0.1765835,0.8002750000000001,0.3595705,0.043835267798000004,1.3091312497609118,11491.152441638913,512,512,True,True,train
train,tb0496.png,0,0.342615,0.263378,0.253482,0.200297,0.215874,0.1632295,0.469356,0.3635265,0.050771684154,1.265530686929909,13309.492370866175,512,512,True,True,train
train,tb0104.png,0,0.707183,0.351429,0.289079,0.418647,0.5626435000000001,0.1421055,0.8517224999999999,0.5607525,0.12102205611299999,0.6905077547432562,31725.20587768627,512,512,True,True,test
train,tb0104.png,0,0.361894,0.309564,0.243041,0.248629,0.2403735,0.1852495,0.48341449999999997,0.4338785,0.060427040789,0.9775247457054488,15840.586180591616,512,512,True,True,test
train,tb0492.png,0,0.350433,0.330638,0.301887,0.389219,0.1994895,0.1360285,0.5013765,0.5252475,0.117500156253,0.7756224644737283,30801.960960786433,512,512,True,True,val
train,tb0492.png,0,0.763585,0.266098,0.250277,0.238378,0.6384464999999999,0.146909,0.8887235,0.385287,0.059660530706000005,1.0499165191418671,15639.650161393665,512,512,True,True,val
train,tb1073.png,0,0.362965,0.25216,0.233048,0.213528,0.24644099999999997,0.145396,0.479489,0.358924,0.049762273344,1.0914165823685886,13044.881383489535,512,512,True,True,train
train,tb0806.png,0,0.327305,0.25638,0.286678,0.227083,0.18396600000000002,0.14283849999999998,0.470644,0.3699215,0.065099700274,1.2624370824764513,17065.495828627456,512,512,True,True,train
train,tb0890.png,0,0.310298,0.257938,0.237037,0.240851,0.19177950000000002,0.13751249999999998,0.42881650000000004,0.3783635,0.057090598487,0.9841644834358171,14965.957849776129,512,512,True,True,val
train,tb0817.png,0,0.322103,0.233882,0.199801,0.119781,0.22220249999999997,0.17399150000000002,0.4220035,0.2937725,0.023932363581,1.6680525291991217,6273.725518577664,512,512,True,True,train
train,tb0571.png,0,0.760273,0.229123,0.091906,0.069097,0.71432,0.19457449999999998,0.806226,0.2636715,0.006350428882000001,1.3301011621343908,1664.7268288430082,512,512,True,True,train
train,tb0533.png,0,0.734728,0.257549,0.344617,0.361538,0.5624195000000001,0.07677999999999996,0.9070365,0.438318,0.124592140946,0.953197174294265,32661.082196148225,512,512,True,True,test
train,tb0495.png,0,0.759979,0.383062,0.189773,0.212166,0.6650925,0.27697900000000003,0.8548655,0.489145,0.040263378318,0.8944552850126788,10554.803045793791,512,512,True,True,train
train,tb0495.png,0,0.298899,0.437958,0.225568,0.271513,0.18611500000000003,0.3022015,0.411683,0.5737145,0.061244644384,0.8307815832022776,16054.916057399296,512,512,True,True,train
train,tb1104.png,0,0.246622,0.38776,0.321551,0.27003,0.08584650000000002,0.252745,0.40739749999999997,0.522775,0.08682841653,1.1907973188164278,22761.54842284032,512,512,True,True,val
train,tb1104.png,0,0.768571,0.321984,0.129418,0.105836,0.703862,0.26906599999999997,0.83328,0.374902,0.013697083448,1.2228164329717677,3590.608243392512,512,512,True,True,val
train,tb0607.png,0,0.686488,0.304179,0.26828,0.40455,0.552348,0.10190399999999997,0.820628,0.506454,0.10853267400000001,0.6631565937461377,28451.189293056002,512,512,True,True,train
train,tb0607.png,0,0.282187,0.376385,0.26828,0.532146,0.148047,0.11031200000000002,0.416327,0.642458,0.14276412888,0.504147358055872,37424.75980111872,512,512,True,True,train
train,tb0325.png,0,0.305172,0.286068,0.251686,0.267708,0.179329,0.152214,0.43101500000000004,0.419922,0.067378355688,0.940151209526798,17662.831673475073,512,512,True,True,train
train,tb0325.png,0,0.706521,0.215755,0.226391,0.165972,0.5933255,0.132769,0.8197165,0.29874100000000003,0.037574567052000005,1.3640312823849805,9849.94730527949,512,512,True,True,train
train,tb0640.png,0,0.308657,0.317312,0.272186,0.260179,0.17256400000000002,0.1872225,0.44475,0.4474015,0.070817081294,1.0461489974210063,18564.272958734335,512,512,True,True,train
train,tb0640.png,0,0.218176,0.552665,0.074368,0.065541,0.18099200000000001,0.5198944999999999,0.25536000000000003,0.5854355,0.0048741530880000005,1.1346790558581652,1277.7299871006721,512,512,True,True,train
train,tb0640.png,0,0.706277,0.323022,0.228557,0.247766,0.5919985000000001,0.19913899999999998,0.8205555,0.446905,0.056628653662,0.9224712026670326,14844.861785571327,512,512,True,True,train
train,tb0270.png,0,0.505765,0.356108,0.252481,0.210682,0.37952450000000004,0.25076699999999996,0.6320055,0.461449,0.053193202042,1.198398534283897,13944.278756098049,512,512,True,True,train
train,tb0270.png,0,0.854993,0.280935,0.248622,0.183976,0.730682,0.18894699999999998,0.979304,0.372923,0.045740481072,1.3513827890594425,11990.592670138369,512,512,True,True,train
train,tb0076.png,0,0.629739,0.165689,0.173448,0.177331,0.543015,0.07702350000000001,0.7164630000000001,0.2543545,0.030757707287999998,0.9781030953414801,8062.948419305471,512,512,True,True,train
train,tb0267.png,0,0.783152,0.397841,0.212136,0.261317,0.677084,0.2671825,0.8892199999999999,0.5284995,0.055434743112,0.8117956351863828,14531.885298352128,512,512,True,True,train
train,tb0333.png,0,0.273517,0.321489,0.216617,0.242334,0.1652085,0.20032200000000003,0.38182550000000004,0.44265600000000005,0.052493664078,0.8938778710374937,13760.899076063231,512,512,True,True,val
train,tb0333.png,0,0.69142,0.520549,0.278932,0.390208,0.5519540000000001,0.32544500000000004,0.830886,0.7156530000000001,0.108841497856,0.7148290142693128,28532.145613963265,512,512,True,True,val
train,tb0940.png,0,0.335195,0.26842,0.19331,0.186527,0.23854000000000003,0.1751565,0.43185,0.3616835,0.03605753437,1.0363647085944663,9452.26628988928,512,512,True,True,train
train,tb0669.png,0,0.28827,0.207246,0.231844,0.290801,0.17234800000000003,0.061845500000000025,0.404192,0.3526465,0.067420467044,0.7972599819120292,17673.870912782335,512,512,True,True,train
train,tb0776.png,0,0.388435,0.226345,0.234401,0.194097,0.2712345,0.12929649999999998,0.5056355,0.3233935,0.045496530896999995,1.2076487529431161,11926.642595463167,512,512,True,True,train
train,tb0776.png,0,0.761538,0.222005,0.220911,0.174306,0.6510825,0.13485200000000003,0.8719935000000001,0.309158,0.038506112765999995,1.2673746170527693,10094.146424930303,512,512,True,True,train
train,tb0639.png,0,0.274273,0.348443,0.27309,0.217112,0.137728,0.23988700000000002,0.410818,0.456999,0.05929111608,1.2578300600611665,15542.81033367552,512,512,True,True,train
train,tb0639.png,0,0.727807,0.383804,0.305587,0.344214,0.5750135,0.21169699999999997,0.8806005,0.555911,0.10518732361800001,0.8877820193251872,27574.225762516995,512,512,True,True,train
train,tb0625.png,0,0.302668,0.258433,0.195094,0.170623,0.205121,0.17312150000000004,0.400215,0.3437445,0.033287523561999995,1.1434214613504627,8726.124576636927,512,512,True,True,train
train,tb0876.png,0,0.342549,0.18598,0.296105,0.240356,0.1944965,0.06580200000000001,0.4906015,0.306158,0.07117061338,1.2319434505483533,18656.94927388672,512,512,True,True,train
train,tb0876.png,0,0.718837,0.201311,0.250286,0.203759,0.5936939999999999,0.09943149999999999,0.84398,0.3031905,0.050998025074,1.2283432879038472,13368.826284998657,512,512,True,True,train
train,tb0693.png,0,0.652368,0.269447,0.209543,0.275596,0.5475964999999999,0.131649,0.7571395,0.40724499999999997,0.057749212628,0.7603267101119029,15138.609595154432,512,512,True,True,train
train,tb0985.png,0,0.740074,0.193893,0.268793,0.23541,0.6056775,0.076188,0.8744705,0.31159800000000004,0.06327656013,1.1418079096045197,16587.57057871872,512,512,True,True,train
train,tb0985.png,0,0.34201,0.240628,0.176538,0.169634,0.253741,0.155811,0.43027899999999997,0.325445,0.029946847092,1.0406993880943678,7850.386284085248,512,512,True,True,train
train,tb1017.png,0,0.73252,0.341766,0.340741,0.397626,0.5621495,0.14295300000000002,0.9028904999999999,0.540579,0.135487480866,0.8569384295795548,35517.2301841367,512,512,True,True,val
train,tb1017.png,0,0.288075,0.293794,0.373789,0.353116,0.10118050000000003,0.117236,0.47496950000000004,0.470352,0.131990876524,1.0585445009571925,34600.61633550745,512,512,True,True,val
train,tb0405.png,0,0.755442,0.367236,0.238339,0.242829,0.6362724999999999,0.24582150000000003,0.8746115,0.4886505,0.057875621030999996,0.9815096219973727,15171.746799550463,512,512,True,True,val
train,tb0120.png,0,0.265691,0.307938,0.224155,0.292744,0.15361350000000001,0.161566,0.3777685,0.45431,0.06562003132,0.7657031399447981,17201.89749035008,512,512,True,True,val
train,tb0120.png,0,0.625035,0.215989,0.210239,0.20825,0.5199155,0.11186399999999999,0.7301545,0.320114,0.04378227175,1.0095510204081632,11477.259845632,512,512,True,True,val
train,tb0392.png,0,0.278401,0.443533,0.284148,0.564583,0.136327,0.16124150000000004,0.42047500000000004,0.7258245,0.160425130284,0.5032882676240695,42054.48535316889,512,512,True,True,val
train,tb0392.png,0,0.718325,0.352387,0.330101,0.421875,0.5532745,0.1414495,0.8833755,0.5633245,0.139261359375,0.7824616296296296,36506.529792,512,512,True,True,val
train,tb0322.png,0,0.335928,0.332864,0.159979,0.139466,0.2559385,0.263131,0.4159175,0.402597,0.022311631214000004,1.1470824430327105,5848.860252962817,512,512,True,True,train
train,tb0322.png,0,0.670599,0.240134,0.138042,0.223046,0.601578,0.12861099999999998,0.7396199999999999,0.351657,0.030789715932,0.6188947571352994,8071.339293278208,512,512,True,True,train
train,tb0129.png,0,0.40299,0.175099,0.152634,0.150346,0.326673,0.099926,0.47930700000000004,0.250272,0.022947911363999998,1.0152182299495829,6015.6572766044155,512,512,True,True,train
train,tb0445.png,0,0.309032,0.214276,0.160811,0.157348,0.22862649999999995,0.135602,0.3894375,0.29295,0.025303289228,1.022008541576633,6633.105451384832,512,512,True,True,train
train,tb0445.png,0,0.685578,0.256087,0.179614,0.201385,0.595771,0.1553945,0.775385,0.3567795,0.03617156539,0.891893636566775,9482.15883759616,512,512,True,True,train
train,tb0434.png,0,0.749118,0.280314,0.158815,0.132358,0.6697105,0.21413500000000002,0.8285254999999999,0.346493,0.021020435770000002,1.1998896931050635,5510.3811144908805,512,512,True,True,val
train,tb0497.png,0,0.652122,0.233385,0.307157,0.36332,0.4985435,0.05172500000000002,0.8057004999999999,0.415045,0.11159628124,0.8454172630188265,29254.29554937856,512,512,True,True,test
train,tb0497.png,0,0.304955,0.224687,0.303678,0.349901,0.15311599999999997,0.04973649999999999,0.456794,0.3996375,0.10625723587800001,0.8678969194143485,27854.696842002435,512,512,True,True,test
train,tb0970.png,0,0.703389,0.240876,0.233166,0.211672,0.586806,0.13504,0.819972,0.346712,0.049354713552,1.1015438981065044,12938.042029375489,512,512,True,True,train
train,tb0970.png,0,0.193372,0.294783,0.109071,0.103858,0.13883649999999997,0.24285400000000001,0.2479075,0.346712,0.011327895918,1.0501935334784032,2969.539947528192,512,512,True,True,train
train,tb0821.png,0,0.74594,0.356748,0.177987,0.21765,0.6569465000000001,0.247923,0.8349335,0.465573,0.038738870550000006,0.8177670572019297,10155.162481459201,512,512,True,True,train
train,tb0369.png,0,0.619878,0.371409,0.258451,0.288346,0.49065250000000005,0.227236,0.7491035,0.515582,0.07452331204599999,0.8963224736947972,19535.83911298662,512,512,True,True,train
train,tb0369.png,0,0.252096,0.328192,0.318662,0.255756,0.09276499999999999,0.200314,0.411427,0.45607,0.081499718472,1.2459609940724754,21364.662199123966,512,512,True,True,train
train,tb0790.png,0,0.321241,0.240134,0.1673,0.081602,0.237591,0.19933299999999998,0.404891,0.280935,0.0136520146,2.050194848165486,3578.7937153024,512,512,True,True,train
train,tb0199.png,0,0.328991,0.394401,0.279089,0.390625,0.1894465,0.1990885,0.4685355,0.5897135,0.109019140625,0.71446784,28578.7136,512,512,True,True,train
train,tb0199.png,0,0.731816,0.312977,0.307336,0.2375,0.578148,0.194227,0.885484,0.43172699999999997,0.0729923,1.2940463157894737,19134.4934912,512,512,True,True,train
train,tb0805.png,0,0.193548,0.512636,0.124264,0.051929,0.131416,0.4866715,0.25568,0.5386005,0.006452905256,2.392959617939879,1691.590395428864,512,512,True,True,train
train,tb0805.png,0,0.741753,0.384545,0.123728,0.138971,0.679889,0.31505950000000005,0.803617,0.4540305,0.017194603888000003,0.8903152456267854,4507.462241615873,512,512,True,True,train
train,tb0294.png,0,0.369251,0.211685,0.237905,0.268727,0.2502985,0.07732150000000002,0.4882035,0.3460485,0.063931496935,0.8853036725003443,16759.25833252864,512,512,True,True,val
train,tb0290.png,0,0.306133,0.301212,0.078588,0.102868,0.266839,0.24977799999999997,0.345427,0.35264599999999996,0.008084190384,0.7639693587899056,2119.222004023296,512,512,True,True,train
train,tb0089.png,0,0.321946,0.256846,0.281447,0.288064,0.1812225,0.11281400000000003,0.4626695,0.400878,0.081074748608,0.977029410131082,21253.258899095552,512,512,True,True,train
train,tb0844.png,0,0.295505,0.257938,0.252028,0.292285,0.16949100000000003,0.11179549999999999,0.421519,0.4040805,0.07366400398,0.8622679918572624,19310.57665933312,512,512,True,True,val
train,tb0844.png,0,0.669221,0.24137,0.219578,0.307616,0.5594319999999999,0.087562,0.77901,0.39517800000000003,0.067545706048,0.7138055237698949,17706.701566246913,512,512,True,True,val
train,tb0843.png,0,0.300159,0.222824,0.212896,0.141939,0.19371100000000002,0.1518545,0.406607,0.2937935,0.030218245344000003,1.4999119339998168,7921.531707457537,512,512,True,True,train
train,tb0843.png,0,0.303494,0.397898,0.19622,0.132047,0.20538399999999998,0.33187449999999996,0.40160399999999996,0.4639215,0.02591026234,1.4859860504214408,6792.21981085696,512,512,True,True,train
train,tb0611.png,0,0.786622,0.363151,0.194351,0.150347,0.6894465000000001,0.2879775,0.8837975,0.4383245,0.029220089797000002,1.292682926829268,7659.8712197447685,512,512,True,True,train
train,tb0611.png,0,0.339742,0.406207,0.190135,0.202431,0.2446745,0.30499149999999997,0.43480949999999996,0.5074225,0.038489218185,0.9392583151789993,10089.71761188864,512,512,True,True,train
train,tb0128.png,0,0.312219,0.349184,0.214001,0.108803,0.20521850000000003,0.2947825,0.4192195,0.4035855,0.023283950802999998,1.9668667224249332,6103.747999301631,512,512,True,True,test
train,tb0864.png,0,0.351499,0.260864,0.22007,0.204082,0.241464,0.158823,0.461534,0.362905,0.04491232574,1.0783410589860938,11773.49671878656,512,512,True,True,train
train,tb0864.png,0,0.695017,0.390282,0.188773,0.195122,0.6006305,0.292721,0.7894035,0.487843,0.036833765306,0.9674613831346542,9655.750572376064,512,512,True,True,train
train,tb0212.png,0,0.373575,0.275883,0.242606,0.325331,0.252272,0.1132175,0.494878,0.4385485,0.07892725258599999,0.7457205123397401,20690.30570190438,512,512,True,True,test
train,tb0212.png,0,0.676744,0.170803,0.16162,0.154836,0.595934,0.09338500000000001,0.7575540000000001,0.24822100000000002,0.025024594320000003,1.043814100080085,6560.047253422081,512,512,True,True,test
train,tb0686.png,0,0.226546,0.363845,0.218381,0.156597,0.1173555,0.2855465,0.3357365,0.44214349999999997,0.034197809456999996,1.3945414024534315,8964.750562295807,512,512,True,True,val
train,tb0636.png,0,0.364914,0.237933,0.24658,0.236376,0.241624,0.119745,0.488204,0.356121,0.058285594079999996,1.0431685111855686,15279.218774507519,512,512,True,True,test
train,tb0822.png,0,0.214866,0.357345,0.250572,0.122156,0.08957999999999999,0.296267,0.340152,0.41842300000000004,0.030608873232,2.0512459478044467,8023.932464529408,512,512,True,True,train
train,tb0427.png,0,0.661157,0.153586,0.112296,0.083581,0.605009,0.11179549999999999,0.717305,0.1953765,0.009385811976,1.3435589428219332,2460.434294636544,512,512,True,True,train
train,tb0672.png,0,0.355617,0.389313,0.267254,0.453375,0.22199000000000002,0.16262550000000003,0.489244,0.6160005,0.12116628225,0.5894767025089606,31763.013894144,512,512,True,True,train
train,tb0672.png,0,0.703681,0.462904,0.247887,0.403619,0.5797375,0.2610945,0.8276245,0.6647135,0.100051903053,0.6141608794432373,26228.006073925633,512,512,True,True,train
train,tb0054.png,0,0.404399,0.145178,0.154723,0.136004,0.3270375,0.077176,0.48176050000000004,0.21318,0.021042946892,1.1376356577747713,5516.282270056448,512,512,True,True,train
train,tb0554.png,0,0.652845,0.171506,0.239899,0.175944,0.5328955,0.083534,0.7727945,0.259478,0.042208789656,1.3634963397444642,11064.780955582464,512,512,True,True,train
train,tb0554.png,0,0.369006,0.181198,0.166162,0.189364,0.285925,0.086516,0.452087,0.27588,0.031465100968,0.8774740711011597,8248.387428155393,512,512,True,True,train
train,tb0279.png,0,0.793954,0.242359,0.29646,0.391691,0.6457240000000001,0.046513499999999985,0.942184,0.4382045,0.11612071386,0.7568721262423697,30440.34841411584,512,512,True,True,train
train,tb0279.png,0,0.401255,0.12416,0.136062,0.113749,0.33322399999999996,0.0672855,0.469286,0.18103450000000001,0.015476916438,1.1961599662414613,4057.180782723072,512,512,True,True,train
train,tb0558.png,0,0.763013,0.25447,0.336847,0.318403,0.5945895000000001,0.09526849999999998,0.9314365,0.41367149999999997,0.107253095341,1.0579265898876582,28115.755425071104,512,512,True,True,train
train,tb0558.png,0,0.322457,0.240929,0.330944,0.284375,0.15698499999999999,0.09874150000000001,0.487929,0.38311649999999997,0.09411220000000001,1.163759120879121,24670.948556800002,512,512,True,True,train
train,tb0327.png,0,0.280245,0.295772,0.165999,0.137488,0.19724550000000002,0.22702799999999998,0.3632445,0.36451599999999995,0.022822870512,1.2073708250901898,5982.878567497728,512,512,True,True,val
train,tb0982.png,0,0.368629,0.330886,0.262643,0.232443,0.23730749999999998,0.2146645,0.49995049999999996,0.4471075,0.06104952684900001,1.1299243255335716,16003.767166304258,512,512,True,True,train
train,tb0030.png,0,0.7143,0.385322,0.335531,0.479945,0.5465345,0.1453495,0.8820655000000001,0.6252945,0.16103642579500002,0.6991030222212963,42214.732803604486,512,512,True,True,val
train,tb0030.png,0,0.340173,0.322044,0.380915,0.403181,0.1497155,0.12045349999999999,0.5306305,0.5236345,0.153577690615,0.944774183307249,40259.47012857856,512,512,True,True,val
train,tb0299.png,0,0.382976,0.228759,0.239935,0.17458,0.2630085,0.14146899999999998,0.5029435,0.316049,0.04188785230000001,1.3743555962882346,10980.649153331202,512,512,True,True,train
train,tb1008.png,0,0.370923,0.290144,0.174608,0.231043,0.283619,0.1746225,0.458227,0.4056655,0.040341956144000005,0.7557381093562671,10575.401751412737,512,512,True,True,val
train,tb0633.png,0,0.84922,0.230737,0.09273,0.080613,0.802855,0.1904305,0.895585,0.2710435,0.007475243490000001,1.1503107439246771,1959.5902294425603,512,512,True,True,train
train,tb0586.png,0,0.691217,0.265886,0.203883,0.252283,0.5892755,0.13974450000000002,0.7931585,0.3920275,0.051436214889,0.8081519563347511,13483.695115862016,512,512,True,True,train
train,tb0586.png,0,0.802868,0.675084,0.089722,0.101454,0.758007,0.624357,0.8477290000000001,0.725811,0.009102655788,0.8843613854554773,2386.206598889472,512,512,True,True,train
train,tb0931.png,0,0.328063,0.336326,0.225539,0.24728,0.2152935,0.21268600000000001,0.44083249999999996,0.459966,0.05577128392,0.9120794241345842,14620.10745192448,512,512,True,True,train
train,tb0981.png,0,0.263703,0.220462,0.246024,0.218191,0.140691,0.1113665,0.38671500000000003,0.3295575,0.053680222584,1.1275625484094212,14071.948269060096,512,512,True,True,train
train,tb0871.png,0,0.399929,0.167186,0.187634,0.20178,0.306112,0.06629600000000001,0.49374599999999996,0.268076,0.037860788519999994,0.9298939438992962,9924.978545786878,512,512,True,True,train
train,tb0942.png,0,0.728654,0.238498,0.227656,0.242014,0.614826,0.11749099999999998,0.8424820000000001,0.35950499999999996,0.055095939184,0.9406728536365664,14443.069881450496,512,512,True,True,train
train,tb0028.png,0,0.33433,0.341271,0.131637,0.115727,0.2685115,0.2834075,0.4001485,0.3991345,0.015233955099,1.1374787214738133,3993.489925472256,512,512,True,True,val
train,tb0724.png,0,0.22593,0.305949,0.253976,0.274851,0.098942,0.16852350000000002,0.35291799999999995,0.4433745,0.069805557576,0.9240497578688088,18299.108085202944,512,512,True,True,train
train,tb0715.png,0,0.304001,0.217547,0.294118,0.294356,0.15694200000000003,0.07036899999999999,0.45106,0.36472499999999997,0.086575398008,0.9991914552446697,22695.221135409152,512,512,True,True,train
train,tb0715.png,0,0.654431,0.209267,0.263271,0.234539,0.5227955,0.09199750000000001,0.7860665,0.3265365,0.061747317068999996,1.1225041464319365,16186.688685735935,512,512,True,True,train
train,tb0715.png,0,0.680077,0.589801,0.064921,0.066239,0.6476165,0.5566815,0.7125375,0.6229205,0.004300302119000001,0.9801023566177026,1127.2983986831362,512,512,True,True,train
train,tb0227.png,0,0.366512,0.24197,0.282462,0.278819,0.225281,0.1025605,0.507743,0.3813795,0.078755772378,1.0130658240650745,20645.35319425843,512,512,True,True,train
train,tb0227.png,0,0.792524,0.35447,0.194351,0.186458,0.6953485,0.261241,0.8896995,0.447699,0.036238298758000005,1.0423312488603331,9499.652589617153,512,512,True,True,train
train,tb0153.png,0,0.368159,0.199085,0.187467,0.198318,0.2744255,0.09992600000000001,0.46189250000000004,0.298244,0.037178080506,0.9452848455510846,9746.010736164864,512,512,True,True,train
train,tb0153.png,0,0.699172,0.178314,0.217461,0.160732,0.5904415000000001,0.097948,0.8079025,0.25868,0.034952941452,1.3529415424433215,9162.703883993088,512,512,True,True,train
train,tb0536.png,0,0.609285,0.293299,0.188819,0.207715,0.5148754999999999,0.18944149999999998,0.7036945,0.39715649999999997,0.039220538585,0.9090291986616276,10281.42886682624,512,512,True,True,train
train,tb1064.png,0,0.584279,0.155105,0.211233,0.148111,0.4786625,0.0810495,0.6898955,0.2291605,0.031285930863,1.4261803647264553,8201.419060150272,512,512,True,True,train
train,tb1064.png,0,0.272152,0.1725,0.253976,0.193837,0.14516400000000002,0.07558149999999998,0.39914,0.2694185,0.049229945912,1.3102555239711715,12905.334941155328,512,512,True,True,train
train,tb1077.png,0,0.334893,0.334852,0.193086,0.147917,0.23835,0.2608935,0.431436,0.40881049999999997,0.028560701862,1.305367199172509,7487.016628912128,512,512,True,True,train
train,tb0848.png,0,0.267058,0.273524,0.319706,0.303205,0.10720500000000002,0.12192149999999999,0.42691100000000004,0.42512649999999996,0.09693645773,1.0544219257597995,25411.31077517312,512,512,True,True,train
train,tb0848.png,0,0.763787,0.248497,0.269011,0.220742,0.6292815,0.138126,0.8982924999999999,0.35886799999999996,0.059382026162,1.2186670411611746,15566.641866211328,512,512,True,True,train
train,tb1006.png,0,0.323703,0.262142,0.289234,0.207715,0.17908600000000002,0.1582845,0.46832,0.3659995,0.06007824031,1.392456009436006,15749.15022782464,512,512,True,True,train
train,tb1006.png,0,0.649627,0.256454,0.205142,0.190406,0.547056,0.16125100000000003,0.7521979999999999,0.351657,0.039060267652,1.0773925191433043,10239.414803365888,512,512,True,True,train
train,tb0802.png,0,0.326562,0.390734,0.273733,0.154296,0.18969550000000002,0.31358600000000003,0.4634285,0.467882,0.042235906967999996,1.7740770985637997,11071.889596219391,512,512,True,True,train
train,tb0193.png,0,0.680852,0.283022,0.220367,0.261436,0.5706685,0.152304,0.7910355,0.41374,0.057611867012,0.8429099282424762,15102.605265993729,512,512,True,True,train
train,tb0545.png,0,0.318077,0.58828,0.202776,0.136341,0.216689,0.5201095,0.419465,0.6564505,0.027646682616,1.4872708869672369,7247.411967688704,512,512,True,True,train
train,tb0137.png,0,0.714244,0.492918,0.282394,0.631058,0.573047,0.17738900000000002,0.855441,0.808447,0.17820699285199998,0.44749294042702886,46715.89393419468,512,512,True,True,train
train,tb0137.png,0,0.31354,0.473286,0.309155,0.567032,0.15896249999999998,0.18977,0.46811749999999996,0.756802,0.17530077796000001,0.5452161430042749,45954.047137546244,512,512,True,True,train
train,tb0459.png,0,0.326205,0.236072,0.208066,0.195247,0.22217200000000004,0.1384485,0.430238,0.33369550000000003,0.040624262302,1.0656552981607912,10649.406616895489,512,512,True,True,train
train,tb0459.png,0,0.672565,0.234061,0.221271,0.2117,0.5619295,0.128211,0.7832005,0.33991099999999996,0.046843070699999996,1.0452102031176194,12279.629925580799,512,512,True,True,train
train,tb0928.png,0,0.699701,0.304083,0.248716,0.21623,0.575343,0.19596799999999998,0.824059,0.412198,0.05377986068,1.1502381723165147,14098.06779809792,512,512,True,True,test
train,tb0928.png,0,0.351441,0.258067,0.158015,0.156853,0.2724335,0.17964049999999998,0.4304485,0.3364935,0.024785126794999997,1.0074082102350608,6497.272278548479,512,512,True,True,test
train,tb1075.png,0,0.355419,0.210213,0.279915,0.253215,0.21546149999999997,0.0836055,0.4953765,0.3368205,0.070878676725,1.1054439902849358,18580.4198313984,512,512,True,True,train
train,tb0443.png,0,0.355762,0.308116,0.209528,0.292361,0.25099800000000005,0.1619355,0.460526,0.4542965,0.06125781560799999,0.716675616788833,16058.36881474355,512,512,True,True,train
train,tb1141.png,0,0.266353,0.240876,0.263388,0.256182,0.134659,0.112785,0.39804700000000004,0.36896700000000004,0.06747526461600001,1.0281284399372321,17688.235767496706,512,512,True,True,train
train,tb1141.png,0,0.637391,0.234694,0.26776,0.290307,0.503511,0.08954050000000002,0.771271,0.3798475,0.07773260232,0.9223339430327205,20377.13530257408,512,512,True,True,train
train,tb1107.png,0,0.306641,0.286623,0.302455,0.225025,0.1554135,0.1741105,0.4578685,0.39913550000000003,0.06805993637499999,1.3440951005443837,17841.503961087998,512,512,True,True,train
train,tb1107.png,0,0.268415,0.561103,0.308594,0.244807,0.11411800000000002,0.4386995,0.422712,0.6835065,0.075545971358,1.2605603597936332,19803.92311567155,512,512,True,True,train
train,tb1107.png,0,0.767857,0.427819,0.335379,0.458952,0.6001675,0.198343,0.9355465000000001,0.657295,0.153922862808,0.7307496208753855,40349.95494794035,512,512,True,True,train
train,tb0186.png,0,0.327903,0.253636,0.178838,0.225037,0.238484,0.14111749999999998,0.41732199999999997,0.36615449999999994,0.040245167006,0.7947048707545871,10550.029059620863,512,512,True,True,train
train,tb0186.png,0,0.720352,0.265806,0.080477,0.08147,0.6801135,0.225071,0.7605905,0.306541,0.0065564611900000005,0.987811464342703,1718.7369621913601,512,512,True,True,train
train,tb0584.png,0,0.248047,0.341766,0.173118,0.161227,0.161488,0.2611525,0.33460599999999996,0.4223795,0.027911295786,1.0737531554888449,7316.778722525184,512,512,True,True,train
train,tb0057.png,0,0.380188,0.218621,0.173045,0.207715,0.2936655,0.1147635,0.46671050000000003,0.3224785,0.035944042175,0.833088606985533,9422.5149919232,512,512,True,True,train
train,tb0273.png,0,0.351705,0.263677,0.252255,0.341357,0.2255775,0.09299849999999998,0.4778325,0.4343555,0.086109010035,0.7389770826436839,22572.96032661504,512,512,True,True,train
train,tb0429.png,0,0.680788,0.337068,0.191878,0.217112,0.584849,0.228512,0.776727,0.44562399999999996,0.041659016336,0.8837742731861896,10920.661178384384,512,512,True,True,train
train,tb0374.png,0,0.669596,0.264615,0.283944,0.3818,0.527624,0.073715,0.811568,0.455515,0.10840981919999998,0.7436982713462545,28418.983644364795,512,512,True,True,train
train,tb0374.png,0,0.319455,0.339293,0.301408,0.52819,0.16875099999999998,0.07519799999999999,0.470159,0.603388,0.15920069152000002,0.5706431397792461,41733.506077818885,512,512,True,True,train
train,tb1158.png,0,0.355403,0.277371,0.237575,0.301193,0.23661550000000003,0.12677449999999998,0.4741905,0.42796749999999995,0.071555926975,0.7887799517253058,18757.9569209344,512,512,True,True,train
train,tb1158.png,0,0.690393,0.401625,0.220676,0.444334,0.580055,0.179458,0.8007310000000001,0.623792,0.098053849784,0.49664441613741017,25704.228397776897,512,512,True,True,train
train,tb0451.png,0,0.312991,0.427669,0.293125,0.540288,0.1664285,0.15752500000000003,0.45955350000000006,0.697813,0.15837192,0.5425347222222223,41516.24859648,512,512,True,True,train
train,tb0219.png,0,0.310547,0.314722,0.311947,0.219693,0.15457350000000003,0.2048755,0.4665205,0.4245685,0.068532572271,1.4199223461830826,17965.402625409024,512,512,True,True,train
train,tb0984.png,0,0.314606,0.180069,0.164105,0.172809,0.2325535,0.09366450000000001,0.3966585,0.26647350000000003,0.028358820944999998,0.9496322529497886,7434.0947578060795,512,512,True,True,train
train,tb0887.png,0,0.317714,0.300965,0.285873,0.334817,0.1747775,0.1335565,0.46065049999999996,0.4683735,0.09571514024099999,0.8538186531747194,25091.1497233367,512,512,True,True,train
train,tb0012.png,0,0.741302,0.338672,0.281619,0.359722,0.6004925,0.15881099999999998,0.8821115,0.5185329999999999,0.101304549918,0.7828795569912321,26556.379933704193,512,512,True,True,train
train,tb0581.png,0,0.70415,0.256731,0.166667,0.222669,0.6208165000000001,0.14539649999999998,0.7874835,0.3680655,0.037111574223,0.7484966474902209,9728.576513114112,512,512,True,True,train
train,tb0581.png,0,0.407219,0.259107,0.159529,0.163071,0.3274545,0.1775715,0.4869835,0.34064249999999996,0.026014553559,0.9782793997706521,6819.559128170496,512,512,True,True,train
train,tb0595.png,0,0.706277,0.358731,0.27417,0.423897,0.569192,0.1467825,0.8433620000000001,0.5706795,0.11621984049000002,0.6467844783048713,30466.333865410565,512,512,True,True,test
train,tb0595.png,0,0.34361,0.374844,0.236986,0.274665,0.225117,0.23751150000000001,0.46210300000000004,0.5121765,0.06509175969,0.8628183423443103,17063.41425217536,512,512,True,True,test
train,tb0277.png,0,0.325102,0.325693,0.1621,0.122156,0.244052,0.264615,0.406152,0.38677100000000003,0.0198014876,1.3269917155113133,5190.8411654144,512,512,True,True,train
train,tb1162.png,0,0.707996,0.242839,0.188027,0.304167,0.6139825,0.09075549999999999,0.8020094999999999,0.3949225,0.05719160850900001,0.6181702814572257,14992.437020983298,512,512,True,True,val
train,tb1162.png,0,0.358713,0.188845,0.220489,0.207292,0.2484685,0.08519900000000001,0.4689575,0.292491,0.045705605788,1.0636638172240125,11981.450323689472,512,512,True,True,val
train,tb1152.png,0,0.343723,0.282172,0.306486,0.3091,0.19048,0.12762199999999999,0.496966,0.43672199999999994,0.09473482259999999,0.9915431899061792,24834.165335654397,512,512,True,True,train
train,tb1152.png,0,0.729398,0.368719,0.300541,0.42087,0.5791275,0.158284,0.8796685,0.5791540000000001,0.12648869067000001,0.7140946135386224,33158.251326996484,512,512,True,True,train
train,tb0796.png,0,0.307444,0.31304,0.25025,0.312322,0.182319,0.156879,0.432569,0.469201,0.07815858049999999,0.8012563956429581,20488.802926591998,512,512,True,True,train
train,tb0796.png,0,0.666824,0.322655,0.213929,0.313746,0.5598595,0.165782,0.7737885,0.47952800000000007,0.06711936803400001,0.6818541112874745,17594.9396139049,512,512,True,True,train
train,tb1072.png,0,0.301241,0.360312,0.32915,0.603858,0.13666599999999998,0.05838300000000002,0.465816,0.6622410000000001,0.1987598607,0.5450784787151947,52103.7049233408,512,512,True,True,train
train,tb0550.png,0,0.282257,0.271044,0.277008,0.283877,0.143753,0.1291055,0.42076099999999994,0.41298250000000003,0.078636200016,0.9758029005519996,20614.008016994303,512,512,True,True,train
train,tb0550.png,0,0.716606,0.252745,0.234903,0.215628,0.5991544999999999,0.144931,0.8340575,0.36055899999999996,0.050651664083999993,1.0893900606600257,13278.029829636094,512,512,True,True,train
train,tb0920.png,0,0.314963,0.272453,0.229122,0.243876,0.200402,0.150515,0.429524,0.394391,0.055877356872,0.939502042021355,14647.913839853569,512,512,True,True,val
train,tb0065.png,0,0.687475,0.243843,0.241714,0.278932,0.566618,0.104377,0.8083319999999999,0.383309,0.067421769448,0.8665696298739478,17674.212330176513,512,512,True,True,train
train,tb0925.png,0,0.266943,0.298987,0.287656,0.27547,0.12311499999999997,0.161252,0.410771,0.436722,0.07924059832000001,1.0442371220096562,20772.447405998082,512,512,True,True,test
train,tb0949.png,0,0.312339,0.20829,0.327572,0.263542,0.148553,0.076519,0.47612499999999996,0.340061,0.086328980024,1.2429593764940692,22630.624139411455,512,512,True,True,train
train,tb0949.png,0,0.691344,0.231727,0.149663,0.1375,0.6165125,0.16297699999999998,0.7661754999999999,0.300477,0.0205786625,1.0884581818181818,5394.5729024,512,512,True,True,train
train,tb0798.png,0,0.639188,0.35824,0.225893,0.30664,0.5262415,0.20492,0.7521344999999999,0.51156,0.06926782952,0.736671667101487,18158.14590169088,512,512,True,True,train
train,tb0798.png,0,0.340222,0.266148,0.277277,0.405405,0.20158350000000003,0.06344549999999999,0.4788605,0.4688505,0.112409482185,0.6839506172839506,29467.47129790464,512,512,True,True,train
train,tb0475.png,0,0.719535,0.31078,0.258503,0.237691,0.5902835000000001,0.1919345,0.8487865,0.4296255,0.061443836572999996,1.0875590577682788,16107.133094592511,512,512,True,True,val
train,tb0746.png,0,0.202657,0.339046,0.096187,0.073689,0.15456350000000002,0.3022015,0.2507505,0.3758905,0.007087923843,1.3053101548399353,1858.056707899392,512,512,True,True,train
train,tb0746.png,0,0.724,0.397157,0.162208,0.192878,0.642896,0.300718,0.8051039999999999,0.493596,0.031286354624,0.8409875672705026,8201.530146553856,512,512,True,True,train
train,tb0902.png,0,0.922472,0.697107,0.151149,0.131058,0.8468975,0.631578,0.9980465,0.7626360000000001,0.019809285642,1.1532985395778967,5192.885375336448,512,512,True,True,train
train,tb0005.png,0,0.785063,0.291321,0.078588,0.087043,0.7457689999999999,0.2477995,0.824357,0.3348425,0.006840535284,0.9028641016509082,1793.205281488896,512,512,True,True,test
train,tb0460.png,0,0.159088,0.526484,0.062357,0.053907,0.1279095,0.49953049999999993,0.1902665,0.5534374999999999,0.003361478799,1.156751442298774,881.191498285056,512,512,True,True,train
train,tb0460.png,0,0.264637,0.277473,0.330664,0.282888,0.099305,0.13602900000000004,0.42996900000000005,0.418917,0.09354087763199999,1.1688866265094315,24521.179825963005,512,512,True,True,train
train,tb0460.png,0,0.681399,0.230737,0.256865,0.206231,0.5529664999999999,0.1276215,0.8098315,0.3338525,0.052973525815,1.245520799491832,13886.69195124736,512,512,True,True,train
train,tb1114.png,0,0.326392,0.300466,0.282746,0.389551,0.18501900000000002,0.10569050000000002,0.467765,0.4952415,0.110143987046,0.7258253733144056,28873.585340186622,512,512,True,True,train
train,tb1114.png,0,0.68766,0.302219,0.258803,0.396564,0.5582585,0.103937,0.8170615000000001,0.5005010000000001,0.10263195289200001,0.6526134495314754,26904.35065892045,512,512,True,True,train
train,tb0823.png,0,0.674299,0.383044,0.307387,0.419275,0.5206054999999999,0.1734065,0.8279925,0.5926815,0.128879684425,0.7331393476835013,33785.0359939072,512,512,True,True,train
train,tb0823.png,0,0.332207,0.429492,0.284581,0.508197,0.1899165,0.17539349999999998,0.47449749999999996,0.6835905,0.144623210457,0.5599816606552183,37912.10688203981,512,512,True,True,train
train,tb0675.png,0,0.275886,0.331133,0.248753,0.276459,0.15150950000000002,0.1929035,0.4002625,0.4693625,0.068770005627,0.8997826079093102,18027.64435508429,512,512,True,True,train
train,tb1071.png,0,0.387768,0.318888,0.308351,0.387203,0.2335925,0.1252865,0.5419435,0.5124895,0.119394432253,0.7963548836140215,31298.534048530433,512,512,True,True,train
train,tb0831.png,0,0.366708,0.209471,0.237037,0.189416,0.24818949999999998,0.11476299999999999,0.4852265,0.304179,0.044898600392,1.25140959581028,11769.898701160448,512,512,True,True,val
train,tb0953.png,0,0.388013,0.221658,0.193086,0.265278,0.29147,0.08901899999999999,0.484556,0.354297,0.051221467908,0.7278628457693439,13427.400483274752,512,512,True,True,train
train,tb0953.png,0,0.702305,0.222005,0.287099,0.261111,0.5587555,0.09144950000000002,0.8458545,0.3525605,0.074964706989,1.0995285529908736,19651.548148924416,512,512,True,True,train
train,tb0643.png,0,0.273764,0.226866,0.257167,0.222222,0.14518050000000002,0.11575500000000001,0.40234749999999997,0.337977,0.057148165073999994,1.1572526572526571,14981.048585158655,512,512,True,True,train
train,tb0623.png,0,0.29558,0.291671,0.291001,0.251007,0.1500795,0.16616750000000002,0.4410805,0.4171745,0.073043288007,1.1593342018350088,19147.859691307007,512,512,True,True,train
train,tb0773.png,0,0.722225,0.185818,0.300967,0.243585,0.5717415,0.06402550000000001,0.8727085,0.3076105,0.07331104669499999,1.2355727979965925,19218.051024814078,512,512,True,True,val
train,tb0773.png,0,0.267099,0.452395,0.115667,0.096301,0.20926549999999997,0.4042445,0.32493249999999996,0.5005455,0.011138847767,1.2010986386434201,2919.982109032448,512,512,True,True,val
train,tb0752.png,0,0.297211,0.353388,0.275209,0.257666,0.1596065,0.22455499999999998,0.4348155,0.482221,0.070912002194,1.0680842641248747,18589.155903143936,512,512,True,True,train
train,tb0752.png,0,0.73008,0.31778,0.303064,0.311078,0.578548,0.162241,0.881612,0.47331900000000005,0.094276542992,0.974237972469927,24714.03008609485,512,512,True,True,train
train,tb0470.png,0,0.716477,0.366989,0.34471,0.30366,0.544122,0.21515900000000002,0.8888320000000001,0.518819,0.1046746386,1.1351840874662453,27439.8284611584,512,512,True,True,train
train,tb0045.png,0,0.688224,0.297651,0.313535,0.358733,0.5314565,0.11828449999999999,0.8449914999999999,0.4770175,0.11247535115500001,0.8740065731337792,29484.738453176324,512,512,True,True,train
train,tb0045.png,0,0.317579,0.263262,0.271274,0.266205,0.181942,0.13015949999999998,0.453216,0.3963645,0.07221449517000002,1.0190417159707743,18930.596621844485,512,512,True,True,train
train,tb0926.png,0,0.760864,0.49185,0.105027,0.093208,0.7083505,0.44524600000000003,0.8133775,0.538454,0.009789356616,1.1268024203930993,2566.221100744704,512,512,True,True,train
train,tb0133.png,0,0.330821,0.265695,0.238175,0.263633,0.21173349999999996,0.1338785,0.4499085,0.3975115,0.062790789775,0.9034339403640667,16460.2287947776,512,512,True,True,train
train,tb0305.png,0,0.605989,0.227275,0.197987,0.170623,0.5069955,0.14196350000000002,0.7049825,0.3125865,0.033781135901,1.16037697145168,8855.522089631744,512,512,True,True,val
train,tb0508.png,0,0.671889,0.384298,0.221798,0.250247,0.56099,0.2591745,0.7827879999999999,0.5094215,0.055504284106,0.8863163194763574,14550.115052683264,512,512,True,True,val
train,tb0508.png,0,0.332107,0.285386,0.26049,0.281899,0.20186199999999999,0.14443649999999997,0.462352,0.4263355,0.07343187051,0.924054359894856,19249.72426297344,512,512,True,True,val
train,tb0508.png,0,0.783333,0.752003,0.055586,0.049951,0.75554,0.7270274999999999,0.8111259999999999,0.7769785,0.0027765762860000004,1.1128105543432565,727.8628139171841,512,512,True,True,val
train,tb1027.png,0,0.635969,0.301476,0.270875,0.324553,0.5005315,0.13919950000000003,0.7714065,0.4637525,0.08791329387499999,0.8346094474554233,23045.942509567998,512,512,True,True,train
train,tb0342.png,0,0.751549,0.482375,0.186124,0.21107,0.658487,0.37684,0.844611,0.58791,0.039285192680000004,0.8818117212299238,10298.377549905921,512,512,True,True,test
train,tb0132.png,0,0.321192,0.176172,0.167369,0.129861,0.23750749999999998,0.1112415,0.4048765,0.2411025,0.021734705709,1.288831904882913,5697.622693380096,512,512,True,True,train
train,tb1096.png,0,0.726335,0.246832,0.342749,0.350347,0.5549605,0.07165849999999999,0.8977094999999999,0.42200550000000003,0.12008108390300001,0.9783129297525025,31478.535658668035,512,512,True,True,val
train,tb0360.png,0,0.702852,0.325693,0.270023,0.31998,0.5678405,0.16570300000000002,0.8378635000000001,0.485683,0.08640195954,0.8438746171635728,22649.75528165376,512,512,True,True,train
train,tb0360.png,0,0.300678,0.267582,0.312357,0.284866,0.1444995,0.12514899999999998,0.4568565,0.410015,0.088979889162,1.0965050234145177,23325.54406448333,512,512,True,True,train
train,tb0520.png,0,0.84119,0.372429,0.139367,0.132542,0.7715065,0.30615800000000004,0.9108735,0.4387,0.018471980913999996,1.0514931116174495,4842.318964719615,512,512,True,True,train
train,tb0520.png,0,0.374504,0.342755,0.163243,0.20178,0.2928825,0.241865,0.4561255,0.44364499999999996,0.03293917254,0.8090147685598177,8634.80644632576,512,512,True,True,train
train,tb1194.png,0,0.721065,0.305686,0.112985,0.088889,0.6645725,0.2612415,0.7775574999999999,0.3501305,0.010043123665,1.2710796611504236,2632.74461003776,512,512,True,True,train
train,tb1034.png,0,0.380274,0.272453,0.284083,0.29872,0.2382325,0.12309300000000001,0.5223154999999999,0.421813,0.08486127376,0.9510009373326191,22245.87374854144,512,512,True,True,train
train,tb0717.png,0,0.339747,0.316138,0.24503,0.200795,0.21723200000000004,0.21574049999999997,0.462262,0.41653549999999995,0.04920079885,1.220299310241789,12897.6942137344,512,512,True,True,test
train,tb0717.png,0,0.660323,0.29924,0.1834,0.232604,0.568623,0.182938,0.752023,0.415542,0.0426595736,0.7884645147976819,11182.9512617984,512,512,True,True,test
train,tb0919.png,0,0.371305,0.222783,0.227999,0.264376,0.25730549999999996,0.09059500000000001,0.4853045,0.35497100000000004,0.060277463624,0.8624043029624474,15801.375424249856,512,512,True,True,train
train,tb0236.png,0,0.353348,0.263873,0.272779,0.233927,0.2169585,0.14690950000000003,0.4897375,0.3808365,0.063810373133,1.1660860011884049,16727.506454577153,512,512,True,True,train
train,tb0236.png,0,0.735296,0.236177,0.233238,0.137982,0.6186769999999999,0.167186,0.851915,0.305168,0.032182645716,1.690350915336783,8436.487478575104,512,512,True,True,train
train,tb0730.png,0,0.707595,0.251387,0.229846,0.197922,0.592672,0.15242600000000003,0.822518,0.350348,0.045491580011999995,1.161295864027243,11925.344750665727,512,512,True,True,train
train,tb0730.png,0,0.269631,0.227389,0.240137,0.16378,0.14956250000000001,0.145499,0.3896995,0.309279,0.03932963786,1.466216876297472,10310.02858717184,512,512,True,True,train
train,tb0420.png,0,0.276377,0.218971,0.246521,0.294732,0.1531165,0.071605,0.3996375,0.366337,0.07265762737199999,0.8364242769702644,19046.761069805565,512,512,True,True,train
train,tb0275.png,0,0.323172,0.392562,0.286938,0.312249,0.179703,0.23643750000000002,0.46664100000000003,0.5486865000000001,0.08959610356200001,0.9189396923609043,23487.08097215693,512,512,True,True,train
train,tb0084.png,0,0.743475,0.375149,0.255429,0.326904,0.6157604999999999,0.21169700000000002,0.8711895000000001,0.538601,0.083500761816,0.7813578298215991,21889.223705493503,512,512,True,True,test
train,tb0608.png,0,0.768746,0.391831,0.278729,0.331993,0.6293815,0.2258345,0.9081105,0.5578274999999999,0.092536076897,0.8395628823499292,24257.777342087167,512,512,True,True,train
train,tb0895.png,0,0.663802,0.233633,0.256958,0.323062,0.535323,0.072102,0.792281,0.395164,0.08301336539600002,0.7953829295924622,21761.45565836903,512,512,True,True,train
train,tb0895.png,0,0.405105,0.208534,0.182903,0.293738,0.3136535,0.061665,0.4965565,0.355403,0.053725561414000006,0.6226739475314736,14083.833571311618,512,512,True,True,train
train,tb0770.png,0,0.406455,0.226776,0.170838,0.205205,0.321036,0.1241735,0.49187400000000003,0.3293785,0.035056811789999996,0.8325235739869886,9189.932869877759,512,512,True,True,val
train,tb0285.png,0,0.323766,0.353332,0.321827,0.464488,0.1628525,0.12108799999999997,0.4846795,0.585576,0.14948477957599998,0.692863970651556,39186.53805717094,512,512,True,True,train
train,tb0293.png,0,0.357236,0.260658,0.266486,0.272008,0.223993,0.12465399999999999,0.490479,0.396662,0.07248632388800001,0.9796991264962794,19001.854889295875,512,512,True,True,test
train,tb0293.png,0,0.808587,0.335337,0.065405,0.061325,0.7758845,0.3046745,0.8412894999999999,0.3659995,0.004010961625,1.0665307786384022,1051.449524224,512,512,True,True,test
train,tb1166.png,0,0.335899,0.239392,0.185466,0.181009,0.243166,0.1488875,0.428632,0.3298965,0.033571015194,1.0246230850399702,8800.440207015936,512,512,True,True,train
train,tb0759.png,0,0.294843,0.409852,0.306914,0.585417,0.141386,0.11714350000000001,0.44830000000000003,0.7025604999999999,0.179672673138,0.5242656089590839,47100.11322708787,512,512,True,True,test
train,tb0759.png,0,0.702726,0.359852,0.302277,0.51875,0.5515874999999999,0.10047699999999998,0.8538645,0.619227,0.15680619375000002,0.5827026506024097,41105.802854400004,512,512,True,True,test
train,tb0505.png,0,0.66282,0.290332,0.229978,0.328388,0.547831,0.12613799999999997,0.777809,0.454526,0.075522015464,0.7003240069673679,19797.643221794817,512,512,True,True,train
train,tb0505.png,0,0.251294,0.296266,0.21645,0.256182,0.143069,0.16817499999999996,0.35951900000000003,0.424357,0.055450593900000004,0.8449071363327634,14536.040487321601,512,512,True,True,train
train,tb0720.png,0,0.350047,0.280453,0.262,0.210263,0.219047,0.17532150000000002,0.481047,0.3855845,0.05508890600000001,1.246058507678479,14441.226174464002,512,512,True,True,test
train,tb0092.png,0,0.319295,0.242839,0.301855,0.289583,0.1683675,0.09804750000000001,0.4702225,0.3876305,0.08741207646499999,1.0423781782770398,22914.551372840957,512,512,True,True,train
train,tb0092.png,0,0.676588,0.250477,0.23145,0.228472,0.560863,0.136241,0.7923129999999999,0.364713,0.0528798444,1.013034419972688,13862.1339303936,512,512,True,True,train
train,tb0303.png,0,0.435413,0.242105,0.190935,0.221938,0.3399455,0.13113599999999997,0.5308805,0.353074,0.042375732029999995,0.860307833719327,11108.543897272319,512,512,True,True,val
train,tb0303.png,0,0.754114,0.355451,0.216631,0.383547,0.6457984999999999,0.1636775,0.8624295,0.5472245,0.083088170157,0.564809527906619,21781.065277636608,512,512,True,True,val
train,tb1074.png,0,0.372958,0.212306,0.17666,0.247898,0.284628,0.08835699999999999,0.46128800000000003,0.33625499999999997,0.043793660680000006,0.7126318082437132,11480.245385297922,512,512,True,True,train
train,tb0527.png,0,0.35206,0.273022,0.285953,0.309389,0.20908349999999998,0.11832749999999997,0.4950365,0.4277165,0.08847071271700001,0.9242507005743578,23192.06651448525,512,512,True,True,train
train,tb0654.png,0,0.814408,0.380589,0.165904,0.228981,0.731456,0.2660985,0.89736,0.4950795,0.037988863824,0.7245317297068316,9958.552718278655,512,512,True,True,train
train,tb0994.png,0,0.328723,0.21965,0.204252,0.144948,0.226597,0.14717600000000003,0.430849,0.292124,0.029605918896,1.4091398294560809,7761.014003073024,512,512,True,True,train
train,tb0994.png,0,0.71179,0.23411,0.251329,0.19338,0.5861255000000001,0.13742000000000001,0.8374545,0.3308,0.04860200202000001,1.2996638742372533,12740.723217530882,512,512,True,True,train
train,tb0562.png,0,0.34745,0.296506,0.258449,0.331511,0.2182255,0.1307505,0.4766745,0.4622615,0.08567868643899999,0.7796091230758556,22460.153577865214,512,512,True,True,train
train,tb0734.png,0,0.304331,0.236757,0.091044,0.0933,0.258809,0.190107,0.349853,0.28340699999999996,0.0084944052,0.9758199356913184,2226.7573567488,512,512,True,True,train
train,tb1163.png,0,0.684214,0.236024,0.213188,0.24591,0.57762,0.11306900000000002,0.790808,0.358979,0.052425061079999995,0.8669350575413769,13742.915211755519,512,512,True,True,train
train,tb0794.png,0,0.32652,0.197849,0.24414,0.189911,0.20444999999999997,0.1028935,0.44859,0.2928045,0.04636487154,1.2855495468930183,12154.27288498176,512,512,True,True,train
train,tb0825.png,0,0.730551,0.331901,0.292159,0.275347,0.5844714999999999,0.1942275,0.8766305,0.4695745,0.080445104173,1.0610575019884,21088.201388326914,512,512,True,True,train
train,tb0628.png,0,0.31315,0.323715,0.19156,0.224036,0.21736999999999998,0.21169699999999997,0.40893,0.435733,0.042916336160000006,0.8550411541002338,11250.260026327041,512,512,True,True,test
train,tb0628.png,0,0.77456,0.291815,0.294836,0.326409,0.6271420000000001,0.1286105,0.921978,0.4550195,0.096237123924,0.9032716622397053,25227.984613933055,512,512,True,True,test
train,tb1003.png,0,0.237351,0.257077,0.318882,0.303315,0.07791000000000001,0.1054195,0.39679200000000003,0.4087345,0.09672169383,1.051322882152218,25355.01170737152,512,512,True,True,train
train,tb1003.png,0,0.654921,0.390179,0.323446,0.565562,0.49319799999999997,0.107398,0.8166439999999999,0.67296,0.182928766652,0.5719019311764227,47953.67860522189,512,512,True,True,train
train,tb0929.png,0,0.757206,0.299234,0.288793,0.284866,0.6128095,0.156801,0.9016025000000001,0.44166700000000003,0.082267306738,1.0137854289385184,21565.880857526274,512,512,True,True,train
train,tb0929.png,0,0.378974,0.3069,0.303879,0.293274,0.22703449999999997,0.16026300000000002,0.5309135,0.45353699999999997,0.089119809846,1.0361607234190553,23362.223432269824,512,512,True,True,train
train,tb0929.png,0,0.930967,0.749036,0.089978,0.112265,0.8859779999999999,0.6929035,0.975956,0.8051685000000001,0.01010138017,0.8014786442791609,2648.01620328448,512,512,True,True,train
train,tb0190.png,0,0.327509,0.346712,0.296317,0.445104,0.1793505,0.12416000000000002,0.4756675,0.569264,0.131891881968,0.6657253136345663,34574.66550661939,512,512,True,True,train
train,tb0190.png,0,0.832324,0.317533,0.190935,0.227498,0.7368564999999999,0.20378400000000002,0.9277915,0.431282,0.04343733063,0.8392821035789325,11386.83560067072,512,512,True,True,train
train,tb0354.png,0,0.287044,0.2602,0.218803,0.238889,0.17764250000000004,0.14075549999999998,0.3964455,0.3796445,0.052269629867,0.9159191088748331,13702.169851854847,512,512,True,True,val
train,tb0354.png,0,0.673005,0.236936,0.264755,0.229167,0.5406274999999999,0.1223525,0.8053825,0.3515195,0.06067310908500001,1.1552928650285599,15905.091507978243,512,512,True,True,val
train,tb1105.png,0,0.33772,0.217812,0.211545,0.227806,0.23194750000000003,0.103909,0.4434925,0.331715,0.04819122027,0.9286190881715144,12633.03924645888,512,512,True,True,val
train,tb0786.png,0,0.727966,0.392706,0.213477,0.14639,0.6212275,0.319511,0.8347045,0.465901,0.03125089803,1.4582758385135597,8192.23541317632,512,512,True,True,train
train,tb0786.png,0,0.203977,0.433507,0.10566,0.107319,0.15114699999999998,0.3798475,0.256807,0.48716649999999995,0.01133932554,0.984541413915523,2972.53615435776,512,512,True,True,train
train,tb1022.png,0,0.664806,0.276731,0.175916,0.17458,0.576848,0.189441,0.752764,0.36402100000000004,0.03071141528,1.007652652079276,8050.81324716032,512,512,True,True,train
train,tb0540.png,0,0.403554,0.226534,0.182505,0.149357,0.3123015,0.15185550000000003,0.49480650000000004,0.3012125,0.027258399285,1.221938041069384,7145.62582216704,512,512,True,True,train
train,tb0556.png,0,0.387708,0.213782,0.214564,0.204849,0.280426,0.1113575,0.49499,0.3162065,0.043953220836,1.0474251765934908,11522.073122832384,512,512,True,True,train
train,tb0909.png,0,0.331196,0.274259,0.199225,0.192384,0.2315835,0.17806699999999998,0.4308085,0.370451,0.038327702400000004,1.0355590901530274,10047.377217945601,512,512,True,True,train
train,tb0819.png,0,0.360519,0.24933,0.218727,0.193841,0.2511555,0.15240949999999998,0.4698825,0.3462505,0.042398260407,1.128383572102909,11114.449576132609,512,512,True,True,train
train,tb0593.png,0,0.254775,0.352152,0.148547,0.118694,0.18050149999999998,0.29280500000000004,0.32904849999999997,0.411499,0.017631637618,1.251512292112491,4622.028011732992,512,512,True,True,train
train,tb0040.png,0,0.382342,0.322118,0.201067,0.244392,0.2818085,0.19992200000000002,0.4828755,0.444314,0.049139166264,0.8227233297325608,12881.537601110016,512,512,True,True,test
train,tb1197.png,0,0.233055,0.286128,0.292975,0.22997,0.08656750000000002,0.171143,0.3795425,0.401113,0.06737546075,1.2739705178936382,17662.072782848,512,512,True,True,train
train,tb1197.png,0,0.718492,0.262389,0.270131,0.273492,0.5834265000000001,0.12564299999999998,0.8535575,0.399135,0.073878667452,0.9877107922718031,19366.84940053709,512,512,True,True,train
train,tb0915.png,0,0.654904,0.266098,0.260966,0.2364,0.524421,0.147898,0.7853870000000001,0.38429800000000003,0.06169236239999999,1.1039170896785109,16172.282648985598,512,512,True,True,test
train,tb0915.png,0,0.246242,0.330391,0.274292,0.350148,0.109096,0.15531699999999998,0.38338799999999995,0.505465,0.096042795216,0.7833601791242559,25177.042509103103,512,512,True,True,test
train,tb0043.png,0,0.696507,0.398494,0.154993,0.169315,0.6190105,0.3138365,0.7740035,0.4831515,0.026242639794999998,0.9154121017039246,6879.3505664204795,512,512,True,True,test
train,tb0043.png,0,0.307287,0.309368,0.177347,0.201589,0.21861349999999996,0.20857349999999997,0.3959605,0.4101625,0.035751204383,0.8797454226173056,9371.963721777152,512,512,True,True,test
train,tb0921.png,0,0.722172,0.281776,0.233405,0.380987,0.6054695,0.09128250000000002,0.8388745000000001,0.4722695,0.088924270735,0.6126324520259221,23310.96402755584,512,512,True,True,train
train,tb0921.png,0,0.390802,0.346859,0.238044,0.433638,0.27177999999999997,0.13003999999999996,0.5098239999999999,0.563678,0.10322492407200001,0.5489463561772723,27059.79449593037,512,512,True,True,train
train,tb0833.png,0,0.387064,0.259422,0.298447,0.180514,0.2378405,0.16916499999999998,0.5362875,0.34967899999999996,0.053873861758000005,1.6533177482078953,14122.709616689153,512,512,True,True,train
train,tb0833.png,0,0.77608,0.260164,0.26337,0.143422,0.644395,0.188453,0.9077649999999999,0.33187500000000003,0.03777305214,1.836329154523016,9901.97898018816,512,512,True,True,train
train,tb1032.png,0,0.376317,0.221588,0.178857,0.1909,0.2868885,0.12613800000000003,0.46574550000000003,0.317038,0.0341438013,0.9369146149816658,8950.5926479872,512,512,True,True,train
train,tb0622.png,0,0.354878,0.343711,0.157771,0.138935,0.27599250000000003,0.2742435,0.4337635,0.4131785,0.021919913885,1.1355741893691293,5746.17390546944,512,512,True,True,train
train,tb0676.png,0,0.793307,0.375891,0.35237,0.551929,0.617122,0.09992649999999997,0.969492,0.6518554999999999,0.19448322173000002,0.6384335666362884,50982.609677189124,512,512,True,True,train
train,tb0676.png,0,0.276459,0.336079,0.201599,0.147873,0.17565950000000002,0.2621425,0.3772585,0.41001550000000003,0.029811048927,1.363325285887214,7814.787609919488,512,512,True,True,train
train,tb0930.png,0,0.36488,0.27962,0.147,0.16128,0.29138,0.19898,0.43838,0.36025999999999997,0.02370816,0.9114583333333333,6214.95189504,512,512,True,True,train
train,tb1020.png,0,0.290505,0.202649,0.177971,0.14003,0.20151950000000002,0.132634,0.3794905,0.272664,0.024921279129999998,1.2709490823394987,6532.963796254719,512,512,True,True,train
train,tb0858.png,0,0.738561,0.344401,0.278668,0.494792,0.599227,0.09700500000000001,0.8778950000000001,0.591797,0.137882697056,0.563202315316335,36145.121737048066,512,512,True,True,test
train,tb0858.png,0,0.345433,0.412804,0.259696,0.626736,0.215585,0.09943600000000002,0.47528099999999995,0.726172,0.16276083225599997,0.41436266625820123,42666.775610916855,512,512,True,True,test
train,tb0795.png,0,0.361842,0.220242,0.250498,0.221946,0.236593,0.10926899999999999,0.487091,0.331215,0.055597029108000004,1.1286439043731358,14574.427598487553,512,512,True,True,train
train,tb0841.png,0,0.377769,0.302967,0.186879,0.265905,0.2843295,0.17001449999999999,0.47120850000000003,0.4359195,0.049692060494999996,0.7028036328764031,13026.475506401279,512,512,True,True,train
train,tb0841.png,0,0.688156,0.298494,0.166501,0.19334,0.6049055,0.20182399999999998,0.7714065,0.39516399999999996,0.032191303340000005,0.8611823730216199,8438.757022760961,512,512,True,True,train
train,tb0989.png,0,0.65192,0.319096,0.230282,0.290796,0.5367790000000001,0.173698,0.767061,0.46449399999999996,0.066965084472,0.7919022269907426,17554.49510382797,512,512,True,True,train
train,tb0141.png,0,0.70257,0.357639,0.25994,0.411034,0.5726,0.15212199999999998,0.8325400000000001,0.563156,0.10684417796000001,0.6324051051737812,28008.560187146242,512,512,True,True,train
train,tb0141.png,0,0.192878,0.425234,0.152087,0.118787,0.1168345,0.3658405,0.2689215,0.4846275,0.018065958469000002,1.2803337065503801,4735.8826168975365,512,512,True,True,train
train,tb0889.png,0,0.304539,0.367144,0.342327,0.467361,0.1333755,0.1334635,0.47570250000000003,0.6008245000000001,0.159990289047,0.7324680493237561,41940.49433193677,512,512,True,True,train
train,tb0788.png,0,0.31088,0.281286,0.226333,0.253915,0.1977135,0.15432849999999998,0.4240465,0.4082435,0.057469343695,0.8913730972963393,15065.24363358208,512,512,True,True,train
train,tb0739.png,0,0.663045,0.345487,0.224892,0.286049,0.550599,0.2024625,0.775491,0.4885115,0.064330131708,0.7862009655688361,16863.758046461953,512,512,True,True,train
train,tb0390.png,0,0.748602,0.38504,0.268036,0.318991,0.614584,0.22554449999999998,0.88262,0.5445355000000001,0.085501071676,0.8402619509641337,22413.592933433345,512,512,True,True,test
train,tb0390.png,0,0.321299,0.283655,0.246948,0.255687,0.197825,0.1558115,0.444773,0.4114985,0.063141393276,0.965821492684415,16552.137398943745,512,512,True,True,test
train,tb0386.png,0,0.351692,0.24508,0.240957,0.192384,0.23121350000000002,0.148888,0.4721705,0.341272,0.046356271488,1.2524794161676647,12152.018432950272,512,512,True,True,val
train,tb0164.png,0,0.367547,0.340505,0.095667,0.132342,0.3197135,0.274334,0.41538050000000004,0.406676,0.012660762114,0.7228770911728704,3318.942823612416,512,512,True,True,test
train,tb0479.png,0,0.334261,0.25395,0.267707,0.188889,0.2004075,0.15950550000000002,0.4681145,0.3483945,0.05056690752299999,1.4172715192520473,13255.81140570931,512,512,True,True,train
train,tb0479.png,0,0.780931,0.307422,0.22344,0.347222,0.669211,0.13381099999999999,0.8926510000000001,0.48103299999999993,0.07758328367999999,0.6435076118448716,20337.992317009917,512,512,True,True,train
train,tb0729.png,0,0.263877,0.212191,0.177948,0.196835,0.17490299999999998,0.11377349999999999,0.35285099999999997,0.3106085,0.03502639458,0.9040465364391495,9181.95918077952,512,512,True,True,val
train,tb0626.png,0,0.298158,0.283161,0.289532,0.289317,0.15339199999999997,0.1385025,0.442924,0.4278195,0.083766529644,1.000743129508463,21958.893146996736,512,512,True,True,train
train,tb0228.png,0,0.238772,0.367839,0.165261,0.127778,0.15614150000000002,0.30395000000000005,0.32140250000000004,0.431728,0.021116720058,1.293344707226596,5535.621462884352,512,512,True,True,train
train,tb0552.png,0,0.273512,0.393609,0.218613,0.151818,0.16420549999999998,0.3177,0.38281849999999995,0.469518,0.033189388434,1.4399675927755602,8700.399041642497,512,512,True,True,train
train,tb0620.png,0,0.700432,0.446328,0.287538,0.305973,0.556663,0.29334150000000003,0.8442010000000001,0.5993145,0.08797886447400001,0.9397495857477621,23063.13144867226,512,512,True,True,train
train,tb0620.png,0,0.325558,0.249465,0.262009,0.263931,0.19455350000000002,0.11749949999999998,0.4565625,0.3814305,0.069152297379,0.9927177936657686,18127.859844120576,512,512,True,True,train
train,tb0417.png,0,0.313108,0.283161,0.345515,0.375371,0.1403505,0.09547549999999999,0.4858655,0.4708465,0.12969631106500001,0.920462688913102,33999.109767823364,512,512,True,True,train
train,tb0417.png,0,0.748877,0.329897,0.265781,0.248269,0.6159865,0.20576250000000001,0.8817675,0.4540315,0.06598518308899999,1.0705363939920005,17297.619835682814,512,512,True,True,train
train,tb0618.png,0,0.703991,0.288498,0.192664,0.196181,0.6076590000000001,0.19040749999999998,0.800323,0.3865885,0.037797016184,0.9820726777822522,9908.261010538496,512,512,True,True,test
train,tb0618.png,0,0.323511,0.244054,0.20742,0.180208,0.219801,0.15394999999999998,0.42722099999999996,0.334158,0.03737874336,1.1510032850927816,9798.61329936384,512,512,True,True,test
train,tb0957.png,0,0.351273,0.193893,0.274194,0.252226,0.214176,0.06778,0.48836999999999997,0.320006,0.069158855844,1.0870964928278606,18129.579106369536,512,512,True,True,train
train,tb0573.png,0,0.34001,0.430045,0.305286,0.51088,0.18736699999999998,0.174605,0.492653,0.685485,0.15596451168,0.5975689007203258,40885.16094984192,512,512,True,True,train
train,tb0573.png,0,0.742653,0.338304,0.26699,0.279921,0.609158,0.1983435,0.876148,0.4782645,0.07473610778999999,0.9538048235037744,19591.622240501758,512,512,True,True,train
train,tb0538.png,0,0.290622,0.416194,0.339211,0.173157,0.1210165,0.3296155,0.4602275,0.5027725000000001,0.058736759127,1.9589794232979318,15397.488984588288,512,512,True,True,train
train,tb0538.png,0,0.825889,0.48765,0.269142,0.537618,0.691318,0.21884099999999995,0.96046,0.756459,0.144695583756,0.5006193989040545,37931.079108132864,512,512,True,True,train
train,tb0961.png,0,0.243626,0.351693,0.133887,0.104074,0.17668250000000002,0.299656,0.3105695,0.40373,0.013934155638,1.2864596344908432,3652.755295567872,512,512,True,True,train
train,tb0094.png,0,0.262832,0.350915,0.160753,0.206231,0.1824555,0.24779949999999998,0.3432085,0.4540305,0.033152251943,0.7794802915177641,8690.663933345792,512,512,True,True,train
train,tb0094.png,0,0.659337,0.337809,0.235484,0.229476,0.5415949999999999,0.22307100000000002,0.777079,0.45254700000000003,0.054037926384000005,1.026181387160313,14165.718174007297,512,512,True,True,train
train,tb0537.png,0,0.319387,0.252031,0.342432,0.282776,0.14817099999999997,0.11064299999999999,0.490603,0.393419,0.09683155123200002,1.2109655699210682,25383.810166161413,512,512,True,True,train
train,tb0537.png,0,0.705863,0.29779,0.322581,0.336247,0.5445725,0.1296665,0.8671535,0.4659135,0.108466893507,0.9593572582060211,28433.94533149901,512,512,True,True,train
train,tb0537.png,0,0.291471,0.517841,0.318859,0.331105,0.13204149999999998,0.3522885,0.4509005,0.6833935,0.105575809195,0.9630147536280033,27676.06492561408,512,512,True,True,train
train,tb0903.png,0,0.711658,0.360466,0.216095,0.260783,0.6036105,0.23007450000000002,0.8197055,0.4908575,0.056353902385,0.8286391367535462,14772.83738681344,512,512,True,True,train
train,tb0903.png,0,0.313,0.324026,0.229508,0.228557,0.198246,0.20974749999999998,0.42775399999999997,0.4383045,0.052455659956,1.0041608876560333,13750.936523505665,512,512,True,True,train
train,tb0966.png,0,0.770488,0.333606,0.147513,0.0727,0.6967315,0.297256,0.8442445,0.369956,0.0107241951,2.0290646492434665,2811.2834002944,512,512,True,True,train
train,tb0966.png,0,0.385697,0.190183,0.246998,0.149852,0.26219800000000004,0.11525699999999998,0.509196,0.265109,0.037013144296,1.6482796359074285,9702.773698330624,512,512,True,True,train
train,tb0425.png,0,0.766448,0.330144,0.288323,0.317013,0.6222865,0.1716375,0.9106095000000001,0.4886505,0.09140213919899999,0.9094989795371168,23960.522378182653,512,512,True,True,train
train,tb0378.png,0,0.244324,0.291815,0.222222,0.216617,0.13321300000000003,0.1835065,0.355435,0.40012349999999997,0.048137062974,1.025875162152555,12618.842236256256,512,512,True,True,test
train,tb0378.png,0,0.60114,0.222082,0.112257,0.130564,0.5450115,0.1568,0.6572685,0.287364,0.014656722948,0.8597852394228117,3842.171980480512,512,512,True,True,test
train,tb1196.png,0,0.309677,0.258236,0.22167,0.252982,0.19884199999999996,0.13174500000000003,0.420512,0.38472700000000004,0.056078519939999995,0.8762283482619317,14700.647531151359,512,512,True,True,train
train,tb1196.png,0,0.687411,0.315641,0.223658,0.267396,0.575582,0.181943,0.79924,0.44933900000000004,0.059805254568,0.8364298643210818,15677.588653473793,512,512,True,True,train
train,tb0853.png,0,0.363083,0.218271,0.179952,0.230064,0.273107,0.103239,0.453059,0.333303,0.041400476928,0.7821823492593366,10852.886623813632,512,512,True,True,train
train,tb0026.png,0,0.793729,0.403531,0.185225,0.200366,0.7011165,0.30334799999999995,0.8863415,0.503714,0.03711279235,0.9244332870846351,9728.8958377984,512,512,True,True,train
train,tb0066.png,0,0.723212,0.39082,0.350296,0.552024,0.548064,0.11480800000000002,0.8983599999999999,0.666832,0.193371799104,0.6345666130458096,50691.25690431897,512,512,True,True,train
train,tb0066.png,0,0.306342,0.43515,0.341234,0.625962,0.135725,0.12216899999999997,0.476959,0.748131,0.213599517108,0.5451353277035986,55993.83181275955,512,512,True,True,train
train,tb1057.png,0,0.746021,0.399629,0.277147,0.32542,0.6074475,0.23691900000000002,0.8845945000000001,0.562339,0.09018917673999999,0.8516593940138897,23642.551547330557,512,512,True,True,train
train,tb0324.png,0,0.327276,0.235707,0.260171,0.182815,0.19719050000000002,0.1442995,0.4573615,0.3271145,0.047563161365,1.423138145119383,12468.39737286656,512,512,True,True,train
train,tb0082.png,0,0.64938,0.245631,0.211333,0.167278,0.5437135,0.16199199999999997,0.7550465,0.32927,0.035351361574,1.2633639809179926,9267.147328454656,512,512,True,True,train
train,tb0677.png,0,0.283027,0.354872,0.119931,0.109298,0.22306149999999997,0.300223,0.3429925,0.409521,0.013108218438,1.0972844882797488,3436.240814211072,512,512,True,True,train
train,tb0071.png,0,0.364749,0.287992,0.23162,0.258867,0.248939,0.15855850000000002,0.48055899999999996,0.4174255,0.05995877454,0.8947451780257815,15717.83299301376,512,512,True,True,val
train,tb0346.png,0,0.273974,0.353429,0.293002,0.371875,0.127473,0.1674915,0.420475,0.5393665,0.10896011875,0.787904537815126,28563.2413696,512,512,True,True,test
train,tb0907.png,0,0.317119,0.189126,0.16986,0.202276,0.23218899999999998,0.08798799999999998,0.402049,0.29026399999999997,0.034358601360000005,0.8397437165061599,9006.901194915841,512,512,True,True,train
train,tb0209.png,0,0.283067,0.232468,0.297884,0.368942,0.13412500000000002,0.04799700000000001,0.432009,0.416939,0.109901918728,0.8074006212358582,28810.12858303283,512,512,True,True,train
train,tb0209.png,0,0.704451,0.263873,0.26701,0.371414,0.5709460000000001,0.07816600000000001,0.837956,0.44958000000000004,0.09917125214000001,0.7189012799732913,25997.148720988163,512,512,True,True,train
train,tb0862.png,0,0.293578,0.441102,0.386172,0.591667,0.100492,0.14526849999999997,0.486664,0.7369355,0.22848522872400004,0.6526847027128435,59896.031798624266,512,512,True,True,train
train,tb0862.png,0,0.742777,0.444748,0.314924,0.494792,0.585315,0.19735199999999997,0.900239,0.692144,0.155821875808,0.6364775501624925,40847.76981181235,512,512,True,True,train
train,tb1126.png,0,0.416959,0.212933,0.185884,0.212166,0.324017,0.10685000000000001,0.509901,0.319016,0.039438264743999994,0.8761252981156264,10338.504473051134,512,512,True,True,train
train,tb0007.png,0,0.732537,0.264367,0.264656,0.28635,0.600209,0.12119200000000002,0.864865,0.407542,0.0757842456,0.9242395669635062,19866.3852785664,512,512,True,True,train
train,tb0007.png,0,0.404706,0.21689,0.246443,0.227003,0.2814845,0.1033885,0.5279275,0.3303915,0.055943300329,1.0856376347449153,14665.200521445377,512,512,True,True,train
train,tb1179.png,0,0.651025,0.167222,0.212369,0.233639,0.5448405,0.0504025,0.7572095,0.2840415,0.049617680791000006,0.9089621167698886,13006.977313275906,512,512,True,True,train
train,tb1179.png,0,0.410678,0.170495,0.164267,0.246073,0.3285445,0.047458500000000015,0.49281149999999996,0.2935315,0.040421673490999996,0.6675539372462643,10596.299175624703,512,512,True,True,train
train,tb0484.png,0,0.817537,0.414219,0.074197,0.059842,0.7804384999999999,0.38429800000000003,0.8546355,0.44414,0.004440096874,1.2398816884462418,1163.944754937856,512,512,True,True,val
train,tb0484.png,0,0.753861,0.250272,0.163898,0.147379,0.6719120000000001,0.17658249999999998,0.8358099999999999,0.3239615,0.024155123342,1.112085168171856,6332.120653365248,512,512,True,True,val
train,tb0075.png,0,0.315323,0.188205,0.24031,0.217112,0.195168,0.07964900000000001,0.43547800000000003,0.296761,0.052174184719999996,1.1068480784111425,13677.149479239679,512,512,True,True,val
train,tb0688.png,0,0.640088,0.288906,0.186296,0.265814,0.54694,0.155999,0.733236,0.421813,0.049520084943999995,0.7008509709797076,12981.393147559935,512,512,True,True,train
train,tb0418.png,0,0.334893,0.261936,0.26054,0.243056,0.204623,0.140408,0.465163,0.383464,0.06332581024,1.0719340398920414,16600.48119955456,512,512,True,True,train
train,tb0418.png,0,0.686917,0.263498,0.17032,0.199653,0.601757,0.16367150000000003,0.772077,0.3633245,0.03400489896,0.8530800939630259,8914.18023297024,512,512,True,True,train
train,tb1044.png,0,0.721637,0.381411,0.208066,0.237294,0.6176039999999999,0.262764,0.82567,0.500058,0.049372813404,0.8768279012532976,12942.786796978176,512,512,True,True,test
train,tb0624.png,0,0.756304,0.548739,0.222665,0.292285,0.6449715,0.40259649999999997,0.8676364999999999,0.6948814999999999,0.065081639525,0.7618078245548009,17060.7613116416,512,512,True,True,train
train,tb0624.png,0,0.301008,0.36773,0.29385,0.280415,0.154083,0.2275225,0.447933,0.5079375,0.08239994775000001,1.047911131715493,21600.651902976002,512,512,True,True,train
train,tb0364.png,0,0.397849,0.236295,0.179119,0.193469,0.3082895,0.1395605,0.4874085,0.3330295,0.034653973811,0.9258279104145883,9084.331310710784,512,512,True,True,train
train,tb0524.png,0,0.701815,0.298345,0.222608,0.268753,0.590511,0.16396850000000002,0.8131189999999999,0.43272150000000004,0.059826567824000004,0.8282995910743322,15683.175795654657,512,512,True,True,train
train,tb0592.png,0,0.367145,0.180686,0.193508,0.176389,0.270391,0.09249150000000002,0.463899,0.2688805,0.034132682612000004,1.0970525372897404,8947.677950640129,512,512,True,True,train
train,tb1049.png,0,0.331732,0.314019,0.293845,0.259028,0.18480950000000002,0.184505,0.47865450000000004,0.44353299999999996,0.07611408266,1.1344140401809846,19952.85008482304,512,512,True,True,train
train,tb0962.png,0,0.339823,0.20774,0.276039,0.214639,0.2018035,0.10042050000000001,0.47784249999999995,0.3150595,0.059248734920999996,1.2860617129226282,15531.700367130623,512,512,True,True,train
train,tb0962.png,0,0.677899,0.229006,0.199772,0.203759,0.578013,0.12712649999999998,0.7777850000000001,0.3308855,0.040705342948,0.9804327661600224,10670.661421760513,512,512,True,True,train
train,tb0542.png,0,0.721694,0.259422,0.137758,0.128091,0.6528149999999999,0.19537649999999998,0.790573,0.3234675,0.017645559978000002,1.0754697832010054,4625.6776748728325,512,512,True,True,train
train,tb0051.png,0,0.721816,0.250149,0.237687,0.235101,0.6029725,0.1325985,0.8406595,0.3676995,0.055880451387000006,1.0109995278624933,14648.72504839373,512,512,True,True,test
train,tb0051.png,0,0.320317,0.32748,0.248394,0.228885,0.19612000000000002,0.2130375,0.444514,0.4419225,0.05685366069,1.0852349433121435,14903.84602791936,512,512,True,True,test
train,tb0317.png,0,0.372912,0.212439,0.182454,0.161721,0.281685,0.1315785,0.464139,0.2932995,0.029506643334,1.1282022742871984,7734.989510148096,512,512,True,True,val
train,tb0760.png,0,0.284397,0.25705,0.163205,0.125864,0.20279450000000002,0.194118,0.36599950000000003,0.319982,0.02054163412,1.2966773660458906,5384.86613475328,512,512,True,True,train
train,tb0391.png,0,0.264594,0.313252,0.267442,0.191423,0.130873,0.21754049999999997,0.398315,0.4089635,0.05119454996600001,1.3971257372416064,13420.344106287106,512,512,True,True,train
train,tb0395.png,0,0.702544,0.266237,0.235546,0.218282,0.5847709999999999,0.157096,0.820317,0.375378,0.051415451972,1.079090351013826,13478.252241747969,512,512,True,True,train
train,tb0395.png,0,0.388839,0.243385,0.18344,0.223035,0.297119,0.13186749999999997,0.48055899999999996,0.3549025,0.040913540400000004,0.8224718093572757,10725.239134617601,512,512,True,True,train
train,tb0395.png,0,0.778382,0.581593,0.197359,0.24351,0.6797025,0.459838,0.8770615,0.7033480000000001,0.04805889009,0.810475955812903,12598.34968375296,512,512,True,True,train
train,tb1010.png,0,0.366604,0.178314,0.239977,0.17458,0.2466155,0.091024,0.4865925,0.265604,0.04189518466,1.3745961736739603,10982.57128751104,512,512,True,True,train
train,tb0376.png,0,0.362718,0.155859,0.240304,0.203125,0.242566,0.0542965,0.48286999999999997,0.25742149999999997,0.04881175,1.1830350769230769,12795.707392,512,512,True,True,test
train,tb0376.png,0,0.663308,0.171832,0.215852,0.189931,0.555382,0.07686650000000002,0.771234,0.2667975,0.04099698621199999,1.1364758780820403,10747.113953558526,512,512,True,True,test
train,tb0192.png,0,0.675448,0.209224,0.286507,0.233432,0.5321945,0.09250799999999999,0.8187015000000001,0.32594,0.066879902024,1.2273681414716064,17532.165036179456,512,512,True,True,train
train,tb0192.png,0,0.336748,0.153586,0.212104,0.184471,0.230696,0.0613505,0.44279999999999997,0.2458215,0.039127036983999997,1.1497959028790432,10256.917983133695,512,512,True,True,train
train,tb0027.png,0,0.827183,0.480985,0.149399,0.160732,0.7524835,0.400619,0.9018825,0.561351,0.024013200068000003,0.9294913271781599,6294.916318625793,512,512,True,True,train
train,tb0301.png,0,0.732448,0.273568,0.27403,0.296875,0.595433,0.12513049999999998,0.869463,0.4220055,0.08135265625,0.9230484210526315,21326.11072,512,512,True,True,val
train,tb0301.png,0,0.356183,0.27704,0.288786,0.308681,0.21179000000000003,0.12269950000000002,0.500576,0.4313805,0.08914275126599999,0.9355483492667187,23368.237387874302,512,512,True,True,val
train,tb0893.png,0,0.737697,0.298961,0.241613,0.286654,0.6168905,0.15563399999999997,0.8585035000000001,0.442288,0.06925933290200001,0.8428732897500121,18155.91856426189,512,512,True,True,train
val,tb0329.png,0,0.63802,0.259832,0.209543,0.224674,0.5332485,0.147495,0.7427915,0.372169,0.04707886398200001,0.9326535335641863,12341.44171969741,512,512,True,True,test
val,tb0733.png,0,0.303464,0.19958,0.19403,0.200297,0.206449,0.0994315,0.40047900000000003,0.2997285,0.038863626910000004,0.9687114634767371,10187.866612695041,512,512,True,True,train
val,tb0544.png,0,0.712862,0.248917,0.305983,0.263053,0.5598704999999999,0.11739050000000001,0.8658535,0.3804435,0.08048974609899999,1.1631990511417851,21099.904001376253,512,512,True,True,train
val,tb1124.png,0,0.374996,0.16867,0.188196,0.169139,0.280898,0.08410049999999998,0.469094,0.2532395,0.031831283244,1.1126706436717728,8344.379914715137,512,512,True,True,train
val,tb1024.png,0,0.71704,0.4207,0.249747,0.307384,0.5921665,0.267008,0.8419135,0.574392,0.076768231848,0.8124918668505843,20124.33136956211,512,512,True,True,train
val,tb1024.png,0,0.332788,0.236938,0.215951,0.230538,0.22481249999999997,0.12166900000000001,0.4407635,0.352207,0.049784911638,0.9367262663855851,13050.815876431872,512,512,True,True,train
val,tb0951.png,0,0.316255,0.295277,0.312215,0.401583,0.1601475,0.0944855,0.4723625,0.4960685,0.125380236345,0.7774606992825892,32867.67667642368,512,512,True,True,train
val,tb0951.png,0,0.723504,0.306405,0.158676,0.111276,0.644166,0.25076699999999996,0.8028420000000001,0.362043,0.017656830576000003,1.4259678636902837,4628.632194514945,512,512,True,True,train
val,tb0024.png,0,0.203846,0.202795,0.164866,0.14639,0.121413,0.1296,0.286279,0.27599,0.02413473374,1.126210806749095,6326.77564153856,512,512,True,True,val
val,tb0463.png,0,0.761959,0.290234,0.193086,0.148264,0.665416,0.216102,0.8585020000000001,0.36436599999999997,0.028627702704000002,1.3023120919440998,7504.5804976373765,512,512,True,True,val
val,tb0241.png,0,0.328692,0.249036,0.106452,0.115232,0.275466,0.19142,0.381918,0.30665200000000004,0.012266676864,0.9238058872535407,3215.635739836416,512,512,True,True,val
val,tb0465.png,0,0.797583,0.237283,0.200253,0.21875,0.6974565,0.127908,0.8977095,0.346658,0.043805343749999996,0.9154422857142857,11483.308031999999,512,512,True,True,val
val,tb0402.png,0,0.289284,0.289837,0.314433,0.294758,0.13206749999999998,0.142458,0.44650049999999997,0.43721600000000005,0.092681642214,1.0667496726127874,24295.936416546818,512,512,True,True,train
val,tb0124.png,0,0.367424,0.210309,0.173609,0.211263,0.28061949999999997,0.10467749999999999,0.4542285,0.3159405,0.036677158167000005,0.8217671811912167,9614.69695053005,512,512,True,True,test
val,tb0644.png,0,0.282093,0.383733,0.201292,0.12326,0.18144699999999997,0.322103,0.382739,0.445363,0.02481125192,1.6330683108875548,6504.12082331648,512,512,True,True,train
val,tb0019.png,0,0.72389,0.411004,0.200686,0.241345,0.6235470000000001,0.29033149999999996,0.824233,0.5316765,0.04843456267,0.8315316248523897,12696.82999656448,512,512,True,True,train
val,tb0456.png,0,0.662161,0.197353,0.303063,0.272682,0.5106295,0.06101200000000001,0.8136925,0.333694,0.082639824966,1.1114154949721655,21663.534275887105,512,512,True,True,train
val,tb0345.png,0,0.307826,0.279948,0.234832,0.341499,0.19040999999999997,0.10919849999999998,0.425242,0.4506975,0.080194893168,0.6876506226958206,21022.610074632194,512,512,True,True,val
val,tb0004.png,0,0.364948,0.203536,0.227322,0.18546,0.251287,0.11080599999999999,0.478609,0.29626600000000003,0.04215913812,1.2257198317696538,11051.76510332928,512,512,True,True,train
val,tb0004.png,0,0.721589,0.256454,0.176026,0.203264,0.633576,0.15482200000000002,0.809602,0.358086,0.035779748864,0.8659969301007556,9379.446486204415,512,512,True,True,train
val,tb0455.png,0,0.368647,0.215276,0.143282,0.229891,0.297006,0.10033049999999999,0.440288,0.3302215,0.032939242262,0.6232605887137816,8634.824723529728,512,512,True,True,train
val,tb0455.png,0,0.255112,0.360758,0.163114,0.132572,0.17355500000000001,0.294472,0.336669,0.42704400000000003,0.021624349208,1.2303804724979635,5668.693398781952,512,512,True,True,train
val,tb1012.png,0,0.73967,0.324076,0.212211,0.220475,0.6335645000000001,0.2138385,0.8457755,0.43431349999999996,0.046787220225,0.9625172922100012,12264.9890586624,512,512,True,True,val
val,tb0196.png,0,0.360288,0.341191,0.265525,0.34479,0.2275255,0.16879600000000003,0.4930505,0.513586,0.09155036475,0.7701064416021347,23999.378817024,512,512,True,True,train
val,tb0196.png,0,0.705756,0.333513,0.254104,0.324314,0.5787040000000001,0.171356,0.832808,0.49567,0.082409484656,0.7835122751407586,21603.151945662463,512,512,True,True,train
val,tb0563.png,0,0.696732,0.174852,0.201258,0.12908,0.596103,0.11031200000000001,0.797361,0.239392,0.02597838264,1.5591726061357296,6810.07713878016,512,512,True,True,train
val,tb0563.png,0,0.401706,0.155317,0.141795,0.099901,0.3308085,0.1053665,0.4726035,0.20526750000000002,0.014165462295,1.419355161609994,3713.39094786048,512,512,True,True,train
val,tb0995.png,0,0.355441,0.198194,0.204225,0.169554,0.2533285,0.113417,0.4575535,0.28297100000000003,0.03462716565,1.2044835273718106,9077.3037121536,512,512,True,True,train
val,tb0995.png,0,0.633434,0.216808,0.219366,0.173609,0.5237510000000001,0.1300035,0.743117,0.3036125,0.038083911894000004,1.263563524932463,9983.468999540737,512,512,True,True,train
val,tb1188.png,0,0.748668,0.311879,0.200696,0.244918,0.64832,0.18942000000000003,0.849016,0.434338,0.049154062928,0.819441609028328,12885.442672197632,512,512,True,True,train
val,tb1188.png,0,0.419805,0.240982,0.193741,0.192365,0.3229345,0.1447995,0.5166755,0.3371645,0.037268987465,1.0071530683856211,9769.84145002496,512,512,True,True,train
val,tb0638.png,0,0.352281,0.322231,0.141479,0.101385,0.2815415,0.2715385,0.4230205,0.37292349999999996,0.014343848414999999,1.3954628396705626,3760.1537989017597,512,512,True,True,train
val,tb0934.png,0,0.270293,0.274549,0.176793,0.255908,0.18189650000000002,0.14659499999999998,0.3586895,0.402503,0.04524274304400001,0.6908459290057364,11860.113632526338,512,512,True,True,val
val,tb0934.png,0,0.672488,0.284846,0.212858,0.213707,0.566059,0.1779925,0.778917,0.3916995,0.045489244606,0.9960272709831685,11924.732537995264,512,512,True,True,val
val,tb0934.png,0,0.253045,0.464961,0.229322,0.194463,0.138384,0.36772950000000004,0.36770600000000003,0.5621925,0.044594644086,1.1792577508317779,11690.218379280384,512,512,True,True,val
val,tb0934.png,0,0.707181,0.479816,0.25637,0.179608,0.578996,0.390012,0.8353659999999999,0.56962,0.046046102959999995,1.4273863079595563,12070.709614346239,512,512,True,True,val
val,tb0668.png,0,0.631268,0.257943,0.187184,0.256597,0.537676,0.12964449999999997,0.7248600000000001,0.3862415,0.048030852848,0.7294863151167004,12590.999888986113,512,512,True,True,train
val,tb0668.png,0,0.344168,0.237977,0.064924,0.050694,0.311706,0.21262999999999999,0.37662999999999996,0.263324,0.003291257256,1.2807038308281058,862.783342116864,512,512,True,True,train
val,tb0606.png,0,0.677512,0.201558,0.191695,0.169634,0.5816645,0.11674099999999998,0.7733595,0.286375,0.03251798963,1.1300505794828866,8524.39587356672,512,512,True,True,val
val,tb0201.png,0,0.659934,0.353517,0.226742,0.286718,0.546563,0.21015800000000004,0.773305,0.496876,0.06501101275599999,0.7908188533681179,17042.246927908862,512,512,True,True,test
val,tb0201.png,0,0.349331,0.3398,0.223741,0.252593,0.23746050000000002,0.21350349999999998,0.4612015,0.4660965,0.056515410413000004,0.8857767238205334,14815.175747305473,512,512,True,True,test
val,tb0147.png,0,0.295427,0.498541,0.374025,0.526212,0.1084145,0.235435,0.4824395,0.761647,0.1968164433,0.710787667327997,51594.2497124352,512,512,True,True,train
val,tb0147.png,0,0.707356,0.502251,0.258083,0.305143,0.5783145,0.34967950000000003,0.8363975,0.6548225,0.078752220869,0.8457772257597258,20644.422187483135,512,512,True,True,train
val,tb0029.png,0,0.250729,0.330144,0.159871,0.158754,0.1707935,0.25076699999999996,0.3306645,0.409521,0.025380160734000002,1.0070360431863135,6653.2568554536965,512,512,True,True,train
val,tb0029.png,0,0.673208,0.236177,0.179721,0.168645,0.5833475,0.1518545,0.7630685,0.3204995,0.030309048045,1.0656764208841056,7945.33509070848,512,512,True,True,train
val,tb1031.png,0,0.3526,0.313151,0.302698,0.368403,0.201251,0.12894950000000002,0.503949,0.4973525,0.111514851294,0.8216491179496368,29232.949177614337,512,512,True,True,train
val,tb1031.png,0,0.786833,0.442491,0.252108,0.210417,0.660779,0.33728250000000004,0.912887,0.5476995,0.053047809035999996,1.1981351316671183,13906.164851933183,512,512,True,True,train
val,tb0564.png,0,0.325905,0.389722,0.227958,0.189569,0.211926,0.2949375,0.439884,0.4845065,0.043213770102,1.2025067389710344,11328.230549618687,512,512,True,True,train
val,tb0206.png,0,0.328786,0.11501,0.153419,0.126113,0.25207650000000004,0.0519535,0.4054955,0.17806650000000002,0.019348130347,1.2165201049852117,5071.996281683968,512,512,True,True,train
val,tb1059.png,0,0.712612,0.149382,0.294085,0.209693,0.5655695000000001,0.04453549999999999,0.8596545,0.25422849999999997,0.06166756590499999,1.4024550175733095,16165.782396600318,512,512,True,True,train
val,tb0749.png,0,0.792736,0.351904,0.19703,0.179525,0.694221,0.2621415,0.891251,0.44166649999999996,0.03537181075,1.0975073109594766,9272.507957248,512,512,True,True,train
val,tb0473.png,0,0.307246,0.159848,0.117547,0.103909,0.2484725,0.10789349999999999,0.3660195,0.2118025,0.012214191223,1.1312494586609436,3201.876943962112,512,512,True,True,train
val,tb0842.png,0,0.292868,0.30047,0.299374,0.239862,0.14318100000000003,0.180539,0.44255500000000003,0.420401,0.07180844638799999,1.248109329531147,18824.15336993587,512,512,True,True,val
val,tb0842.png,0,0.779208,0.38776,0.182698,0.205737,0.687859,0.28489149999999996,0.870557,0.4906285,0.037587738426,0.8880172258757539,9853.400101945344,512,512,True,True,val
val,tb0348.png,0,0.351915,0.444361,0.33639,0.504701,0.18371999999999997,0.19201050000000003,0.52011,0.6967114999999999,0.16977636939,0.6665134406311857,44505.85657737216,512,512,True,True,val
val,tb0348.png,0,0.81266,0.643519,0.34212,0.412172,0.6416000000000001,0.43743299999999996,0.98372,0.8496049999999999,0.14101228463999999,0.8300418271983541,36965.524344668156,512,512,True,True,val
val,tb0575.png,0,0.336644,0.274279,0.267842,0.189085,0.202723,0.1797365,0.470565,0.3688215,0.05064490457,1.416516381521538,13276.25786359808,512,512,True,True,train
val,tb0647.png,0,0.270236,0.482976,0.412722,0.562057,0.06387499999999999,0.2019475,0.47659699999999994,0.7640045,0.231973289154,0.7343063070115664,60810.40591198618,512,512,True,True,train
val,tb0647.png,0,0.795754,0.580198,0.338018,0.481087,0.626745,0.33965449999999997,0.9647629999999999,0.8207415,0.162616065566,0.7026130408844969,42628.825891733504,512,512,True,True,train
val,tb0634.png,0,0.378917,0.172874,0.145475,0.144906,0.3061795,0.100421,0.4516545,0.24532700000000002,0.02108020035,1.0039266835051688,5526.0480405504,512,512,True,True,train
val,tb0634.png,0,0.665859,0.189689,0.160367,0.122156,0.5856755,0.128611,0.7460424999999999,0.250767,0.019589791252000003,1.3128049379481974,5135.346237964289,512,512,True,True,train
val,tb1068.png,0,0.69767,0.403586,0.280711,0.563798,0.5573145,0.12168699999999999,0.8380255,0.685485,0.158264300378,0.49789286233722,41488.03675829043,512,512,True,True,train
val,tb1068.png,0,0.30031,0.403833,0.299569,0.564293,0.15052550000000003,0.12168649999999998,0.4500945,0.6859795,0.16904468971699999,0.5308749178175167,44314.051141173244,512,512,True,True,train
val,tb1019.png,0,0.317878,0.288802,0.239066,0.289264,0.198345,0.14417,0.437411,0.433434,0.069153187424,0.8264630233973117,18128.093164077058,512,512,True,True,train
val,tb0503.png,0,0.309843,0.27228,0.218231,0.261622,0.20072749999999998,0.141469,0.4189585,0.40309100000000003,0.05709403068200001,0.8341462109455626,14966.85757910221,512,512,True,True,train
val,tb0832.png,0,0.694179,0.244465,0.283043,0.232922,0.5526575,0.128004,0.8357005,0.36092599999999997,0.06592694164599999,1.2151836237023552,17282.352190849022,512,512,True,True,train
val,tb0832.png,0,0.322526,0.278787,0.325117,0.28024,0.15996749999999998,0.138667,0.4850845,0.41890700000000003,0.09111078807999999,1.1601377390807879,23884.146430443518,512,512,True,True,train
val,tb0191.png,0,0.730034,0.219115,0.2369,0.196835,0.6115839999999999,0.1206975,0.848484,0.3175325,0.046630211500000004,1.2035461173063733,12223.830163456001,512,512,True,True,train
val,tb0162.png,0,0.316669,0.291321,0.287406,0.228487,0.17296599999999998,0.1770775,0.460372,0.4055645,0.065668534722,1.2578658742072852,17214.61236616397,512,512,True,True,train
val,tb0927.png,0,0.732196,0.171143,0.098999,0.092977,0.6826964999999999,0.12465449999999999,0.7816955,0.21763149999999998,0.009204630023000001,1.0647687062391775,2412.9385327493123,512,512,True,True,train
val,tb1154.png,0,0.339995,0.328812,0.142147,0.140656,0.2689215,0.258484,0.4110685,0.39914,0.019993828432,1.0106003298828348,5241.262160478208,512,512,True,True,train
val,tb0033.png,0,0.687216,0.45774,0.234916,0.324926,0.569758,0.295277,0.8046740000000001,0.620203,0.076330316216,0.7229830792241927,20009.534414127105,512,512,True,True,train
val,tb0033.png,0,0.34869,0.394931,0.216617,0.266568,0.2403815,0.26164699999999996,0.4569985,0.528215,0.05774316045600001,0.8126144173344136,15137.023054577667,512,512,True,True,train
val,tb1052.png,0,0.280422,0.236238,0.073663,0.069012,0.2435905,0.201732,0.3172535,0.270744,0.005083630956000001,1.0673940763925114,1332.6433533296643,512,512,True,True,train
val,tb0846.png,0,0.396691,0.230588,0.137759,0.170384,0.32781150000000003,0.14539599999999997,0.4655705,0.31578,0.023471929456,0.8085207531223588,6153.025475313664,512,512,True,True,train
val,tb0135.png,0,0.313611,0.217631,0.238883,0.20178,0.19416949999999997,0.116741,0.43305249999999995,0.318521,0.048201811739999996,1.183878481514521,12635.815736770559,512,512,True,True,train
val,tb0135.png,0,0.629176,0.213922,0.157355,0.170623,0.5504985,0.12861050000000002,0.7078534999999999,0.2992335,0.026848382165,0.9222379163418766,7038.14229426176,512,512,True,True,train
val,tb0135.png,0,0.722676,0.547997,0.169897,0.15727,0.6377275,0.46936199999999995,0.8076245,0.626632,0.026719701189999997,1.0802886755261651,7004.409348751359,512,512,True,True,train
val,tb0695.png,0,0.303275,0.289193,0.284148,0.344097,0.161201,0.11714449999999998,0.445349,0.46124149999999997,0.097774474356,0.8257787774958806,25630.991805579262,512,512,True,True,train
val,tb0695.png,0,0.664573,0.276172,0.24199,0.279167,0.543578,0.13658849999999997,0.7855679999999999,0.41575549999999994,0.06755562233000001,0.8668288157267873,17709.301060075522,512,512,True,True,train
val,tb1080.png,0,0.378517,0.177572,0.18326,0.156281,0.286887,0.0994315,0.470147,0.2557125,0.028640056060000002,1.172631349940172,7507.8188557926405,512,512,True,True,test
val,tb0555.png,0,0.715637,0.269808,0.201599,0.192384,0.6148374999999999,0.173616,0.8164365,0.366,0.038784422016,1.0478989936793082,10167.103524962304,512,512,True,True,test
val,tb0239.png,0,0.324123,0.2739,0.255319,0.268679,0.19646349999999999,0.13956049999999998,0.4517825,0.4082395,0.068598853601,0.9502752355040774,17982.777878380544,512,512,True,True,test
val,tb0743.png,0,0.67545,0.32827,0.2747,0.377208,0.5381,0.139666,0.8128,0.5168740000000001,0.10361903759999999,0.728245424275201,27163.108992614398,512,512,True,True,train
val,tb0743.png,0,0.350183,0.356094,0.245661,0.391536,0.2273525,0.16032600000000002,0.47301350000000003,0.5518620000000001,0.096185125296,0.6274288954272403,25214.353485594624,512,512,True,True,train
val,tb0870.png,0,0.27719,0.303589,0.294286,0.309253,0.130047,0.1489625,0.42433299999999996,0.4582155,0.09100882835799999,0.9516027330373513,23857.41830107955,512,512,True,True,train
val,tb0870.png,0,0.740904,0.31868,0.337143,0.381989,0.5723325,0.1276855,0.9094755,0.5096745,0.12878491742700002,0.8825987135755218,33760.19339398349,512,512,True,True,train
val,tb1133.png,0,0.772742,0.334039,0.27525,0.421735,0.635117,0.12317149999999996,0.910367,0.5449065,0.11608255875000001,0.652661031216285,30430.346280960002,512,512,True,True,train
val,tb1133.png,0,0.328513,0.386382,0.332408,0.209372,0.162309,0.281696,0.49471699999999996,0.491068,0.069596927776,1.5876430468257454,18244.417034911745,512,512,True,True,train
val,tb1067.png,0,0.715927,0.40152,0.228765,0.194881,0.6015444999999999,0.3040795,0.8303095,0.4989605,0.044581951965,1.1738702079730707,11686.89121591296,512,512,True,True,test
val,tb1067.png,0,0.387769,0.421082,0.216274,0.236929,0.279632,0.3026175,0.49590599999999996,0.5395465,0.051241582545999996,0.912821984645189,13432.673414938623,512,512,True,True,test
val,tb0521.png,0,0.694382,0.340869,0.28675,0.440948,0.551007,0.12039499999999997,0.8377570000000001,0.5613429999999999,0.126441839,0.6503034371399802,33145.969442816,512,512,True,True,train
val,tb0521.png,0,0.336951,0.283761,0.286347,0.331683,0.1937775,0.11791949999999998,0.4801245,0.4496025,0.094976432001,0.8633152739211838,24897.501790470145,512,512,True,True,train
val,tb0145.png,0,0.362965,0.219071,0.192363,0.246801,0.26678349999999995,0.09567049999999999,0.4591465,0.3424715,0.047475380763,0.7794255290699795,12445.386214735872,512,512,True,True,train
val,tb0553.png,0,0.748316,0.333853,0.274731,0.294758,0.6109505,0.186474,0.8856815,0.481232,0.080979160098,0.9320561273994259,21228.200944730113,512,512,True,True,train
val,tb0498.png,0,0.746045,0.272033,0.300343,0.244313,0.5958735,0.14987650000000002,0.8962165,0.3941895,0.073377699359,1.2293369571001134,19235.523620765696,512,512,True,True,val
val,tb0849.png,0,0.767572,0.335337,0.221737,0.196835,0.6567035,0.2369195,0.8784405000000001,0.4337545,0.043645602395000004,1.1265120532425634,11441.432794234881,512,512,True,True,train
val,tb0849.png,0,0.368609,0.378858,0.281267,0.29179,0.22797550000000003,0.23296299999999998,0.5092425,0.524753,0.08207089793,0.9639363926111244,21514.39346696192,512,512,True,True,train
val,tb0494.png,0,0.596361,0.247795,0.113322,0.134093,0.5397000000000001,0.18074849999999998,0.653022,0.3148415,0.015195686946,0.8451000425078119,3983.458158772224,512,512,True,True,train
val,tb0404.png,0,0.375456,0.235524,0.240899,0.230713,0.2550065,0.12016750000000001,0.4959055,0.35088050000000004,0.055578530987000004,1.0441500912388986,14569.578427056129,512,512,True,True,train
val,tb0404.png,0,0.713072,0.229674,0.235903,0.25777,0.5951205,0.10078899999999999,0.8310235,0.35855899999999996,0.060808716310000004,0.9151685611203786,15940.640128368641,512,512,True,True,train
val,tb0863.png,0,0.806226,0.437457,0.263069,0.341319,0.6746915,0.2667975,0.9377605,0.6081165,0.089790448011,0.7707423260937716,23538.027203395584,512,512,True,True,train
val,tb0393.png,0,0.75943,0.347352,0.287521,0.381944,0.6156695000000001,0.15638,0.9031905,0.538324,0.109816920824,0.7527831305112792,28787.846892486657,512,512,True,True,train
val,tb0393.png,0,0.275028,0.500477,0.400506,0.644444,0.07477500000000001,0.17825499999999994,0.47528099999999995,0.822699,0.25810368866399996,0.6214752561898318,67660.3333611356,512,512,True,True,train
val,tb0286.png,0,0.352389,0.24145,0.23145,0.189583,0.236664,0.1466585,0.46811400000000003,0.33624149999999997,0.04387898535,1.2208373113623057,11502.6127355904,512,512,True,True,test
val,tb0286.png,0,0.749944,0.219748,0.221332,0.223264,0.639278,0.108116,0.8606100000000001,0.33138,0.049415467648,0.9913465672925327,12953.968351117312,512,512,True,True,test
val,tb1021.png,0,0.672662,0.347824,0.198708,0.190878,0.5733079999999999,0.252385,0.772016,0.443263,0.037928985623999996,1.04102096627165,9942.856007417855,512,512,True,True,train
val,tb1021.png,0,0.287913,0.362449,0.12469,0.093208,0.225568,0.31584500000000004,0.35025799999999996,0.409053,0.01162210552,1.3377607072354305,3046.66522943488,512,512,True,True,train
val,tb0619.png,0,0.332457,0.220846,0.249865,0.244807,0.2075245,0.09844249999999999,0.4573895,0.3432495,0.061168701055000003,1.020661173904341,16035.007969361921,512,512,True,True,train
val,tb0619.png,0,0.203217,0.826187,0.129241,0.102374,0.1385965,0.775,0.2678375,0.877374,0.013230918134,1.262439681950495,3468.405803319296,512,512,True,True,train
val,tb0266.png,0,0.36545,0.289449,0.229282,0.234861,0.250809,0.17201850000000002,0.480091,0.4068795,0.053849399802,0.9762455239482077,14116.297061695488,512,512,True,True,train
val,tb0408.png,0,0.33131,0.244922,0.18339,0.163194,0.239615,0.163325,0.42300499999999996,0.326519,0.02992814766,1.1237545497996249,7845.48434018304,512,512,True,True,train
val,tb0965.png,0,0.63143,0.313,0.298063,0.407352,0.48239850000000006,0.109324,0.7804615,0.516676,0.12141655917600001,0.7317086942005931,31828.622488633348,512,512,True,True,train
val,tb0965.png,0,0.267794,0.281206,0.232489,0.179831,0.15154949999999998,0.19129050000000003,0.38403849999999995,0.3711215,0.041808729359,1.2928193692967287,10959.907549085696,512,512,True,True,train
val,tb0965.png,0,0.153536,0.602866,0.107303,0.112767,0.09988450000000001,0.5464825,0.2071875,0.6592495,0.012100237401,0.9515461083473001,3172.004633247744,512,512,True,True,train
val,tb0485.png,0,0.361453,0.287804,0.241147,0.200347,0.24087950000000002,0.1876305,0.4820265,0.3879775,0.048313078009,1.2036466730223063,12664.983521591295,512,512,True,True,val
val,tb0884.png,0,0.805172,0.301172,0.243255,0.268056,0.6835445,0.167144,0.9267995,0.43520000000000003,0.06520596228,0.9074782881189005,17093.35177592832,512,512,True,True,train
val,tb0884.png,0,0.439868,0.292491,0.257167,0.211806,0.31128449999999996,0.186588,0.5684515,0.398394,0.054469513601999996,1.2141629604449353,14278.856173682687,512,512,True,True,train
val,tb0659.png,0,0.729076,0.297526,0.293423,0.265625,0.5823645,0.1647135,0.8757874999999999,0.4303385,0.077940484375,1.104651294117647,20431.630336,512,512,True,True,train
val,tb1167.png,0,0.628805,0.281117,0.205057,0.290138,0.5262764999999999,0.136048,0.7313335,0.426186,0.059494827866,0.7067567847024518,15596.212156104704,512,512,True,True,train
val,tb1132.png,0,0.226785,0.197107,0.28627,0.323937,0.08364999999999997,0.03513850000000002,0.36992,0.3590755,0.09273344499,0.8837212173972101,24309.51620345856,512,512,True,True,val
val,tb0725.png,0,0.682142,0.246954,0.224277,0.24958,0.5700035,0.12216400000000001,0.7942805000000001,0.371744,0.05597505366,0.8986176776985335,14673.52446664704,512,512,True,True,train
val,tb0725.png,0,0.316137,0.23619,0.258238,0.260343,0.187018,0.10601850000000002,0.445256,0.3663615,0.067230455634,0.9919145127773746,17624.060561719296,512,512,True,True,train
val,tb0264.png,0,0.70853,0.317233,0.312039,0.338127,0.5525105,0.14816949999999998,0.8645495,0.4862965,0.105508810953,0.922845558029971,27658.501738463234,512,512,True,True,train
val,tb0264.png,0,0.312953,0.289173,0.280917,0.253946,0.1724945,0.1622,0.45341149999999997,0.416146,0.07133774848199999,1.1062076189426098,18700.762738065405,512,512,True,True,train
val,tb0754.png,0,0.657378,0.26319,0.224296,0.309954,0.54523,0.10821299999999998,0.769526,0.41816699999999996,0.069521442384,0.7236428631345296,18224.628992311296,512,512,True,True,train
val,tb0754.png,0,0.403152,0.263013,0.217254,0.294722,0.29452500000000004,0.115652,0.511779,0.410374,0.06402953338799999,0.7371489064270736,16784.95800046387,512,512,True,True,train
val,tb0566.png,0,0.286317,0.293276,0.303181,0.303181,0.1347265,0.1416855,0.4379075,0.44486649999999994,0.09191871876099998,1.0,24095.94061088358,512,512,True,True,train
val,tb1085.png,0,0.35457,0.211889,0.189736,0.208996,0.259702,0.107391,0.449438,0.316387,0.039654065056,0.9078451262225115,10395.075230040064,512,512,True,True,train
val,tb0469.png,0,0.272573,0.320747,0.297101,0.20821,0.12402250000000001,0.216642,0.4211235,0.424852,0.061859399210000006,1.4269295422890351,16216.070346506242,512,512,True,True,train
val,tb0469.png,0,0.773409,0.314318,0.179487,0.163699,0.6836655,0.23246849999999997,0.8631525,0.3961675,0.029381842413000004,1.096445305102658,7702.273697513473,512,512,True,True,train
val,tb0691.png,0,0.323842,0.412311,0.241054,0.318588,0.20331500000000002,0.253017,0.444369,0.5716049999999999,0.076796911752,0.7566323904227403,20131.849634316288,512,512,True,True,train
val,tb1160.png,0,0.72763,0.351585,0.048675,0.042058,0.7032925,0.33055599999999996,0.7519675,0.372614,0.00204717315,1.1573303533216037,536.6541582336,512,512,True,True,train
val,tb0234.png,0,0.367069,0.296219,0.296931,0.14223,0.21860349999999998,0.22510400000000003,0.5155345,0.367334,0.04223249613,2.0876819236448005,11070.99546550272,512,512,True,True,train
val,tb0234.png,0,0.733593,0.338266,0.227695,0.220475,0.6197455000000001,0.22802850000000002,0.8474405,0.4485035,0.050201055125000005,1.032747477038213,13159.905394688001,512,512,True,True,train
val,tb1148.png,0,0.826863,0.594486,0.184181,0.182987,0.7347725,0.5029925,0.9189535,0.6859795,0.033702728647,1.006525053692339,8834.968098439169,512,512,True,True,train
val,tb0569.png,0,0.729791,0.326257,0.31694,0.386713,0.571321,0.13290050000000003,0.888261,0.5196135,0.12256481822,0.8195742061942578,32129.63170746368,512,512,True,True,train
val,tb0569.png,0,0.317967,0.456897,0.324888,0.633119,0.155523,0.1403375,0.48041100000000003,0.7734565,0.205692765672,0.5131547149903889,53921.12436432077,512,512,True,True,train
val,tb0514.png,0,0.213559,0.205515,0.20664,0.175569,0.110239,0.1177305,0.316879,0.2932995,0.03627957816,1.1769731558532541,9510.47373717504,512,512,True,True,train
val,tb1042.png,0,0.417578,0.152597,0.123295,0.120178,0.3559305,0.092508,0.4792255,0.21268600000000001,0.01481734651,1.0259365274842318,3884.27848351744,512,512,True,True,train
val,tb0507.png,0,0.754999,0.322478,0.116796,0.092977,0.696601,0.2759895,0.8133969999999999,0.3689665,0.010859341692,1.2561816363186593,2846.711268507648,512,512,True,True,train
val,tb0256.png,0,0.292868,0.277674,0.248008,0.277862,0.16886400000000001,0.13874299999999998,0.416872,0.416605,0.068911998896,0.8925581763609274,18064.867038593024,512,512,True,True,train
val,tb0256.png,0,0.688037,0.344492,0.239542,0.351992,0.568266,0.168496,0.807808,0.5204880000000001,0.08431686766400001,0.6805325121025477,22103.16095691162,512,512,True,True,train
val,tb1136.png,0,0.334683,0.265408,0.235666,0.2,0.21685000000000001,0.16540799999999997,0.45251600000000003,0.36540799999999996,0.0471332,1.1783299999999999,12355.6855808,512,512,True,True,test
val,tb1136.png,0,0.694716,0.236589,0.219646,0.179167,0.584893,0.1470055,0.804539,0.3261725,0.039353314882,1.2259288819927778,10316.235376427008,512,512,True,True,test
val,tb0356.png,0,0.645121,0.266593,0.253892,0.186944,0.518175,0.17312100000000002,0.7720670000000001,0.360065,0.047463586048,1.358117939061965,12442.294300966912,512,512,True,True,train
val,tb0356.png,0,0.273678,0.289343,0.272142,0.260138,0.13760699999999998,0.15927400000000003,0.409749,0.419412,0.070794475596,1.0461447385618403,18558.347010637823,512,512,True,True,train
val,tb0356.png,0,0.754891,0.513378,0.138486,0.21365,0.685648,0.406553,0.8241339999999999,0.6202030000000001,0.0295875339,0.648190966534051,7756.1944866816,512,512,True,True,train
val,tb0365.png,0,0.713298,0.233705,0.189832,0.181503,0.618382,0.1429535,0.808214,0.3244565,0.034455077496,1.0458890486658623,9032.191835111424,512,512,True,True,train
val,tb0365.png,0,0.340935,0.21961,0.232558,0.21365,0.224656,0.112785,0.457214,0.32643500000000003,0.0496860167,1.0884998829861923,13024.8911618048,512,512,True,True,train
val,tb0781.png,0,0.30609,0.228264,0.270394,0.232938,0.17089299999999996,0.11179499999999999,0.441287,0.344733,0.06298503757200001,1.1607981522980364,16511.14968927437,512,512,True,True,train
val,tb0155.png,0,0.306815,0.305416,0.272189,0.226014,0.1707205,0.19240900000000002,0.4429095,0.418423,0.061518524646,1.2043015034466893,16126.712124801024,512,512,True,True,train
val,tb1090.png,0,0.303485,0.272526,0.298904,0.303125,0.154033,0.1209635,0.45293700000000003,0.4240885,0.090605275,0.9860750515463919,23751.6292096,512,512,True,True,train
val,tb1090.png,0,0.710526,0.282943,0.248735,0.266319,0.5861585,0.1497835,0.8348935,0.4161025,0.066242856465,0.9339739184962396,17365.16736516096,512,512,True,True,train
val,tb1113.png,0,0.665723,0.179927,0.201816,0.166271,0.564815,0.0967915,0.766631,0.2630625,0.033556148136,1.2137775078035256,8796.542896963583,512,512,True,True,train
val,tb0500.png,0,0.731605,0.329471,0.268971,0.307292,0.5971194999999999,0.175825,0.8660905,0.483117,0.082652636532,0.8752945081551098,21666.89275104461,512,512,True,True,train
val,tb0500.png,0,0.375366,0.3227,0.234401,0.263889,0.2581655,0.1907555,0.49256649999999996,0.4546445,0.06185584548899999,0.8882560470500855,16215.138759868414,512,512,True,True,train
val,tb0585.png,0,0.711949,0.263131,0.219002,0.185954,0.6024480000000001,0.170154,0.82145,0.356108,0.040724297908,1.1777213719522033,10675.630350794752,512,512,True,True,train
val,tb1030.png,0,0.319016,0.322231,0.104847,0.120178,0.2665925,0.262142,0.37143950000000003,0.38232,0.012600302765999999,0.8724308941736424,3303.0937682903036,512,512,True,True,train
val,tb1030.png,0,0.74137,0.225544,0.1909,0.179031,0.6459199999999999,0.1360285,0.83682,0.3150595,0.034177017899999995,1.0662957811775613,8959.300180377599,512,512,True,True,train
val,tb0287.png,0,0.311917,0.255859,0.282884,0.343403,0.170475,0.0841575,0.453359,0.4275605,0.09714321425200001,0.8237668278960871,25465.51075687629,512,512,True,True,train
val,tb1028.png,0,0.712691,0.349679,0.148664,0.14639,0.638359,0.276484,0.7870229999999999,0.422874,0.021762922959999997,1.015533847940433,5705.019676426239,512,512,True,True,val
val,tb0274.png,0,0.743407,0.207553,0.183797,0.171115,0.6515085,0.12199549999999999,0.8353055,0.2931105,0.031450423655,1.074113900008766,8244.53985861632,512,512,True,True,train
val,tb0274.png,0,0.418461,0.26514,0.153462,0.194881,0.34173000000000003,0.1676995,0.495192,0.3625805,0.029906828022,0.7874651710531041,7839.895524999168,512,512,True,True,train
val,tb1157.png,0,0.252982,0.399945,0.117765,0.106405,0.19409949999999998,0.3467425,0.3118645,0.4531475,0.012530784824999999,1.1067619002866407,3284.8700571647996,512,512,True,True,train
val,tb0474.png,0,0.817723,0.360312,0.125606,0.111276,0.75492,0.304674,0.8805259999999999,0.41595000000000004,0.013976933256,1.1287788921240878,3663.969191460864,512,512,True,True,val
val,tb0006.png,0,0.313,0.413403,0.31656,0.459963,0.15472,0.18342150000000002,0.47128000000000003,0.6433845,0.14560588728,0.6882292706152452,38169.70971512832,512,512,True,True,val
val,tb0006.png,0,0.733771,0.514866,0.305139,0.633638,0.5812014999999999,0.19804700000000003,0.8863405,0.831685,0.19334766568200001,0.48156676209444504,50684.93047254221,512,512,True,True,val
val,tb0208.png,0,0.38251,0.257572,0.181098,0.193469,0.291961,0.16083750000000002,0.473059,0.3543065,0.035036848962,0.9360569393546253,9184.699734294529,512,512,True,True,train
val,tb0208.png,0,0.68063,0.210071,0.258783,0.293419,0.5512385,0.06336150000000002,0.8100215,0.3567805,0.07593184907699999,0.8819572011355774,19905.078644441084,512,512,True,True,train
val,tb1065.png,0,0.366714,0.236967,0.185333,0.203266,0.2740475,0.135334,0.45938049999999997,0.3386,0.037671897578,0.9117757027737053,9875.461918687231,512,512,True,True,train
val,tb0680.png,0,0.259478,0.262709,0.281312,0.289761,0.11882199999999998,0.11782850000000003,0.400134,0.40758950000000005,0.081513246432,0.9708414866044776,21368.20847267021,512,512,True,True,test
val,tb0680.png,0,0.584279,0.234379,0.239066,0.251988,0.464746,0.10838500000000001,0.703812,0.360373,0.060241763207999996,0.9487197803069988,15792.016774397951,512,512,True,True,test
val,tb1192.png,0,0.346698,0.194054,0.284148,0.228819,0.204624,0.07964450000000001,0.488772,0.3084635,0.065018461212,1.2418024726967605,17044.199495958528,512,512,True,True,train
val,tb1192.png,0,0.752052,0.185026,0.287099,0.214931,0.6085025000000001,0.07756049999999999,0.8956015,0.2924915,0.061706475169,1.3357728759462337,16175.982226702336,512,512,True,True,train
val,tb1161.png,0,0.351901,0.263458,0.241241,0.274242,0.2312805,0.12633700000000003,0.47252150000000004,0.400579,0.066158414322,0.8796646757243604,17343.031364026367,512,512,True,True,train
val,tb1161.png,0,0.709759,0.251962,0.268936,0.280573,0.575291,0.11167550000000001,0.8442270000000001,0.3922485,0.07545618032800001,0.9585241630520399,19780.384935903236,512,512,True,True,train
val,tb0980.png,0,0.362507,0.225825,0.245784,0.184722,0.23961500000000002,0.133464,0.485399,0.31818599999999997,0.045401712048,1.3305616006756098,11901.786403110911,512,512,True,True,train
val,tb0980.png,0,0.702094,0.299957,0.238617,0.291319,0.5827855,0.15429749999999998,0.8214025,0.44561649999999997,0.069513665823,0.8190917859803171,18222.590413504513,512,512,True,True,train
val,tb0577.png,0,0.668578,0.275998,0.234823,0.291319,0.5511665,0.13033850000000002,0.7859895,0.4216575,0.068408401537,0.8060682619396606,17932.852012515326,512,512,True,True,val
val,tb0577.png,0,0.257322,0.283984,0.322934,0.310764,0.095855,0.12860200000000002,0.41878899999999997,0.43936600000000003,0.100356261576,1.039161550243915,26307.791834578944,512,512,True,True,val
val,tb0792.png,0,0.653823,0.196311,0.277825,0.267361,0.5149105,0.0626305,0.7927355,0.3299915,0.074279569825,1.0391380941872599,19471.9435522048,512,512,True,True,val
val,tb0297.png,0,0.298047,0.283119,0.220667,0.22959,0.1877135,0.16832400000000003,0.40838050000000004,0.397914,0.05066293653,0.9611350668583127,13280.98483372032,512,512,True,True,train
val,tb0297.png,0,0.599214,0.228803,0.163,0.176941,0.517714,0.14033250000000003,0.680714,0.3172735,0.028841382999999998,0.9212110251439747,7560.5955051519995,512,512,True,True,train
val,tb0134.png,0,0.355651,0.211268,0.264911,0.206759,0.2231955,0.10788850000000001,0.4881065,0.3146475,0.054772733449,1.2812549876909833,14358.343437254656,512,512,True,True,val
val,tb0134.png,0,0.704558,0.206049,0.175447,0.127734,0.6168345000000001,0.14218200000000003,0.7922815,0.269916,0.022410547097999996,1.373534062974619,5874.790458458111,512,512,True,True,val
val,tb0751.png,0,0.681983,0.208455,0.215667,0.23755,0.5741495,0.08968,0.7898165,0.32723,0.05123169585,0.9078804462218479,13430.0816769024,512,512,True,True,train
val,tb0751.png,0,0.302459,0.241075,0.132871,0.14243,0.2360235,0.16986,0.36889449999999996,0.31229,0.01892481653,0.9328863301270799,4961.02710444032,512,512,True,True,train
val,tb0762.png,0,0.257512,0.324456,0.332962,0.317507,0.09103100000000003,0.16570250000000003,0.423993,0.4832095,0.10571776573399999,1.0486760921806448,27713.277980573694,512,512,True,True,train
val,tb0397.png,0,0.66606,0.26821,0.168551,0.204849,0.5817844999999999,0.1657855,0.7503355,0.3706345,0.034527503799,0.8228060669078199,9051.177955885056,512,512,True,True,train
val,tb0326.png,0,0.323886,0.262215,0.184154,0.171481,0.231809,0.17647449999999998,0.415963,0.3479555,0.031578912074,1.0739032312617725,8278.222326726656,512,512,True,True,train
val,tb0009.png,0,0.678234,0.31664,0.228411,0.199665,0.5640285,0.2168075,0.7924395,0.41647249999999997,0.045605682315,1.1439711516790625,11955.25598478336,512,512,True,True,train
val,tb1177.png,0,0.759404,0.202795,0.135222,0.110781,0.691793,0.1474045,0.827015,0.2581855,0.014980028382000002,1.2206244753161644,3926.9245601710086,512,512,True,True,train
val,tb1120.png,0,0.311038,0.398961,0.194147,0.225594,0.2139645,0.28616400000000003,0.40811149999999996,0.511758,0.043798398318,0.8606035621514756,11481.487328673791,512,512,True,True,val
val,tb0252.png,0,0.384913,0.291283,0.178444,0.287386,0.29569100000000004,0.14759000000000003,0.474135,0.43497600000000003,0.05128230738399999,0.6209209912800207,13443.349186871294,512,512,True,True,test
val,tb0860.png,0,0.323345,0.311168,0.1834,0.199801,0.231645,0.2112675,0.415045,0.4110685,0.0366435034,0.9179133237571384,9605.8745552896,512,512,True,True,val
val,tb0859.png,0,0.682302,0.193645,0.181974,0.177547,0.5913149999999999,0.1048715,0.773289,0.2824185,0.032308937778,1.024934242763888,8469.594184876032,512,512,True,True,train
val,tb0859.png,0,0.265303,0.522528,0.283514,0.218101,0.12354600000000002,0.4134775,0.40706,0.6315785,0.061834686913999994,1.299920678951495,16209.592166383614,512,512,True,True,train
val,tb0467.png,0,0.650111,0.182134,0.16952,0.234171,0.5653509999999999,0.0650485,0.734871,0.29921949999999997,0.03969666792,0.7239154293230161,10406.24331522048,512,512,True,True,train
val,tb0635.png,0,0.767483,0.213292,0.114114,0.114701,0.710426,0.1559415,0.82454,0.2706425,0.013088989914,0.994882346274226,3431.200172015616,512,512,True,True,train
val,tb0912.png,0,0.294114,0.239639,0.258082,0.244807,0.165073,0.11723549999999999,0.42315499999999995,0.3620425,0.063180280174,1.0542263905852365,16562.331365933056,512,512,True,True,train
val,tb0912.png,0,0.740234,0.412983,0.23653,0.41543,0.621969,0.20526799999999998,0.8584989999999999,0.620698,0.09826165790000001,0.5693618660183424,25758.704048537602,512,512,True,True,train
val,tb1011.png,0,0.321674,0.350173,0.278979,0.330366,0.18218450000000003,0.18499000000000002,0.4611635,0.515356,0.092165176314,0.8444543324676268,24160.547979657214,512,512,True,True,train
val,tb1011.png,0,0.753732,0.404328,0.288963,0.492087,0.6092504999999999,0.15828450000000002,0.8982135,0.6503715,0.142194935781,0.5872193331666962,37275.54924537447,512,512,True,True,train
val,tb0472.png,0,0.702818,0.348444,0.244533,0.329026,0.5805515000000001,0.18393099999999998,0.8250845,0.512957,0.08045771485799999,0.7432026648349979,21091.50720373555,512,512,True,True,test
val,tb0472.png,0,0.35093,0.311417,0.277336,0.276839,0.212262,0.1729975,0.48959800000000003,0.4498365,0.07677742090400001,1.0017952672853176,20126.74022545818,512,512,True,True,test
val,tb0987.png,0,0.313477,0.30957,0.213672,0.274089,0.20664100000000002,0.1725255,0.420313,0.4466145,0.05856514480800001,0.7795715990061621,15352.501320548354,512,512,True,True,test
val,tb0987.png,0,0.667969,0.240885,0.203125,0.213542,0.5664065,0.13411399999999998,0.7695315,0.34765599999999997,0.04337571875,0.9512180273669816,11370.684416,512,512,True,True,test
val,tb0938.png,0,0.736367,0.399886,0.250994,0.239066,0.61087,0.280353,0.861864,0.5194190000000001,0.060004131604,1.0498941714840253,15729.723075198975,512,512,True,True,train
val,tb0610.png,0,0.291979,0.206009,0.318832,0.273492,0.132563,0.06926299999999999,0.451395,0.34275500000000003,0.087198001344,1.1657818144589238,22858.432864321538,512,512,True,True,train
val,tb0610.png,0,0.69238,0.219857,0.242702,0.183482,0.571029,0.128116,0.813731,0.311598,0.044531448364000005,1.322756455674126,11673.651999932417,512,512,True,True,train
val,tb0108.png,0,0.333468,0.217631,0.317768,0.306627,0.174584,0.0643175,0.492352,0.3709445,0.097436248536,1.0363340475561513,25542.327936221183,512,512,True,True,train
val,tb0108.png,0,0.731247,0.172874,0.211276,0.143917,0.625609,0.1009155,0.836885,0.2448325,0.030406208091999995,1.4680406067386063,7970.805014069247,512,512,True,True,train
val,tb0917.png,0,0.694277,0.318864,0.319444,0.311911,0.534555,0.16290849999999998,0.8539990000000001,0.47481949999999995,0.099638097484,1.0241511200310345,26119.529426845696,512,512,True,True,test
val,tb0917.png,0,0.274833,0.306639,0.314683,0.320992,0.1174915,0.146143,0.4321745,0.46713499999999997,0.10101072553599999,0.9803453045558768,26479.35563490918,512,512,True,True,test
val,tb0343.png,0,0.744656,0.439912,0.242684,0.346252,0.6233139999999999,0.266786,0.865998,0.613038,0.08402982036800001,0.7008883703198826,22027.913230548995,512,512,True,True,train
val,tb0343.png,0,0.326027,0.421996,0.283369,0.406216,0.18434250000000002,0.21888799999999997,0.4677115,0.625104,0.115109021704,0.697582074561317,30175.139385573377,512,512,True,True,train
val,tb0950.png,0,0.355557,0.242112,0.267276,0.269535,0.221919,0.10734449999999998,0.48919500000000005,0.37687950000000003,0.07204023666,0.9916188992153152,18884.91579899904,512,512,True,True,train
val,tb0950.png,0,0.728201,0.296514,0.136493,0.121167,0.6599545,0.2359305,0.7964475,0.3570975,0.016538447331,1.126486584631129,4335.454737137664,512,512,True,True,train
val,tb0446.png,0,0.352389,0.287109,0.250843,0.384375,0.22696750000000002,0.09492149999999999,0.4778105,0.4792965,0.09641777812499999,0.6525996747967479,25275.342028799998,512,512,True,True,train
val,tb0446.png,0,0.721276,0.298394,0.281197,0.445139,0.5806775000000001,0.07582449999999999,0.8618745,0.5209635,0.125171751383,0.6317060513682242,32813.02359454515,512,512,True,True,train
val,tb0960.png,0,0.400336,0.207044,0.286268,0.277719,0.25720200000000004,0.06818450000000001,0.54347,0.34590350000000003,0.07950206269200001,1.0307829136645315,20840.98872233165,512,512,True,True,val
val,tb0090.png,0,0.317475,0.24508,0.268571,0.255687,0.1831895,0.1172365,0.4517605,0.37292349999999996,0.068670113277,1.0503897343236066,18001.458174885887,512,512,True,True,train
val,tb0898.png,0,0.352748,0.207493,0.184046,0.136993,0.260725,0.13899650000000002,0.444771,0.2759895,0.025213013678,1.343470104311899,6609.440257605632,512,512,True,True,test
val,tb0413.png,0,0.30058,0.24123,0.249379,0.225583,0.1758905,0.1284385,0.4252695,0.3540215,0.056255662957,1.1054866723113,14747.084510199807,512,512,True,True,train
val,tb0413.png,0,0.582995,0.247427,0.185296,0.205255,0.49034700000000003,0.14479950000000003,0.675643,0.3500545,0.03803293048,0.9027599814864437,9970.10452774912,512,512,True,True,train
val,tb0905.png,0,0.714904,0.313929,0.277143,0.220942,0.5763325,0.20345800000000003,0.8534754999999999,0.4244,0.061232528705999996,1.2543699251387241,16051.740005105663,512,512,True,True,test
val,tb1183.png,0,0.373679,0.307769,0.326307,0.368056,0.21052549999999998,0.12374100000000002,0.5368325,0.49179700000000004,0.120099249192,0.886568891690395,31483.29758018765,512,512,True,True,train
val,tb1183.png,0,0.825197,0.492665,0.294266,0.245486,0.678064,0.36992200000000003,0.9723299999999999,0.6154080000000001,0.07223818327600001,1.1987078692878617,18936.806316703747,512,512,True,True,train
val,tb0679.png,0,0.714376,0.244847,0.11919,0.115614,0.6547810000000001,0.18704,0.773971,0.302654,0.01378003266,1.0309305101458301,3612.35288162304,512,512,True,True,train
val,tb0642.png,0,0.731694,0.40235,0.20898,0.255687,0.627204,0.2745065,0.8361839999999999,0.5301935,0.05343346926,0.8173274354973072,14007.26336569344,512,512,True,True,train
val,tb1173.png,0,0.324091,0.465989,0.329026,0.673459,0.15957800000000003,0.12925949999999997,0.48860400000000004,0.8027185,0.221585520934,0.48856129326358394,58087.314799722495,512,512,True,True,train
val,tb1173.png,0,0.72593,0.468723,0.341451,0.657058,0.5552045,0.14019399999999999,0.8966554999999999,0.7972520000000001,0.22435311115800002,0.5196664525810507,58812.82197140276,512,512,True,True,train
val,tb0735.png,0,0.401866,0.214135,0.195218,0.195978,0.304257,0.11614599999999999,0.499475,0.312124,0.038258433204000006,0.9961220136954148,10029.218713829378,512,512,True,True,val
val,tb0735.png,0,0.731452,0.223093,0.150607,0.153199,0.6561485,0.1464935,0.8067555,0.29969250000000003,0.023072841793,0.983080829509331,6048.407038984192,512,512,True,True,val
val,tb0523.png,0,0.378949,0.24388,0.255902,0.263194,0.25099799999999994,0.11228300000000002,0.5069,0.375477,0.067351870988,0.9722942012355906,17655.88886827827,512,512,True,True,test
val,tb0523.png,0,0.763224,0.330686,0.20489,0.295833,0.660779,0.18276949999999997,0.865669,0.4786025,0.06061322337,0.6925866958723333,15889.39282710528,512,512,True,True,test
val,tb1060.png,0,0.656862,0.154241,0.202712,0.210282,0.5555059999999999,0.04909999999999999,0.758218,0.259382,0.042626684784,0.9640007228388545,11174.329656016896,512,512,True,True,test
val,tb1060.png,0,0.334949,0.141389,0.229836,0.158872,0.22003099999999998,0.06195299999999998,0.449867,0.220825,0.036514504992000006,1.446674052067073,9572.05839662285,512,512,True,True,test
val,tb0526.png,0,0.797236,0.387513,0.087027,0.075668,0.7537225,0.349679,0.8407494999999999,0.425347,0.006585159035999999,1.150116297510176,1726.2599303331838,512,512,True,True,train
val,tb0526.png,0,0.335614,0.369956,0.264324,0.448071,0.20345200000000002,0.1459205,0.467776,0.5939915,0.118435919004,0.5899154375087877,31047.265551384575,512,512,True,True,train
val,tb0515.png,0,0.241723,0.450304,0.309444,0.557986,0.087001,0.171311,0.396445,0.729297,0.172665419784,0.5545730538042173,45263.20380385689,512,512,True,True,val
val,tb0515.png,0,0.697457,0.438845,0.309443,0.557986,0.5427355,0.159852,0.8521785,0.717838,0.172664861798,0.5545712616445575,45263.05753117491,512,512,True,True,val
val,tb0812.png,0,0.796337,0.254971,0.247293,0.221068,0.6726905,0.144437,0.9199835,0.36550499999999997,0.054668568924,1.1186286572457345,14331.037332013057,512,512,True,True,test
val,tb1056.png,0,0.35104,0.306051,0.239085,0.223202,0.23149750000000002,0.19445,0.4705825,0.417652,0.05336425017,1.071159756633005,13989.11799656448,512,512,True,True,test
val,tb1056.png,0,0.692589,0.303583,0.239789,0.311354,0.5726945,0.14790599999999998,0.8124835,0.45926,0.074659264306,0.7701490907455821,19571.478182232066,512,512,True,True,test
val,tb1117.png,0,0.266754,0.247154,0.273469,0.248929,0.13001949999999998,0.1226895,0.4034885,0.3716185,0.068074364701,1.0985823266875294,17845.286260178946,512,512,True,True,test
val,tb1117.png,0,0.705757,0.244297,0.306122,0.298929,0.552696,0.09483249999999999,0.858818,0.3937615,0.091508743338,1.0240625700417156,23988.468013596674,512,512,True,True,test
val,tb0719.png,0,0.722147,0.342013,0.173961,0.124135,0.6351665,0.2799455,0.8091275,0.4040805,0.021594648735,1.4013855882708344,5660.90759798784,512,512,True,True,train
val,tb0719.png,0,0.392784,0.223813,0.144598,0.133037,0.320485,0.1572945,0.465083,0.2903315,0.019236884125999998,1.086900636664988,5042.833752326143,512,512,True,True,train
val,tb0493.png,0,0.303713,0.244568,0.259443,0.298211,0.17399150000000002,0.0954625,0.4334345,0.3936735,0.077368756473,0.8699980886016947,20281.75529685811,512,512,True,True,train
val,tb0726.png,0,0.702997,0.445376,0.275306,0.539565,0.565344,0.1755935,0.84065,0.7151585,0.14854548189,0.5102369501357575,38940.30680457216,512,512,True,True,test
val,tb0726.png,0,0.31451,0.439194,0.384872,0.576657,0.12207400000000002,0.15086549999999999,0.506946,0.7275225,0.221939132904,0.667419280438805,58180.012055986175,512,512,True,True,test
val,tb0032.png,0,0.344878,0.446792,0.242254,0.406858,0.22375100000000003,0.24336300000000002,0.466005,0.650221,0.098562977932,0.5954264141297455,25837.69328700621,512,512,True,True,train
val,tb0032.png,0,0.717237,0.318478,0.116549,0.155885,0.6589625,0.24053549999999999,0.7755115,0.39642049999999995,0.018168240865,0.747660134073195,4762.69533331456,512,512,True,True,train
val,tb0338.png,0,0.295264,0.393707,0.275717,0.339236,0.15740550000000003,0.22408899999999998,0.4331225,0.563325,0.09353313221199999,0.8127586694808334,24519.149410582526,512,512,True,True,train
val,tb0338.png,0,0.702516,0.451693,0.241147,0.345486,0.5819425,0.27895000000000003,0.8230895,0.624436,0.08331291244200001,0.6979935511135038,21839.98011919565,512,512,True,True,train
val,tb0096.png,0,0.41037,0.337068,0.278502,0.440653,0.271119,0.11674149999999997,0.549621,0.5573945,0.12272274180600001,0.632021114119273,32171.030427992067,512,512,True,True,train
val,tb0096.png,0,0.798264,0.363774,0.098806,0.091494,0.748861,0.318027,0.847667,0.40952099999999997,0.009040156164000002,1.0799178088180645,2369.8226974556164,512,512,True,True,train
val,tb0015.png,0,0.673022,0.230111,0.211107,0.181911,0.5674685,0.13915550000000002,0.7785755,0.32106650000000003,0.038402685476999994,1.16049606675792,10067.033581682686,512,512,True,True,train
val,tb0506.png,0,0.254971,0.504229,0.192384,0.227992,0.158779,0.39023300000000005,0.351163,0.618225,0.043862012928,0.8438190813712761,11498.163516997633,512,512,True,True,test
val,tb0506.png,0,0.293546,0.309372,0.067755,0.062809,0.25966849999999997,0.2779675,0.3274235,0.3407765,0.004255623795,1.0787466764317215,1115.58624411648,512,512,True,True,test
val,tb0713.png,0,0.28596,0.425347,0.317292,0.329377,0.12731399999999998,0.2606585,0.444606,0.5900354999999999,0.104508687084,0.9633095207012027,27396.325266948097,512,512,True,True,train
val,tb0713.png,0,0.751824,0.506454,0.289871,0.266073,0.6068885,0.37341749999999996,0.8967595,0.6394905,0.077126846583,1.0894416194052008,20218.34007065395,512,512,True,True,train
val,tb0713.png,0,0.135988,0.813082,0.085618,0.077151,0.093179,0.7745065,0.17879699999999998,0.8516575,0.006605514317999999,1.1097458231260775,1731.5959453777918,512,512,True,True,train
val,tb1099.png,0,0.262272,0.281817,0.239485,0.210292,0.1425295,0.17667099999999997,0.38201450000000003,0.386963,0.050361779620000005,1.138821258060221,13202.038356705281,512,512,True,True,train
val,tb0767.png,0,0.711875,0.306012,0.226307,0.281134,0.5987215,0.165445,0.8250285,0.446579,0.063622592138,0.8049791202771632,16678.280793423874,512,512,True,True,train
val,tb0767.png,0,0.395686,0.288462,0.248904,0.248734,0.271234,0.164095,0.520138,0.412829,0.061910887536,1.0006834610467406,16229.567702237184,512,512,True,True,train
val,tb1093.png,0,0.260905,0.30204,0.26602,0.310764,0.127895,0.14665799999999998,0.393915,0.457422,0.08266943927999999,0.8560193587416818,21671.297490616318,512,512,True,True,val
val,tb1093.png,0,0.692398,0.3727,0.17285,0.200694,0.605973,0.27235299999999996,0.7788229999999999,0.473047,0.034689957900000006,0.8612614228626665,9093.764323737601,512,512,True,True,val
val,tb0103.png,0,0.690031,0.352152,0.226126,0.301681,0.5769679999999999,0.20131150000000003,0.803094,0.5029925,0.06821791780599999,0.7495533361398299,17882.917845336062,512,512,True,True,train
val,tb0103.png,0,0.318928,0.414961,0.2667,0.401583,0.185578,0.2141695,0.45227799999999996,0.6157525,0.1071021861,0.6641217382209904,28076.1954729984,512,512,True,True,train
val,tb0372.png,0,0.673153,0.257196,0.182836,0.20178,0.581735,0.156306,0.764571,0.35808599999999996,0.03689264808,0.9061155714144118,9671.18633828352,512,512,True,True,test
val,tb1168.png,0,0.265332,0.352561,0.315346,0.246528,0.107659,0.22929700000000003,0.423005,0.475825,0.077741618688,1.279148818795431,20379.498889347073,512,512,True,True,train
val,tb0918.png,0,0.707236,0.415455,0.307027,0.466864,0.5537225,0.18202300000000002,0.8607495,0.648887,0.143339853328,0.6576369135337057,37575.68251081523,512,512,True,True,train
val,tb0918.png,0,0.295344,0.416939,0.274595,0.433234,0.1580465,0.200322,0.4326415,0.633556,0.11896389023,0.6338260616664435,31185.67004045312,512,512,True,True,train
val,tb0389.png,0,0.325848,0.347955,0.253034,0.291042,0.19933100000000004,0.202434,0.452365,0.493476,0.073643521428,0.8694071646016724,19305.207281221632,512,512,True,True,val
val,tb0667.png,0,0.642858,0.243103,0.203203,0.168644,0.5412565,0.158781,0.7444595,0.327425,0.034268966732,1.2049227959488626,8983.404014993408,512,512,True,True,train
val,tb0667.png,0,0.391107,0.264138,0.243577,0.204243,0.2693185,0.16201649999999998,0.5128955,0.36625949999999996,0.049748897211,1.1925843235753488,13041.374910480385,512,512,True,True,train
val,tb0433.png,0,0.282252,0.230737,0.190211,0.155786,0.1871465,0.15284399999999998,0.3773575,0.30863,0.029632210846000002,1.220976210956055,7767.9062800138245,512,512,True,True,train
val,tb0231.png,0,0.746262,0.560753,0.068879,0.07532,0.7118225,0.5230929999999999,0.7807014999999999,0.598413,0.005187966279999999,0.9144848645778013,1359.9942325043198,512,512,True,True,train
val,tb0548.png,0,0.76095,0.226781,0.273118,0.2636,0.624391,0.09498100000000001,0.897509,0.35858100000000004,0.07199390480000001,1.0361077389984827,18872.770179891202,512,512,True,True,train
val,tb0156.png,0,0.267496,0.563119,0.203005,0.186685,0.16599350000000002,0.46977650000000004,0.3689985,0.6564615,0.037897988424999994,1.0874199855371347,9934.730277683198,512,512,True,True,train
val,tb0501.png,0,0.383297,0.338799,0.338838,0.400593,0.213878,0.13850250000000003,0.552716,0.5390955,0.13573613093399997,0.8458410406572257,35582.41230756249,512,512,True,True,val
val,tb0501.png,0,0.793605,0.314071,0.28246,0.257171,0.652375,0.1854855,0.934835,0.4426565,0.07264052066,1.0983353488534866,19042.27664789504,512,512,True,True,val
val,tb0716.png,0,0.348182,0.323467,0.128841,0.110781,0.2837615,0.2680765,0.4126025,0.3788575,0.014273134821000002,1.1630243453299753,3741.6166545162246,512,512,True,True,train
val,tb0183.png,0,0.313326,0.24712,0.246072,0.280418,0.19029,0.106911,0.436362,0.38732900000000003,0.069003018096,0.8775185615759331,18088.727175757824,512,512,True,True,train
val,tb0183.png,0,0.688953,0.337784,0.240388,0.415234,0.568759,0.13016699999999998,0.8091470000000001,0.545401,0.09981727079199999,0.5789217645953848,26166.498634498046,512,512,True,True,train
val,tb0362.png,0,0.67807,0.359323,0.186606,0.188427,0.5847669999999999,0.2651095,0.771373,0.4535365,0.035161608762,0.9903357799041538,9217.404767305728,512,512,True,True,val
val,tb0362.png,0,0.318596,0.278215,0.194619,0.134026,0.2212865,0.211202,0.4159055,0.345228,0.026084006094,1.4520988464924713,6837.765693505536,512,512,True,True,val
val,tb0963.png,0,0.747777,0.587315,0.243797,0.251731,0.6258785,0.46144950000000007,0.8696755,0.7131805,0.061371262607,0.968482229046085,16088.108264849408,512,512,True,True,train
val,tb0370.png,0,0.328526,0.178808,0.16895,0.142928,0.244051,0.107344,0.41300099999999995,0.250272,0.0241476856,1.1820636964065823,6330.1708939264,512,512,True,True,train
val,tb0003.png,0,0.605969,0.222136,0.197535,0.271312,0.5072015,0.08648,0.7047365,0.357792,0.05359361592,0.7280732146016394,14049.24485173248,512,512,True,True,val
val,tb0003.png,0,0.314068,0.246367,0.196831,0.220021,0.21565250000000002,0.1363565,0.4124835,0.3563775,0.043306953451,0.894600969907418,11352.658005458945,512,512,True,True,val
val,tb0357.png,0,0.335841,0.333513,0.232334,0.267276,0.21967399999999998,0.199875,0.452008,0.467151,0.06209730218400001,0.8692662266720543,16278.435183722499,512,512,True,True,train
val,tb0824.png,0,0.613454,0.198344,0.195304,0.192878,0.5158020000000001,0.101905,0.711106,0.294783,0.037669844912,1.0125778989827767,9874.923824611327,512,512,True,True,val
val,tb0637.png,0,0.362251,0.298989,0.247129,0.287556,0.2386865,0.15521100000000002,0.48581549999999996,0.442767,0.071063426724,0.8594117319756848,18628.850935136255,512,512,True,True,test
val,tb0582.png,0,0.345055,0.256949,0.238177,0.130069,0.22596650000000001,0.1919145,0.4641435,0.3219835,0.030979444212999998,1.8311588464584183,8121.0754237726715,512,512,True,True,val
val,tb0582.png,0,0.671836,0.25596,0.212536,0.148862,0.565568,0.18152900000000002,0.778104,0.330391,0.031638534031999996,1.4277384423157018,8293.851865284607,512,512,True,True,val
val,tb0014.png,0,0.359241,0.360877,0.209877,0.236534,0.2543025,0.24261,0.46417949999999997,0.479144,0.049643046318,0.8873016141442669,13013.626733985791,512,512,True,True,train
val,tb0014.png,0,0.660376,0.275899,0.114781,0.113416,0.6029855,0.219191,0.7177665,0.332607,0.013018001896,1.0120353389292516,3412.591089025024,512,512,True,True,train
val,tb1150.png,0,0.675657,0.199085,0.202368,0.160732,0.574473,0.118719,0.7768409999999999,0.279451,0.032527013376,1.2590398924918496,8526.761394438145,512,512,True,True,val
val,tb1150.png,0,0.362686,0.220104,0.195371,0.167161,0.2650005,0.1365235,0.4603715,0.3036845,0.032658411731,1.168759459443291,8561.206684811264,512,512,True,True,val
val,tb1150.png,0,0.228402,0.396909,0.136706,0.123145,0.160049,0.33533650000000004,0.296755,0.4584815,0.01683466037,1.1101222136505744,4413.10520803328,512,512,True,True,val
val,tb1150.png,0,0.833354,0.451311,0.102261,0.100396,0.7822235000000001,0.401113,0.8844845,0.501509,0.010266595356,1.0185764373082593,2691.326373003264,512,512,True,True,val
val,tb0510.png,0,0.387269,0.31011,0.222556,0.179607,0.275991,0.22030650000000002,0.49854699999999996,0.3999135,0.039972615492,1.2391276509267457,10478.581315534848,512,512,True,True,train
val,tb0510.png,0,0.720269,0.263625,0.243911,0.2006,0.5983135,0.163325,0.8422245,0.363925,0.0489285466,1.2159072781655034,12826.3249199104,512,512,True,True,train
val,tb0223.png,0,0.305864,0.273022,0.173724,0.147379,0.21900200000000003,0.19933249999999997,0.392726,0.3467115,0.025603269396,1.1787568106718052,6711.743452545024,512,512,True,True,test
val,tb0352.png,0,0.268987,0.363032,0.279772,0.21365,0.12910099999999997,0.256207,0.408873,0.469857,0.059773287800000005,1.3094874795225837,15669.208757043201,512,512,True,True,val
