filename,image_path,label_path,duplicate_group,dhash,lesion_count,mean_lesion_area,max_lesion_area,lesion_count_category,area_group,width,height,brightness,contrast,sharpness,entropy,final_split
tb0139.png,/kaggle/input/notebooks/abdelazizomarrr/tuberculosis-detection-lesion-localization/tbx_yolo/images/train/tb0139.png,/kaggle/input/notebooks/abdelazizomarrr/tuberculosis-detection-lesion-localization/tbx_yolo/labels/train/tb0139.txt,0,15029518674730971248,2,0.050118311423,0.050694397306000005,2 lesions,Q2,512,512,87.5056266784668,66.36010487989795,103.29519312105549,7.015659332275391,train
tb0100.png,/kaggle/input/notebooks/abdelazizomarrr/tuberculosis-detection-lesion-localization/tbx_yolo/images/train/tb0100.png,/kaggle/input/notebooks/abdelazizomarrr/tuberculosis-detection-lesion-localization/tbx_yolo/labels/train/tb0100.txt,1,3472613497130627248,2,0.10349971792500001,0.10730426678400001,2 lesions,Q4,512,512,92.47550964355469,64.99951754968777,97.00033038854599,7.185055255889893,train
tb0085.png,/kaggle/input/notebooks/abdelazizomarrr/tuberculosis-detection-lesion-localization/tbx_yolo/images/train/tb0085.png,/kaggle/input/notebooks/abdelazizomarrr/tuberculosis-detection-lesion-localization/tbx_yolo/labels/train/tb0085.txt,2,12922853951554101488,1,0.044560173717999994,0.044560173717999994,1 lesion,Q2,512,512,156.0127410888672,66.96481975163344,248.95945300109452,7.525135040283203,test
tb0631.png,/kaggle/input/notebooks/abdelazizomarrr/tuberculosis-detection-lesion-localization/tbx_yolo/images/train/tb0631.png,/kaggle/input/notebooks/abdelazizomarrr/tuberculosis-detection-lesion-localization/tbx_yolo/labels/train/tb0631.txt,3,15048385332635560168,2,0.04502469376400001,0.04737655828,2 lesions,Q2,512,512,109.5363998413086,64.16724973489453,192.91192069345558,7.398056507110596,train
tb1180.png,/kaggle/input/notebooks/abdelazizomarrr/tuberculosis-detection-lesion-localization/tbx_yolo/images/train/tb1180.png,/kaggle/input/notebooks/abdelazizomarrr/tuberculosis-detection-lesion-localization/tbx_yolo/labels/train/tb1180.txt,4,17461893588778660016,1,0.05683087872,0.05683087872,1 lesion,Q3,512,512,152.89369583129883,66.03198128036286,205.89135275757872,7.520410060882568,test
tb0146.png,/kaggle/input/notebooks/abdelazizomarrr/tuberculosis-detection-lesion-localization/tbx_yolo/images/train/tb0146.png,/kaggle/input/notebooks/abdelazizomarrr/tuberculosis-detection-lesion-localization/tbx_yolo/labels/train/tb0146.txt,5,8112447146377273576,1,0.002637836364,0.002637836364,1 lesion,Q1,512,512,142.07603073120117,74.6603491207551,182.18535084067844,7.527387619018555,test
tb0081.png,/kaggle/input/notebooks/abdelazizomarrr/tuberculosis-detection-lesion-localization/tbx_yolo/images/train/tb0081.png,/kaggle/input/notebooks/abdelazizomarrr/tuberculosis-detection-lesion-localization/tbx_yolo/labels/train/tb0081.txt,6,7122692067413897424,2,0.056158991751999995,0.071226715,2 lesions,Q3,512,512,157.26713180541992,68.63258368721924,114.1878528578527,7.518336772918701,train
tb0518.png,/kaggle/input/notebooks/abdelazizomarrr/tuberculosis-detection-lesion-localization/tbx_yolo/images/train/tb0518.png,/kaggle/input/notebooks/abdelazizomarrr/tuberculosis-detection-lesion-localization/tbx_yolo/labels/train/tb0518.txt,65,3518879842620732656,1,0.034218959909,0.034218959909,1 lesion,Q1,512,512,101.31354141235352,69.34597094246992,89.15034137036128,7.034708023071289,train
tb1014.png,/kaggle/input/notebooks/abdelazizomarrr/tuberculosis-detection-lesion-localization/tbx_yolo/images/train/tb1014.png,/kaggle/input/notebooks/abdelazizomarrr/tuberculosis-detection-lesion-localization/tbx_yolo/labels/train/tb1014.txt,65,17498655755789857008,2,0.074602071904,0.078528892608,2 lesions,Q3,512,512,134.25796508789062,65.42604646378311,114.00413314472826,7.496976852416992,train
tb0021.png,/kaggle/input/notebooks/abdelazizomarrr/tuberculosis-detection-lesion-localization/tbx_yolo/images/train/tb0021.png,/kaggle/input/notebooks/abdelazizomarrr/tuberculosis-detection-lesion-localization/tbx_yolo/labels/train/tb0021.txt,7,17299508363636363474,2,0.061388233151,0.109759138174,2 lesions,Q3,512,512,154.72909545898438,65.14818371045475,203.00679256947478,7.572989463806152,train
tb1037.png,/kaggle/input/notebooks/abdelazizomarrr/tuberculosis-detection-lesion-localization/tbx_yolo/images/train/tb1037.png,/kaggle/input/notebooks/abdelazizomarrr/tuberculosis-detection-lesion-localization/tbx_yolo/labels/train/tb1037.txt,8,8192675795436630240,2,0.078046887555,0.0944036,2 lesions,Q4,512,512,123.48941421508789,66.59168888232185,80.30771603342146,7.166975975036621,train
tb0332.png,/kaggle/input/notebooks/abdelazizomarrr/tuberculosis-detection-lesion-localization/tbx_yolo/images/train/tb0332.png,/kaggle/input/notebooks/abdelazizomarrr/tuberculosis-detection-lesion-localization/tbx_yolo/labels/train/tb0332.txt,9,17344829130178458320,1,0.035753779347,0.035753779347,1 lesion,Q2,512,512,135.38275146484375,72.82483031685658,193.89460740423237,7.639023780822754,train
tb0549.png,/kaggle/input/notebooks/abdelazizomarrr/tuberculosis-detection-lesion-localization/tbx_yolo/images/train/tb0549.png,/kaggle/input/notebooks/abdelazizomarrr/tuberculosis-detection-lesion-localization/tbx_yolo/labels/train/tb0549.txt,10,16146304284524474608,2,0.054983151531,0.070788179799,2 lesions,Q3,512,512,148.84244918823242,71.50040782449156,199.2490353453759,7.521266937255859,train
tb0371.png,/kaggle/input/notebooks/abdelazizomarrr/tuberculosis-detection-lesion-localization/tbx_yolo/images/train/tb0371.png,/kaggle/input/notebooks/abdelazizomarrr/tuberculosis-detection-lesion-localization/tbx_yolo/labels/train/tb0371.txt,11,3041955815321958624,1,0.028269320144,0.028269320144,1 lesion,Q1,512,512,133.12506866455078,74.38859927439415,228.55507471319288,7.6512017250061035,val
tb1156.png,/kaggle/input/notebooks/abdelazizomarrr/tuberculosis-detection-lesion-localization/tbx_yolo/images/train/tb1156.png,/kaggle/input/notebooks/abdelazizomarrr/tuberculosis-detection-lesion-localization/tbx_yolo/labels/train/tb1156.txt,12,8121457096550109384,2,0.045220916846000006,0.051404829609,2 lesions,Q2,512,512,153.1566276550293,71.57489865836123,208.04890386444458,7.471858501434326,train
tb0738.png,/kaggle/input/notebooks/abdelazizomarrr/tuberculosis-detection-lesion-localization/tbx_yolo/images/train/tb0738.png,/kaggle/input/notebooks/abdelazizomarrr/tuberculosis-detection-lesion-localization/tbx_yolo/labels/train/tb0738.txt,13,17318227001459602932,2,0.0378861013225,0.038461462806999996,2 lesions,Q2,512,512,134.38594818115234,72.68832105935405,197.94673833319393,7.570873737335205,train
tb0991.png,/kaggle/input/notebooks/abdelazizomarrr/tuberculosis-detection-lesion-localization/tbx_yolo/images/train/tb0991.png,/kaggle/input/notebooks/abdelazizomarrr/tuberculosis-detection-lesion-localization/tbx_yolo/labels/train/tb0991.txt,14,7049460186740746480,2,0.05646872159500001,0.07055081007000001,2 lesions,Q3,512,512,124.02853393554688,67.96661175937334,77.70024653150176,7.585651397705078,train
tb0284.png,/kaggle/input/notebooks/abdelazizomarrr/tuberculosis-detection-lesion-localization/tbx_yolo/images/train/tb0284.png,/kaggle/input/notebooks/abdelazizomarrr/tuberculosis-detection-lesion-localization/tbx_yolo/labels/train/tb0284.txt,15,1752625502049923280,2,0.05887434757400001,0.06894670283500001,2 lesions,Q3,512,512,123.12992858886719,66.69412180356825,60.635685729270335,7.157520294189453,val
tb0567.png,/kaggle/input/notebooks/abdelazizomarrr/tuberculosis-detection-lesion-localization/tbx_yolo/images/train/tb0567.png,/kaggle/input/notebooks/abdelazizomarrr/tuberculosis-detection-lesion-localization/tbx_yolo/labels/train/tb0567.txt,16,2492340740000112752,1,0.03325078587,0.03325078587,1 lesion,Q1,512,512,140.55669784545898,72.7683054988311,298.28051894424425,7.614808082580566,train
tb0205.png,/kaggle/input/notebooks/abdelazizomarrr/tuberculosis-detection-lesion-localization/tbx_yolo/images/train/tb0205.png,/kaggle/input/notebooks/abdelazizomarrr/tuberculosis-detection-lesion-localization/tbx_yolo/labels/train/tb0205.txt,17,17335818635632161492,1,0.030717502929000003,0.030717502929000003,1 lesion,Q1,512,512,132.37171936035156,70.1080560780905,207.616968938848,7.674296855926514,train
tb0765.png,/kaggle/input/notebooks/abdelazizomarrr/tuberculosis-detection-lesion-localization/tbx_yolo/images/train/tb0765.png,/kaggle/input/notebooks/abdelazizomarrr/tuberculosis-detection-lesion-localization/tbx_yolo/labels/train/tb0765.txt,65,3482569708068200672,1,0.022887194304000002,0.022887194304000002,1 lesion,Q1,512,512,125.45242691040039,72.38143056169916,67.1794506162405,6.861072063446045,train
tb0908.png,/kaggle/input/notebooks/abdelazizomarrr/tuberculosis-detection-lesion-localization/tbx_yolo/images/train/tb0908.png,/kaggle/input/notebooks/abdelazizomarrr/tuberculosis-detection-lesion-localization/tbx_yolo/labels/train/tb0908.txt,18,17499213757940823266,1,0.08914354229,0.08914354229,1 lesion,Q4,512,512,143.15030670166016,66.53332870670063,278.16851189819863,7.704799175262451,train
tb1127.png,/kaggle/input/notebooks/abdelazizomarrr/tuberculosis-detection-lesion-localization/tbx_yolo/images/train/tb1127.png,/kaggle/input/notebooks/abdelazizomarrr/tuberculosis-detection-lesion-localization/tbx_yolo/labels/train/tb1127.txt,19,12697395789695119840,2,0.20397114072150002,0.205048363095,2 lesions,Q4,512,512,157.82123947143555,58.51761466672693,293.2819462707266,7.486645221710205,train
tb1115.png,/kaggle/input/notebooks/abdelazizomarrr/tuberculosis-detection-lesion-localization/tbx_yolo/images/train/tb1115.png,/kaggle/input/notebooks/abdelazizomarrr/tuberculosis-detection-lesion-localization/tbx_yolo/labels/train/tb1115.txt,20,3662468506344084436,2,0.078185876534,0.09386084504400001,2 lesions,Q4,512,512,106.09196853637695,55.535712556429644,386.5579825799068,7.413083076477051,train
tb0311.png,/kaggle/input/notebooks/abdelazizomarrr/tuberculosis-detection-lesion-localization/tbx_yolo/images/train/tb0311.png,/kaggle/input/notebooks/abdelazizomarrr/tuberculosis-detection-lesion-localization/tbx_yolo/labels/train/tb0311.txt,65,3645266642649280753,2,0.054850914355,0.055224299655999995,2 lesions,Q3,512,512,112.12541198730469,64.0731355189858,427.0641554567119,7.573949337005615,train
tb0203.png,/kaggle/input/notebooks/abdelazizomarrr/tuberculosis-detection-lesion-localization/tbx_yolo/images/train/tb0203.png,/kaggle/input/notebooks/abdelazizomarrr/tuberculosis-detection-lesion-localization/tbx_yolo/labels/train/tb0203.txt,21,17300352788566471136,2,0.077281618306,0.079600410578,2 lesions,Q4,512,512,140.43506622314453,66.54797739835264,226.0237385043729,7.662619113922119,train
tb0660.png,/kaggle/input/notebooks/abdelazizomarrr/tuberculosis-detection-lesion-localization/tbx_yolo/images/train/tb0660.png,/kaggle/input/notebooks/abdelazizomarrr/tuberculosis-detection-lesion-localization/tbx_yolo/labels/train/tb0660.txt,22,3644031891057996016,1,0.14393853446399998,0.14393853446399998,1 lesion,Q4,512,512,137.56501388549805,69.55606183575574,238.40406773994619,7.576820373535156,train
tb0663.png,/kaggle/input/notebooks/abdelazizomarrr/tuberculosis-detection-lesion-localization/tbx_yolo/images/train/tb0663.png,/kaggle/input/notebooks/abdelazizomarrr/tuberculosis-detection-lesion-localization/tbx_yolo/labels/train/tb0663.txt,23,8075687579970826740,1,0.0032157391,0.0032157391,1 lesion,Q1,512,512,144.8563995361328,69.83350381621669,225.74641648097895,7.5441741943359375,train
tb0140.png,/kaggle/input/notebooks/abdelazizomarrr/tuberculosis-detection-lesion-localization/tbx_yolo/images/train/tb0140.png,/kaggle/input/notebooks/abdelazizomarrr/tuberculosis-detection-lesion-localization/tbx_yolo/labels/train/tb0140.txt,65,17317632161392816368,1,0.031069865042999998,0.031069865042999998,1 lesion,Q1,512,512,125.92154312133789,77.80680639745077,229.11020955942513,7.467216968536377,train
tb0353.png,/kaggle/input/notebooks/abdelazizomarrr/tuberculosis-detection-lesion-localization/tbx_yolo/images/train/tb0353.png,/kaggle/input/notebooks/abdelazizomarrr/tuberculosis-detection-lesion-localization/tbx_yolo/labels/train/tb0353.txt,24,17476665527529305328,2,0.1230845048485,0.123895810922,2 lesions,Q4,512,512,133.67844772338867,75.59027650240675,221.1999229355133,7.566149711608887,val
tb0107.png,/kaggle/input/notebooks/abdelazizomarrr/tuberculosis-detection-lesion-localization/tbx_yolo/images/train/tb0107.png,/kaggle/input/notebooks/abdelazizomarrr/tuberculosis-detection-lesion-localization/tbx_yolo/labels/train/tb0107.txt,25,11589655959128037616,1,0.058753862495999995,0.058753862495999995,1 lesion,Q3,512,512,132.1585693359375,65.10589490970635,75.92968301974179,7.372836589813232,train
tb1131.png,/kaggle/input/notebooks/abdelazizomarrr/tuberculosis-detection-lesion-localization/tbx_yolo/images/train/tb1131.png,/kaggle/input/notebooks/abdelazizomarrr/tuberculosis-detection-lesion-localization/tbx_yolo/labels/train/tb1131.txt,26,1221199608272842992,1,0.014468400785999999,0.014468400785999999,1 lesion,Q1,512,512,120.97932434082031,82.22050758812757,308.4555911270436,7.3592610359191895,train
tb1070.png,/kaggle/input/notebooks/abdelazizomarrr/tuberculosis-detection-lesion-localization/tbx_yolo/images/train/tb1070.png,/kaggle/input/notebooks/abdelazizomarrr/tuberculosis-detection-lesion-localization/tbx_yolo/labels/train/tb1070.txt,27,17597312185375314161,1,0.029907991791,0.029907991791,1 lesion,Q1,512,512,123.24265670776367,67.50290813155424,59.993195298695355,7.314865589141846,val
tb0996.png,/kaggle/input/notebooks/abdelazizomarrr/tuberculosis-detection-lesion-localization/tbx_yolo/images/train/tb0996.png,/kaggle/input/notebooks/abdelazizomarrr/tuberculosis-detection-lesion-localization/tbx_yolo/labels/train/tb0996.txt,65,8112551599981918449,2,0.049159638155999996,0.055612535622,2 lesions,Q2,512,512,126.39674758911133,81.61206184107147,225.9508875030442,7.371622085571289,train
tb0829.png,/kaggle/input/notebooks/abdelazizomarrr/tuberculosis-detection-lesion-localization/tbx_yolo/images/train/tb0829.png,/kaggle/input/notebooks/abdelazizomarrr/tuberculosis-detection-lesion-localization/tbx_yolo/labels/train/tb0829.txt,28,3487108492065685728,2,0.057873448413500006,0.07162786228500001,2 lesions,Q3,512,512,129.02194213867188,69.98110837204254,59.80305792634317,6.98329496383667,train
tb0442.png,/kaggle/input/notebooks/abdelazizomarrr/tuberculosis-detection-lesion-localization/tbx_yolo/images/train/tb0442.png,/kaggle/input/notebooks/abdelazizomarrr/tuberculosis-detection-lesion-localization/tbx_yolo/labels/train/tb0442.txt,29,8688169022534046952,1,0.06816637263599999,0.06816637263599999,1 lesion,Q3,512,512,145.51617813110352,76.7554681523291,195.0619790260098,7.433567047119141,train
tb0678.png,/kaggle/input/notebooks/abdelazizomarrr/tuberculosis-detection-lesion-localization/tbx_yolo/images/train/tb0678.png,/kaggle/input/notebooks/abdelazizomarrr/tuberculosis-detection-lesion-localization/tbx_yolo/labels/train/tb0678.txt,30,3482890645204562128,2,0.056147492087999996,0.099924062715,2 lesions,Q3,512,512,111.81512069702148,69.00210277351353,87.4333252752549,7.279999732971191,val
tb0783.png,/kaggle/input/notebooks/abdelazizomarrr/tuberculosis-detection-lesion-localization/tbx_yolo/images/train/tb0783.png,/kaggle/input/notebooks/abdelazizomarrr/tuberculosis-detection-lesion-localization/tbx_yolo/labels/train/tb0783.txt,31,4105375865082837208,1,0.09384789012500001,0.09384789012500001,1 lesion,Q4,512,512,143.50691604614258,70.51134468573113,197.61329046427272,7.563193321228027,test
tb0530.png,/kaggle/input/notebooks/abdelazizomarrr/tuberculosis-detection-lesion-localization/tbx_yolo/images/train/tb0530.png,/kaggle/input/notebooks/abdelazizomarrr/tuberculosis-detection-lesion-localization/tbx_yolo/labels/train/tb0530.txt,32,17308374273491005664,2,0.0721823410825,0.07458765023700001,2 lesions,Q3,512,512,128.06482696533203,71.21750337027501,76.51096649152169,7.37571907043457,test
tb0543.png,/kaggle/input/notebooks/abdelazizomarrr/tuberculosis-detection-lesion-localization/tbx_yolo/images/train/tb0543.png,/kaggle/input/notebooks/abdelazizomarrr/tuberculosis-detection-lesion-localization/tbx_yolo/labels/train/tb0543.txt,21,17876532065893183976,2,0.0574805192935,0.092830884608,2 lesions,Q3,512,512,148.5209503173828,63.492968821521686,236.84401413513115,7.66046667098999,train
tb0653.png,/kaggle/input/notebooks/abdelazizomarrr/tuberculosis-detection-lesion-localization/tbx_yolo/images/train/tb0653.png,/kaggle/input/notebooks/abdelazizomarrr/tuberculosis-detection-lesion-localization/tbx_yolo/labels/train/tb0653.txt,33,8095979075684910276,2,0.06596668269099999,0.07391461938499999,2 lesions,Q3,512,512,147.29763412475586,70.73615603096763,233.26872229477158,7.5595383644104,train
tb0787.png,/kaggle/input/notebooks/abdelazizomarrr/tuberculosis-detection-lesion-localization/tbx_yolo/images/train/tb0787.png,/kaggle/input/notebooks/abdelazizomarrr/tuberculosis-detection-lesion-localization/tbx_yolo/labels/train/tb0787.txt,34,16169108152458989768,2,0.0637167608125,0.085002342033,2 lesions,Q3,512,512,141.45515060424805,61.74594389240894,169.9213135947939,7.621269226074219,test
tb0705.png,/kaggle/input/notebooks/abdelazizomarrr/tuberculosis-detection-lesion-localization/tbx_yolo/images/train/tb0705.png,/kaggle/input/notebooks/abdelazizomarrr/tuberculosis-detection-lesion-localization/tbx_yolo/labels/train/tb0705.txt,35,4049320673180759764,1,0.07583460259500001,0.07583460259500001,1 lesion,Q3,512,512,149.1485939025879,76.12271673030436,217.10411445492355,7.320261001586914,train
tb0600.png,/kaggle/input/notebooks/abdelazizomarrr/tuberculosis-detection-lesion-localization/tbx_yolo/images/train/tb0600.png,/kaggle/input/notebooks/abdelazizomarrr/tuberculosis-detection-lesion-localization/tbx_yolo/labels/train/tb0600.txt,65,3518634793265852656,2,0.06515138335199999,0.07771171091199999,2 lesions,Q3,512,512,132.39927673339844,67.8823996457611,50.74340040399693,7.061617851257324,train
tb0176.png,/kaggle/input/notebooks/abdelazizomarrr/tuberculosis-detection-lesion-localization/tbx_yolo/images/train/tb0176.png,/kaggle/input/notebooks/abdelazizomarrr/tuberculosis-detection-lesion-localization/tbx_yolo/labels/train/tb0176.txt,36,8082433777473868016,1,0.06016365373799999,0.06016365373799999,1 lesion,Q3,512,512,130.1512794494629,68.54883370971388,57.652605898547336,7.012053489685059,test
tb0732.png,/kaggle/input/notebooks/abdelazizomarrr/tuberculosis-detection-lesion-localization/tbx_yolo/images/train/tb0732.png,/kaggle/input/notebooks/abdelazizomarrr/tuberculosis-detection-lesion-localization/tbx_yolo/labels/train/tb0732.txt,37,8094395781059170508,2,0.107147348675,0.11130468999,2 lesions,Q4,512,512,130.8379135131836,74.1479762511803,291.95952479488915,7.65678596496582,train
tb0974.png,/kaggle/input/notebooks/abdelazizomarrr/tuberculosis-detection-lesion-localization/tbx_yolo/images/train/tb0974.png,/kaggle/input/notebooks/abdelazizomarrr/tuberculosis-detection-lesion-localization/tbx_yolo/labels/train/tb0974.txt,38,17452352850459941104,2,0.0407718676635,0.063394954545,2 lesions,Q2,512,512,150.5077362060547,68.71162959315842,223.84779238974443,7.542918682098389,test
tb0052.png,/kaggle/input/notebooks/abdelazizomarrr/tuberculosis-detection-lesion-localization/tbx_yolo/images/train/tb0052.png,/kaggle/input/notebooks/abdelazizomarrr/tuberculosis-detection-lesion-localization/tbx_yolo/labels/train/tb0052.txt,39,7361736347535856113,2,0.015757380389,0.021538639175,2 lesions,Q1,512,512,125.20879364013672,69.8746430113625,92.83862252892867,7.236794471740723,train
tb0080.png,/kaggle/input/notebooks/abdelazizomarrr/tuberculosis-detection-lesion-localization/tbx_yolo/images/train/tb0080.png,/kaggle/input/notebooks/abdelazizomarrr/tuberculosis-detection-lesion-localization/tbx_yolo/labels/train/tb0080.txt,40,17308374825398685896,1,0.13400211836700002,0.13400211836700002,1 lesion,Q4,512,512,157.44507217407227,59.60114664005983,374.29891044594115,7.4579877853393555,test
tb0476.png,/kaggle/input/notebooks/abdelazizomarrr/tuberculosis-detection-lesion-localization/tbx_yolo/images/train/tb0476.png,/kaggle/input/notebooks/abdelazizomarrr/tuberculosis-detection-lesion-localization/tbx_yolo/labels/train/tb0476.txt,41,17309359988859334896,2,0.0736239921595,0.078900486783,2 lesions,Q3,512,512,131.83422088623047,44.39064036389637,21.21606817234715,7.345853805541992,train
tb1165.png,/kaggle/input/notebooks/abdelazizomarrr/tuberculosis-detection-lesion-localization/tbx_yolo/images/train/tb1165.png,/kaggle/input/notebooks/abdelazizomarrr/tuberculosis-detection-lesion-localization/tbx_yolo/labels/train/tb1165.txt,42,17318481536247518668,2,0.061371510046,0.07209922489000001,2 lesions,Q3,512,512,145.94456481933594,70.95555809611585,221.46218950625916,7.65799617767334,train
tb0899.png,/kaggle/input/notebooks/abdelazizomarrr/tuberculosis-detection-lesion-localization/tbx_yolo/images/train/tb0899.png,/kaggle/input/notebooks/abdelazizomarrr/tuberculosis-detection-lesion-localization/tbx_yolo/labels/train/tb0899.txt,43,13318995347463375566,2,0.10164955876949999,0.102616355023,2 lesions,Q4,512,512,135.17190170288086,74.28920223676982,218.17173720766732,7.374454021453857,train
tb0226.png,/kaggle/input/notebooks/abdelazizomarrr/tuberculosis-detection-lesion-localization/tbx_yolo/images/train/tb0226.png,/kaggle/input/notebooks/abdelazizomarrr/tuberculosis-detection-lesion-localization/tbx_yolo/labels/train/tb0226.txt,65,17353384847312351472,1,0.035424143084,0.035424143084,1 lesion,Q2,512,512,133.45081329345703,78.67434337056136,153.2832973124314,7.4053263664245605,train
tb0315.png,/kaggle/input/notebooks/abdelazizomarrr/tuberculosis-detection-lesion-localization/tbx_yolo/images/train/tb0315.png,/kaggle/input/notebooks/abdelazizomarrr/tuberculosis-detection-lesion-localization/tbx_yolo/labels/train/tb0315.txt,44,17308093900280426736,1,0.03708909783600001,0.03708909783600001,1 lesion,Q2,512,512,140.92346954345703,57.924339623438,75.59459602460265,7.336394309997559,train
tb1066.png,/kaggle/input/notebooks/abdelazizomarrr/tuberculosis-detection-lesion-localization/tbx_yolo/images/train/tb1066.png,/kaggle/input/notebooks/abdelazizomarrr/tuberculosis-detection-lesion-localization/tbx_yolo/labels/train/tb1066.txt,45,13301552592563794160,1,0.011985940615,0.011985940615,1 lesion,Q1,512,512,120.46177673339844,75.18734507817616,110.96741481957724,6.810061454772949,train
tb0528.png,/kaggle/input/notebooks/abdelazizomarrr/tuberculosis-detection-lesion-localization/tbx_yolo/images/train/tb0528.png,/kaggle/input/notebooks/abdelazizomarrr/tuberculosis-detection-lesion-localization/tbx_yolo/labels/train/tb0528.txt,46,11684047941461473512,2,0.045293358107,0.055154552486,2 lesions,Q2,512,512,185.42950057983398,49.90847087737307,420.32366473134607,7.09149169921875,val
tb0431.png,/kaggle/input/notebooks/abdelazizomarrr/tuberculosis-detection-lesion-localization/tbx_yolo/images/train/tb0431.png,/kaggle/input/notebooks/abdelazizomarrr/tuberculosis-detection-lesion-localization/tbx_yolo/labels/train/tb0431.txt,47,8112728073720427712,1,0.08724114462,0.08724114462,1 lesion,Q4,512,512,147.4808464050293,58.81998504875197,501.19104499764217,7.3780622482299805,train
tb1108.png,/kaggle/input/notebooks/abdelazizomarrr/tuberculosis-detection-lesion-localization/tbx_yolo/images/train/tb1108.png,/kaggle/input/notebooks/abdelazizomarrr/tuberculosis-detection-lesion-localization/tbx_yolo/labels/train/tb1108.txt,48,17596467760458232560,1,0.05629885992,0.05629885992,1 lesion,Q3,512,512,147.75781631469727,57.372815574147154,100.29452479624888,7.29758882522583,train
tb1047.png,/kaggle/input/notebooks/abdelazizomarrr/tuberculosis-detection-lesion-localization/tbx_yolo/images/train/tb1047.png,/kaggle/input/notebooks/abdelazizomarrr/tuberculosis-detection-lesion-localization/tbx_yolo/labels/train/tb1047.txt,65,17335361653263430896,1,0.013724555428,0.013724555428,1 lesion,Q1,512,512,147.03835678100586,70.93080639480053,190.04643366100208,7.5459442138671875,train
tb0280.png,/kaggle/input/notebooks/abdelazizomarrr/tuberculosis-detection-lesion-localization/tbx_yolo/images/train/tb0280.png,/kaggle/input/notebooks/abdelazizomarrr/tuberculosis-detection-lesion-localization/tbx_yolo/labels/train/tb0280.txt,49,3657647143578817780,1,0.062971753617,0.062971753617,1 lesion,Q3,512,512,123.94052124023438,70.59242468458231,54.92397727210482,7.199490547180176,train
tb0229.png,/kaggle/input/notebooks/abdelazizomarrr/tuberculosis-detection-lesion-localization/tbx_yolo/images/train/tb0229.png,/kaggle/input/notebooks/abdelazizomarrr/tuberculosis-detection-lesion-localization/tbx_yolo/labels/train/tb0229.txt,50,8652140234155348724,2,0.016062269488,0.026753359655999998,2 lesions,Q1,512,512,148.92142868041992,68.63928348241004,184.1280616926815,7.599358558654785,train
tb1013.png,/kaggle/input/notebooks/abdelazizomarrr/tuberculosis-detection-lesion-localization/tbx_yolo/images/train/tb1013.png,/kaggle/input/notebooks/abdelazizomarrr/tuberculosis-detection-lesion-localization/tbx_yolo/labels/train/tb1013.txt,51,16731918473297458388,1,0.08513360182400001,0.08513360182400001,1 lesion,Q4,512,512,140.57062530517578,75.15696425876072,242.36859020258998,7.539220809936523,train
tb0098.png,/kaggle/input/notebooks/abdelazizomarrr/tuberculosis-detection-lesion-localization/tbx_yolo/images/train/tb0098.png,/kaggle/input/notebooks/abdelazizomarrr/tuberculosis-detection-lesion-localization/tbx_yolo/labels/train/tb0098.txt,52,8085267777040205013,1,0.017011194049999998,0.017011194049999998,1 lesion,Q1,512,512,123.92120742797852,63.22026875667247,56.10557192888518,7.25722599029541,train
tb1036.png,/kaggle/input/notebooks/abdelazizomarrr/tuberculosis-detection-lesion-localization/tbx_yolo/images/train/tb1036.png,/kaggle/input/notebooks/abdelazizomarrr/tuberculosis-detection-lesion-localization/tbx_yolo/labels/train/tb1036.txt,53,17375792494304948976,2,0.0774989667715,0.103855255253,2 lesions,Q4,512,512,143.33469772338867,61.23192092814347,560.0192855446948,7.514945983886719,train
tb0480.png,/kaggle/input/notebooks/abdelazizomarrr/tuberculosis-detection-lesion-localization/tbx_yolo/images/train/tb0480.png,/kaggle/input/notebooks/abdelazizomarrr/tuberculosis-detection-lesion-localization/tbx_yolo/labels/train/tb0480.txt,65,8688167927349178608,1,0.04009482162,0.04009482162,1 lesion,Q2,512,512,106.22184371948242,67.30383255401654,68.78394089028006,7.277762413024902,train
tb1086.png,/kaggle/input/notebooks/abdelazizomarrr/tuberculosis-detection-lesion-localization/tbx_yolo/images/train/tb1086.png,/kaggle/input/notebooks/abdelazizomarrr/tuberculosis-detection-lesion-localization/tbx_yolo/labels/train/tb1086.txt,54,12832922144595828849,1,0.083677417824,0.083677417824,1 lesion,Q4,512,512,152.2043685913086,72.681161544293,244.0907109369873,7.540022373199463,train
tb0238.png,/kaggle/input/notebooks/abdelazizomarrr/tuberculosis-detection-lesion-localization/tbx_yolo/images/train/tb0238.png,/kaggle/input/notebooks/abdelazizomarrr/tuberculosis-detection-lesion-localization/tbx_yolo/labels/train/tb0238.txt,55,3480216202346910416,1,0.072068428784,0.072068428784,1 lesion,Q3,512,512,143.00778579711914,57.42097639301353,223.91083740592876,7.456539630889893,val
tb0036.png,/kaggle/input/notebooks/abdelazizomarrr/tuberculosis-detection-lesion-localization/tbx_yolo/images/train/tb0036.png,/kaggle/input/notebooks/abdelazizomarrr/tuberculosis-detection-lesion-localization/tbx_yolo/labels/train/tb0036.txt,56,17317803133297021136,1,0.020871907014,0.020871907014,1 lesion,Q1,512,512,139.3842315673828,68.97070986327834,205.07685706146003,7.675769329071045,train
tb0851.png,/kaggle/input/notebooks/abdelazizomarrr/tuberculosis-detection-lesion-localization/tbx_yolo/images/train/tb0851.png,/kaggle/input/notebooks/abdelazizomarrr/tuberculosis-detection-lesion-localization/tbx_yolo/labels/train/tb0851.txt,57,17300071313585594608,2,0.077883069681,0.09325153368,2 lesions,Q4,512,512,137.9812355041504,58.679785490880555,85.95704079767165,7.253298759460449,train
tb0291.png,/kaggle/input/notebooks/abdelazizomarrr/tuberculosis-detection-lesion-localization/tbx_yolo/images/train/tb0291.png,/kaggle/input/notebooks/abdelazizomarrr/tuberculosis-detection-lesion-localization/tbx_yolo/labels/train/tb0291.txt,65,17407428043360825460,1,0.035987712532000005,0.035987712532000005,1 lesion,Q2,512,512,144.33213806152344,74.79358464955702,190.14116681274027,7.458473205566406,train
tb0814.png,/kaggle/input/notebooks/abdelazizomarrr/tuberculosis-detection-lesion-localization/tbx_yolo/images/train/tb0814.png,/kaggle/input/notebooks/abdelazizomarrr/tuberculosis-detection-lesion-localization/tbx_yolo/labels/train/tb0814.txt,58,12707921832199712996,2,0.071247488375,0.10113466113399999,2 lesions,Q3,512,512,144.89719772338867,77.98915001603373,208.21364318486303,7.47978401184082,train
tb0253.png,/kaggle/input/notebooks/abdelazizomarrr/tuberculosis-detection-lesion-localization/tbx_yolo/images/train/tb0253.png,/kaggle/input/notebooks/abdelazizomarrr/tuberculosis-detection-lesion-localization/tbx_yolo/labels/train/tb0253.txt,59,8112837490180813936,1,0.047929690059,0.047929690059,1 lesion,Q2,512,512,104.17458724975586,69.93898753653593,93.89343852396996,7.199667930603027,train
tb0409.png,/kaggle/input/notebooks/abdelazizomarrr/tuberculosis-detection-lesion-localization/tbx_yolo/images/train/tb0409.png,/kaggle/input/notebooks/abdelazizomarrr/tuberculosis-detection-lesion-localization/tbx_yolo/labels/train/tb0409.txt,60,8167157749741909232,2,0.08006951250049998,0.08460427969699999,2 lesions,Q4,512,512,129.84578704833984,67.0049135993318,79.43645434244536,7.172460079193115,train
tb0406.png,/kaggle/input/notebooks/abdelazizomarrr/tuberculosis-detection-lesion-localization/tbx_yolo/images/train/tb0406.png,/kaggle/input/notebooks/abdelazizomarrr/tuberculosis-detection-lesion-localization/tbx_yolo/labels/train/tb0406.txt,61,8761637844074803952,3,0.025403243776000003,0.035409367256,3+ lesions,Q1,512,512,123.96049499511719,65.79842420755502,83.53707468137145,7.50721549987793,train
tb1139.png,/kaggle/input/notebooks/abdelazizomarrr/tuberculosis-detection-lesion-localization/tbx_yolo/images/train/tb1139.png,/kaggle/input/notebooks/abdelazizomarrr/tuberculosis-detection-lesion-localization/tbx_yolo/labels/train/tb1139.txt,62,8085676241557179624,1,0.09088756123500001,0.09088756123500001,1 lesion,Q4,512,512,143.4117317199707,77.29070924244385,217.18994052702328,7.451903820037842,train
tb0154.png,/kaggle/input/notebooks/abdelazizomarrr/tuberculosis-detection-lesion-localization/tbx_yolo/images/train/tb0154.png,/kaggle/input/notebooks/abdelazizomarrr/tuberculosis-detection-lesion-localization/tbx_yolo/labels/train/tb0154.txt,63,16155280694228209904,2,0.025190223321000002,0.034302977982,2 lesions,Q1,512,512,137.96091842651367,74.75648359699375,225.39898599403386,7.587759971618652,test
tb1082.png,/kaggle/input/notebooks/abdelazizomarrr/tuberculosis-detection-lesion-localization/tbx_yolo/images/train/tb1082.png,/kaggle/input/notebooks/abdelazizomarrr/tuberculosis-detection-lesion-localization/tbx_yolo/labels/train/tb1082.txt,64,8129757862260043944,2,0.04992585472,0.055103540128000006,2 lesions,Q2,512,512,142.10834884643555,63.32888511332074,54.81601691246033,7.148698806762695,train
tb1098.png,/kaggle/input/notebooks/abdelazizomarrr/tuberculosis-detection-lesion-localization/tbx_yolo/images/train/tb1098.png,/kaggle/input/notebooks/abdelazizomarrr/tuberculosis-detection-lesion-localization/tbx_yolo/labels/train/tb1098.txt,65,8112586783817003760,1,0.013938445701,0.013938445701,1 lesion,Q1,512,512,152.95973205566406,70.91605209396342,201.0034993665613,7.479623794555664,train
tb0059.png,/kaggle/input/notebooks/abdelazizomarrr/tuberculosis-detection-lesion-localization/tbx_yolo/images/train/tb0059.png,/kaggle/input/notebooks/abdelazizomarrr/tuberculosis-detection-lesion-localization/tbx_yolo/labels/train/tb0059.txt,66,8238234572969664704,1,0.07485025438,0.07485025438,1 lesion,Q3,512,512,134.61253356933594,74.03246075497218,237.30456108645012,7.628948211669922,train
tb0034.png,/kaggle/input/notebooks/abdelazizomarrr/tuberculosis-detection-lesion-localization/tbx_yolo/images/train/tb0034.png,/kaggle/input/notebooks/abdelazizomarrr/tuberculosis-detection-lesion-localization/tbx_yolo/labels/train/tb0034.txt,67,8115964758410197240,2,0.168752233494,0.181073620488,2 lesions,Q4,512,512,125.18656158447266,76.33815364852381,250.42385095357895,7.472695350646973,train
tb0262.png,/kaggle/input/notebooks/abdelazizomarrr/tuberculosis-detection-lesion-localization/tbx_yolo/images/train/tb0262.png,/kaggle/input/notebooks/abdelazizomarrr/tuberculosis-detection-lesion-localization/tbx_yolo/labels/train/tb0262.txt,68,3526620546235232752,2,0.059887690159500004,0.0626039847,2 lesions,Q3,512,512,130.88553619384766,64.62411980681544,68.1058944305405,7.094543933868408,train
tb0450.png,/kaggle/input/notebooks/abdelazizomarrr/tuberculosis-detection-lesion-localization/tbx_yolo/images/train/tb0450.png,/kaggle/input/notebooks/abdelazizomarrr/tuberculosis-detection-lesion-localization/tbx_yolo/labels/train/tb0450.txt,69,12725966067863835377,2,0.0509904216695,0.067575056614,2 lesions,Q2,512,512,102.69128799438477,68.67842204128911,89.66511167712451,7.494194030761719,train
tb0539.png,/kaggle/input/notebooks/abdelazizomarrr/tuberculosis-detection-lesion-localization/tbx_yolo/images/train/tb0539.png,/kaggle/input/notebooks/abdelazizomarrr/tuberculosis-detection-lesion-localization/tbx_yolo/labels/train/tb0539.txt,59,17336209527035588852,1,0.033069930312,0.033069930312,1 lesion,Q1,512,512,108.58497619628906,60.258719452655946,274.7904423875152,7.401812553405762,train
tb0235.png,/kaggle/input/notebooks/abdelazizomarrr/tuberculosis-detection-lesion-localization/tbx_yolo/images/train/tb0235.png,/kaggle/input/notebooks/abdelazizomarrr/tuberculosis-detection-lesion-localization/tbx_yolo/labels/train/tb0235.txt,70,12813545626047544436,2,0.0583115769775,0.070528086236,2 lesions,Q3,512,512,134.21318435668945,67.53860689710147,90.8539710740879,7.222414493560791,val
tb0251.png,/kaggle/input/notebooks/abdelazizomarrr/tuberculosis-detection-lesion-localization/tbx_yolo/images/train/tb0251.png,/kaggle/input/notebooks/abdelazizomarrr/tuberculosis-detection-lesion-localization/tbx_yolo/labels/train/tb0251.txt,71,3527470326433767664,1,0.026633350432,0.026633350432,1 lesion,Q1,512,512,125.21114349365234,83.76326765515323,192.17116266580706,7.075400352478027,train
tb0255.png,/kaggle/input/notebooks/abdelazizomarrr/tuberculosis-detection-lesion-localization/tbx_yolo/images/train/tb0255.png,/kaggle/input/notebooks/abdelazizomarrr/tuberculosis-detection-lesion-localization/tbx_yolo/labels/train/tb0255.txt,72,17334518469598695664,3,0.03693956381400001,0.03961916218,3+ lesions,Q2,512,512,131.74041748046875,67.033763005844,69.14703370629286,7.372610569000244,val
tb0269.png,/kaggle/input/notebooks/abdelazizomarrr/tuberculosis-detection-lesion-localization/tbx_yolo/images/train/tb0269.png,/kaggle/input/notebooks/abdelazizomarrr/tuberculosis-detection-lesion-localization/tbx_yolo/labels/train/tb0269.txt,73,4079025110579212528,1,0.08611403631600001,0.08611403631600001,1 lesion,Q4,512,512,128.71306228637695,73.22710688057286,78.86236372774874,6.791194438934326,train
tb0407.png,/kaggle/input/notebooks/abdelazizomarrr/tuberculosis-detection-lesion-localization/tbx_yolo/images/train/tb0407.png,/kaggle/input/notebooks/abdelazizomarrr/tuberculosis-detection-lesion-localization/tbx_yolo/labels/train/tb0407.txt,74,17345106210335082692,1,0.024661839150000003,0.024661839150000003,1 lesion,Q1,512,512,150.01430892944336,70.74840005547522,235.53909752819163,7.5541157722473145,val
tb0598.png,/kaggle/input/notebooks/abdelazizomarrr/tuberculosis-detection-lesion-localization/tbx_yolo/images/train/tb0598.png,/kaggle/input/notebooks/abdelazizomarrr/tuberculosis-detection-lesion-localization/tbx_yolo/labels/train/tb0598.txt,75,4067756635198192872,1,0.027040329036,0.027040329036,1 lesion,Q1,512,512,136.60877990722656,80.09549716366199,216.71676624902466,7.261467933654785,train
tb0879.png,/kaggle/input/notebooks/abdelazizomarrr/tuberculosis-detection-lesion-localization/tbx_yolo/images/train/tb0879.png,/kaggle/input/notebooks/abdelazizomarrr/tuberculosis-detection-lesion-localization/tbx_yolo/labels/train/tb0879.txt,76,17300075157568812529,2,0.056990364506,0.083955794002,2 lesions,Q3,512,512,124.97107315063477,66.62845411232924,63.89969446673058,7.398497581481934,train
tb0373.png,/kaggle/input/notebooks/abdelazizomarrr/tuberculosis-detection-lesion-localization/tbx_yolo/images/train/tb0373.png,/kaggle/input/notebooks/abdelazizomarrr/tuberculosis-detection-lesion-localization/tbx_yolo/labels/train/tb0373.txt,77,8111707038107595888,2,0.08320731588649999,0.08503500762899999,2 lesions,Q4,512,512,126.81485748291016,73.02070068880676,91.09952916181646,7.371294021606445,val
tb1106.png,/kaggle/input/notebooks/abdelazizomarrr/tuberculosis-detection-lesion-localization/tbx_yolo/images/train/tb1106.png,/kaggle/input/notebooks/abdelazizomarrr/tuberculosis-detection-lesion-localization/tbx_yolo/labels/train/tb1106.txt,78,3518036658952992228,1,0.030839398262,0.030839398262,1 lesion,Q1,512,512,142.58644485473633,73.48775305079126,235.02323439320025,7.51202392578125,train
tb0447.png,/kaggle/input/notebooks/abdelazizomarrr/tuberculosis-detection-lesion-localization/tbx_yolo/images/train/tb0447.png,/kaggle/input/notebooks/abdelazizomarrr/tuberculosis-detection-lesion-localization/tbx_yolo/labels/train/tb0447.txt,30,12706262819494097104,1,0.041021451888,0.041021451888,1 lesion,Q2,512,512,119.89599227905273,71.31101356259697,205.60902253373933,7.470187187194824,val
tb0509.png,/kaggle/input/notebooks/abdelazizomarrr/tuberculosis-detection-lesion-localization/tbx_yolo/images/train/tb0509.png,/kaggle/input/notebooks/abdelazizomarrr/tuberculosis-detection-lesion-localization/tbx_yolo/labels/train/tb0509.txt,79,15426713916741283952,2,0.1153269917435,0.129077772712,2 lesions,Q4,512,512,85.83905792236328,66.16446757944904,172.5438144595828,7.1831207275390625,train
tb1043.png,/kaggle/input/notebooks/abdelazizomarrr/tuberculosis-detection-lesion-localization/tbx_yolo/images/train/tb1043.png,/kaggle/input/notebooks/abdelazizomarrr/tuberculosis-detection-lesion-localization/tbx_yolo/labels/train/tb1043.txt,80,1790403887819192568,1,0.008956347036,0.008956347036,1 lesion,Q1,512,512,125.9105453491211,71.81901814966996,61.51557758077979,6.998116493225098,train
tb1079.png,/kaggle/input/notebooks/abdelazizomarrr/tuberculosis-detection-lesion-localization/tbx_yolo/images/train/tb1079.png,/kaggle/input/notebooks/abdelazizomarrr/tuberculosis-detection-lesion-localization/tbx_yolo/labels/train/tb1079.txt,65,17335080315159442672,1,0.012518669036000001,0.012518669036000001,1 lesion,Q1,512,512,140.14667892456055,72.5575812473695,226.56526128899714,7.609565734863281,train
tb1018.png,/kaggle/input/notebooks/abdelazizomarrr/tuberculosis-detection-lesion-localization/tbx_yolo/images/train/tb1018.png,/kaggle/input/notebooks/abdelazizomarrr/tuberculosis-detection-lesion-localization/tbx_yolo/labels/train/tb1018.txt,81,7215932516483000809,1,0.07635425572,0.07635425572,1 lesion,Q3,512,512,132.5716438293457,65.01199788964436,97.4274658546201,7.456101417541504,train
tb1092.png,/kaggle/input/notebooks/abdelazizomarrr/tuberculosis-detection-lesion-localization/tbx_yolo/images/train/tb1092.png,/kaggle/input/notebooks/abdelazizomarrr/tuberculosis-detection-lesion-localization/tbx_yolo/labels/train/tb1092.txt,82,16160083574467912952,2,0.0501604330195,0.053843409131,2 lesions,Q2,512,512,145.11268615722656,77.62254364626048,237.8969683948526,7.375935077667236,train
tb0117.png,/kaggle/input/notebooks/abdelazizomarrr/tuberculosis-detection-lesion-localization/tbx_yolo/images/train/tb0117.png,/kaggle/input/notebooks/abdelazizomarrr/tuberculosis-detection-lesion-localization/tbx_yolo/labels/train/tb0117.txt,83,3522821629940986608,1,0.029614277418,0.029614277418,1 lesion,Q1,512,512,137.81692504882812,72.05685404981877,189.41564561727864,7.451854705810547,train
tb0062.png,/kaggle/input/notebooks/abdelazizomarrr/tuberculosis-detection-lesion-localization/tbx_yolo/images/train/tb0062.png,/kaggle/input/notebooks/abdelazizomarrr/tuberculosis-detection-lesion-localization/tbx_yolo/labels/train/tb0062.txt,84,16155417584507876560,1,0.074203459362,0.074203459362,1 lesion,Q3,512,512,121.29549407958984,59.388745724545885,272.3161083124578,7.4944915771484375,train
tb0037.png,/kaggle/input/notebooks/abdelazizomarrr/tuberculosis-detection-lesion-localization/tbx_yolo/images/train/tb0037.png,/kaggle/input/notebooks/abdelazizomarrr/tuberculosis-detection-lesion-localization/tbx_yolo/labels/train/tb0037.txt,85,4074521377254209648,1,0.08476712132000001,0.08476712132000001,1 lesion,Q4,512,512,93.6410026550293,69.68369349514488,95.18724519846728,7.102410316467285,val
tb0435.png,/kaggle/input/notebooks/abdelazizomarrr/tuberculosis-detection-lesion-localization/tbx_yolo/images/train/tb0435.png,/kaggle/input/notebooks/abdelazizomarrr/tuberculosis-detection-lesion-localization/tbx_yolo/labels/train/tb0435.txt,86,17390001879298193648,2,0.190294033869,0.193299423408,2 lesions,Q4,512,512,141.5681915283203,70.79777539438913,221.01956434710883,7.645238876342773,test
tb0954.png,/kaggle/input/notebooks/abdelazizomarrr/tuberculosis-detection-lesion-localization/tbx_yolo/images/train/tb0954.png,/kaggle/input/notebooks/abdelazizomarrr/tuberculosis-detection-lesion-localization/tbx_yolo/labels/train/tb0954.txt,87,17336205111809205472,2,0.041024317300500004,0.06204345361500001,2 lesions,Q2,512,512,141.30241775512695,67.99475582959568,426.5852771340724,7.689818859100342,val
tb0240.png,/kaggle/input/notebooks/abdelazizomarrr/tuberculosis-detection-lesion-localization/tbx_yolo/images/train/tb0240.png,/kaggle/input/notebooks/abdelazizomarrr/tuberculosis-detection-lesion-localization/tbx_yolo/labels/train/tb0240.txt,88,3699341728309961970,2,0.079693530756,0.103395874184,2 lesions,Q4,512,512,143.74769592285156,72.01397009551204,211.19545912742615,7.614134311676025,train
tb0755.png,/kaggle/input/notebooks/abdelazizomarrr/tuberculosis-detection-lesion-localization/tbx_yolo/images/train/tb0755.png,/kaggle/input/notebooks/abdelazizomarrr/tuberculosis-detection-lesion-localization/tbx_yolo/labels/train/tb0755.txt,89,8130285622488252656,1,0.0066490611960000005,0.0066490611960000005,1 lesion,Q1,512,512,139.46493530273438,69.01117924465574,55.78911972044443,6.901008129119873,train
tb1175.png,/kaggle/input/notebooks/abdelazizomarrr/tuberculosis-detection-lesion-localization/tbx_yolo/images/train/tb1175.png,/kaggle/input/notebooks/abdelazizomarrr/tuberculosis-detection-lesion-localization/tbx_yolo/labels/train/tb1175.txt,90,8114557110229201136,2,0.083357732016,0.112263897288,2 lesions,Q4,512,512,125.29219818115234,71.38528032183343,57.0313715338707,7.274803638458252,test
tb0377.png,/kaggle/input/notebooks/abdelazizomarrr/tuberculosis-detection-lesion-localization/tbx_yolo/images/train/tb0377.png,/kaggle/input/notebooks/abdelazizomarrr/tuberculosis-detection-lesion-localization/tbx_yolo/labels/train/tb0377.txt,91,8446141240589738216,2,0.069031646074,0.074600418255,2 lesions,Q3,512,512,125.3852424621582,65.24316966086919,92.99130030347442,7.593818664550781,train
tb1004.png,/kaggle/input/notebooks/abdelazizomarrr/tuberculosis-detection-lesion-localization/tbx_yolo/images/train/tb1004.png,/kaggle/input/notebooks/abdelazizomarrr/tuberculosis-detection-lesion-localization/tbx_yolo/labels/train/tb1004.txt,92,17336244711409631480,1,0.046776316552,0.046776316552,1 lesion,Q2,512,512,134.53305053710938,67.55584389420856,93.85054415091872,7.3450140953063965,train
tb0742.png,/kaggle/input/notebooks/abdelazizomarrr/tuberculosis-detection-lesion-localization/tbx_yolo/images/train/tb0742.png,/kaggle/input/notebooks/abdelazizomarrr/tuberculosis-detection-lesion-localization/tbx_yolo/labels/train/tb0742.txt,93,12831488552007657636,1,0.052743239038,0.052743239038,1 lesion,Q3,512,512,141.90367889404297,76.61614286605528,284.97825213543547,7.550974369049072,train
tb0657.png,/kaggle/input/notebooks/abdelazizomarrr/tuberculosis-detection-lesion-localization/tbx_yolo/images/train/tb0657.png,/kaggle/input/notebooks/abdelazizomarrr/tuberculosis-detection-lesion-localization/tbx_yolo/labels/train/tb0657.txt,94,17479476427910932712,1,0.012647644639,0.012647644639,1 lesion,Q1,512,512,144.76158142089844,56.63889244517499,87.65376605580968,7.193278789520264,train
tb0319.png,/kaggle/input/notebooks/abdelazizomarrr/tuberculosis-detection-lesion-localization/tbx_yolo/images/train/tb0319.png,/kaggle/input/notebooks/abdelazizomarrr/tuberculosis-detection-lesion-localization/tbx_yolo/labels/train/tb0319.txt,95,3505229538889673192,2,0.051835884526000006,0.072520388172,2 lesions,Q2,512,512,124.97529983520508,76.2809707296791,198.10606209641264,7.495827674865723,val
tb0020.png,/kaggle/input/notebooks/abdelazizomarrr/tuberculosis-detection-lesion-localization/tbx_yolo/images/train/tb0020.png,/kaggle/input/notebooks/abdelazizomarrr/tuberculosis-detection-lesion-localization/tbx_yolo/labels/train/tb0020.txt,96,8695143947024623848,2,0.052497888004500004,0.069672522192,2 lesions,Q3,512,512,136.60855102539062,80.80053318036663,198.81442949356278,7.307160377502441,train
tb0250.png,/kaggle/input/notebooks/abdelazizomarrr/tuberculosis-detection-lesion-localization/tbx_yolo/images/train/tb0250.png,/kaggle/input/notebooks/abdelazizomarrr/tuberculosis-detection-lesion-localization/tbx_yolo/labels/train/tb0250.txt,97,8109773151274054384,1,0.008317628046000001,0.008317628046000001,1 lesion,Q1,512,512,128.32233428955078,73.84255758083164,240.46411547517346,7.61037015914917,val
tb0852.png,/kaggle/input/notebooks/abdelazizomarrr/tuberculosis-detection-lesion-localization/tbx_yolo/images/train/tb0852.png,/kaggle/input/notebooks/abdelazizomarrr/tuberculosis-detection-lesion-localization/tbx_yolo/labels/train/tb0852.txt,98,8689646671320693232,1,0.02157481181,0.02157481181,1 lesion,Q1,512,512,113.26174926757812,68.36354651926725,231.95446641404124,7.576861381530762,train
tb0587.png,/kaggle/input/notebooks/abdelazizomarrr/tuberculosis-detection-lesion-localization/tbx_yolo/images/train/tb0587.png,/kaggle/input/notebooks/abdelazizomarrr/tuberculosis-detection-lesion-localization/tbx_yolo/labels/train/tb0587.txt,99,8118216283884548308,2,0.081815695041,0.111932959746,2 lesions,Q4,512,512,136.56597137451172,76.9879280904929,202.33231860003434,7.558810710906982,test
tb0596.png,/kaggle/input/notebooks/abdelazizomarrr/tuberculosis-detection-lesion-localization/tbx_yolo/images/train/tb0596.png,/kaggle/input/notebooks/abdelazizomarrr/tuberculosis-detection-lesion-localization/tbx_yolo/labels/train/tb0596.txt,100,3483415236821898480,1,0.014471315624000001,0.014471315624000001,1 lesion,Q1,512,512,142.9561996459961,75.97674267642958,173.01639142456406,7.449505805969238,train
tb0197.png,/kaggle/input/notebooks/abdelazizomarrr/tuberculosis-detection-lesion-localization/tbx_yolo/images/train/tb0197.png,/kaggle/input/notebooks/abdelazizomarrr/tuberculosis-detection-lesion-localization/tbx_yolo/labels/train/tb0197.txt,101,8320847497972084976,1,0.02677911056,0.02677911056,1 lesion,Q1,512,512,103.83116149902344,66.48496865806885,274.80943433142966,7.1282806396484375,train
tb1055.png,/kaggle/input/notebooks/abdelazizomarrr/tuberculosis-detection-lesion-localization/tbx_yolo/images/train/tb1055.png,/kaggle/input/notebooks/abdelazizomarrr/tuberculosis-detection-lesion-localization/tbx_yolo/labels/train/tb1055.txt,65,12741974939988586736,4,0.099913171866,0.12466026973199999,3+ lesions,Q4,512,512,129.45637130737305,66.82286532406944,78.91947162285214,7.0909528732299805,train
tb0477.png,/kaggle/input/notebooks/abdelazizomarrr/tuberculosis-detection-lesion-localization/tbx_yolo/images/train/tb0477.png,/kaggle/input/notebooks/abdelazizomarrr/tuberculosis-detection-lesion-localization/tbx_yolo/labels/train/tb0477.txt,102,3519162420837904496,1,0.08721177090599999,0.08721177090599999,1 lesion,Q4,512,512,117.40675735473633,75.8178551268026,67.50086829788052,6.810792922973633,train
tb0855.png,/kaggle/input/notebooks/abdelazizomarrr/tuberculosis-detection-lesion-localization/tbx_yolo/images/train/tb0855.png,/kaggle/input/notebooks/abdelazizomarrr/tuberculosis-detection-lesion-localization/tbx_yolo/labels/train/tb0855.txt,103,17317803137610928344,2,0.0624525103815,0.064247475828,2 lesions,Q3,512,512,149.5020294189453,71.10884285943436,244.73666119865084,7.6030073165893555,train
tb1050.png,/kaggle/input/notebooks/abdelazizomarrr/tuberculosis-detection-lesion-localization/tbx_yolo/images/train/tb1050.png,/kaggle/input/notebooks/abdelazizomarrr/tuberculosis-detection-lesion-localization/tbx_yolo/labels/train/tb1050.txt,104,8166915303281963217,1,0.047754584784,0.047754584784,1 lesion,Q2,512,512,131.7415008544922,69.83296681059878,343.48779941670364,7.686762809753418,train
tb0217.png,/kaggle/input/notebooks/abdelazizomarrr/tuberculosis-detection-lesion-localization/tbx_yolo/images/train/tb0217.png,/kaggle/input/notebooks/abdelazizomarrr/tuberculosis-detection-lesion-localization/tbx_yolo/labels/train/tb0217.txt,105,8117794623334740696,2,0.010899327713,0.011143377730000001,2 lesions,Q1,512,512,141.40752792358398,68.2778321240475,222.85670453797502,7.620146751403809,train
tb0617.png,/kaggle/input/notebooks/abdelazizomarrr/tuberculosis-detection-lesion-localization/tbx_yolo/images/train/tb0617.png,/kaggle/input/notebooks/abdelazizomarrr/tuberculosis-detection-lesion-localization/tbx_yolo/labels/train/tb0617.txt,106,3527615463170404464,1,0.02222844316,0.02222844316,1 lesion,Q1,512,512,117.40929794311523,81.03277333131524,239.29370445176028,7.211112022399902,test
tb1122.png,/kaggle/input/notebooks/abdelazizomarrr/tuberculosis-detection-lesion-localization/tbx_yolo/images/train/tb1122.png,/kaggle/input/notebooks/abdelazizomarrr/tuberculosis-detection-lesion-localization/tbx_yolo/labels/train/tb1122.txt,107,3519161871665050064,2,0.06678856912,0.06788113013500001,2 lesions,Q3,512,512,129.45111465454102,73.4259395388406,236.3527764434548,7.611397743225098,train
tb0881.png,/kaggle/input/notebooks/abdelazizomarrr/tuberculosis-detection-lesion-localization/tbx_yolo/images/train/tb0881.png,/kaggle/input/notebooks/abdelazizomarrr/tuberculosis-detection-lesion-localization/tbx_yolo/labels/train/tb0881.txt,108,3500021160348774512,3,0.014487454618000002,0.018467907012000004,3+ lesions,Q1,512,512,126.45665740966797,80.38930258544818,248.44359818809608,7.320927619934082,test
tb0612.png,/kaggle/input/notebooks/abdelazizomarrr/tuberculosis-detection-lesion-localization/tbx_yolo/images/train/tb0612.png,/kaggle/input/notebooks/abdelazizomarrr/tuberculosis-detection-lesion-localization/tbx_yolo/labels/train/tb0612.txt,109,5842174429210408184,2,0.0472614864575,0.049917396312,2 lesions,Q2,512,512,136.24452209472656,65.85084725398194,88.4409188101854,7.2798686027526855,val
tb0914.png,/kaggle/input/notebooks/abdelazizomarrr/tuberculosis-detection-lesion-localization/tbx_yolo/images/train/tb0914.png,/kaggle/input/notebooks/abdelazizomarrr/tuberculosis-detection-lesion-localization/tbx_yolo/labels/train/tb0914.txt,110,8328162397952012528,1,0.046725369628,0.046725369628,1 lesion,Q2,512,512,145.3407974243164,70.53042665175137,417.2466313128825,7.737911224365234,train
tb0163.png,/kaggle/input/notebooks/abdelazizomarrr/tuberculosis-detection-lesion-localization/tbx_yolo/images/train/tb0163.png,/kaggle/input/notebooks/abdelazizomarrr/tuberculosis-detection-lesion-localization/tbx_yolo/labels/train/tb0163.txt,111,3501155745904839408,1,0.0396636,0.0396636,1 lesion,Q2,512,512,136.06914520263672,78.17050458645082,264.88200205178873,7.306306838989258,test
tb0602.png,/kaggle/input/notebooks/abdelazizomarrr/tuberculosis-detection-lesion-localization/tbx_yolo/images/train/tb0602.png,/kaggle/input/notebooks/abdelazizomarrr/tuberculosis-detection-lesion-localization/tbx_yolo/labels/train/tb0602.txt,112,3572786852787319025,1,0.051550022565000006,0.051550022565000006,1 lesion,Q2,512,512,111.53155899047852,74.78809171815787,127.13749695009028,7.269475936889648,train
tb0943.png,/kaggle/input/notebooks/abdelazizomarrr/tuberculosis-detection-lesion-localization/tbx_yolo/images/train/tb0943.png,/kaggle/input/notebooks/abdelazizomarrr/tuberculosis-detection-lesion-localization/tbx_yolo/labels/train/tb0943.txt,113,10510163006429720824,2,0.11272552301,0.1194754158,2 lesions,Q4,512,512,134.52874374389648,60.15921884845958,80.94571015774272,7.345692157745361,val
tb0499.png,/kaggle/input/notebooks/abdelazizomarrr/tuberculosis-detection-lesion-localization/tbx_yolo/images/train/tb0499.png,/kaggle/input/notebooks/abdelazizomarrr/tuberculosis-detection-lesion-localization/tbx_yolo/labels/train/tb0499.txt,114,3490394397587173876,3,0.019633862657333332,0.029006988368999998,3+ lesions,Q1,512,512,125.84417724609375,77.94431358850392,226.43078546189645,7.445400238037109,val
tb0126.png,/kaggle/input/notebooks/abdelazizomarrr/tuberculosis-detection-lesion-localization/tbx_yolo/images/train/tb0126.png,/kaggle/input/notebooks/abdelazizomarrr/tuberculosis-detection-lesion-localization/tbx_yolo/labels/train/tb0126.txt,115,16723332659705599168,1,0.011379960425,0.011379960425,1 lesion,Q1,512,512,149.83342742919922,67.3889076286039,252.9993634926941,7.6185102462768555,train
tb0784.png,/kaggle/input/notebooks/abdelazizomarrr/tuberculosis-detection-lesion-localization/tbx_yolo/images/train/tb0784.png,/kaggle/input/notebooks/abdelazizomarrr/tuberculosis-detection-lesion-localization/tbx_yolo/labels/train/tb0784.txt,116,17317100541627716328,3,0.05634953164366666,0.09682118846,3+ lesions,Q3,512,512,175.1341323852539,57.706121301715335,443.75792981729313,7.345791339874268,train
tb0646.png,/kaggle/input/notebooks/abdelazizomarrr/tuberculosis-detection-lesion-localization/tbx_yolo/images/train/tb0646.png,/kaggle/input/notebooks/abdelazizomarrr/tuberculosis-detection-lesion-localization/tbx_yolo/labels/train/tb0646.txt,117,12819692819882112232,1,0.025953872497999998,0.025953872497999998,1 lesion,Q1,512,512,109.72400665283203,63.932046991652975,481.84862336679356,7.488330841064453,train
tb0318.png,/kaggle/input/notebooks/abdelazizomarrr/tuberculosis-detection-lesion-localization/tbx_yolo/images/train/tb0318.png,/kaggle/input/notebooks/abdelazizomarrr/tuberculosis-detection-lesion-localization/tbx_yolo/labels/train/tb0318.txt,118,7536267321450554064,1,0.10268553424999999,0.10268553424999999,1 lesion,Q4,512,512,153.12590789794922,65.5070877982168,221.05450252488663,7.570859909057617,train
tb0399.png,/kaggle/input/notebooks/abdelazizomarrr/tuberculosis-detection-lesion-localization/tbx_yolo/images/train/tb0399.png,/kaggle/input/notebooks/abdelazizomarrr/tuberculosis-detection-lesion-localization/tbx_yolo/labels/train/tb0399.txt,119,3662432084503475962,1,0.019793050899999998,0.019793050899999998,1 lesion,Q1,512,512,144.86339950561523,71.03911059976514,283.876877065748,7.4606218338012695,train
tb0350.png,/kaggle/input/notebooks/abdelazizomarrr/tuberculosis-detection-lesion-localization/tbx_yolo/images/train/tb0350.png,/kaggle/input/notebooks/abdelazizomarrr/tuberculosis-detection-lesion-localization/tbx_yolo/labels/train/tb0350.txt,120,4088032179239601752,2,0.04717778233549999,0.05833435170299999,2 lesions,Q2,512,512,111.87669372558594,70.7059938840861,219.4511044388637,7.4725165367126465,train
tb0529.png,/kaggle/input/notebooks/abdelazizomarrr/tuberculosis-detection-lesion-localization/tbx_yolo/images/train/tb0529.png,/kaggle/input/notebooks/abdelazizomarrr/tuberculosis-detection-lesion-localization/tbx_yolo/labels/train/tb0529.txt,65,12867789856531869936,2,0.061722321505999996,0.06210559985399999,2 lesions,Q3,512,512,128.79076385498047,82.44940292571206,274.3936508134793,7.286438941955566,train
tb0115.png,/kaggle/input/notebooks/abdelazizomarrr/tuberculosis-detection-lesion-localization/tbx_yolo/images/train/tb0115.png,/kaggle/input/notebooks/abdelazizomarrr/tuberculosis-detection-lesion-localization/tbx_yolo/labels/train/tb0115.txt,121,3528591283489661160,2,0.08165839921750001,0.098259297248,2 lesions,Q4,512,512,133.07346725463867,69.9516859377418,65.41379490069812,7.063790321350098,val
tb1023.png,/kaggle/input/notebooks/abdelazizomarrr/tuberculosis-detection-lesion-localization/tbx_yolo/images/train/tb1023.png,/kaggle/input/notebooks/abdelazizomarrr/tuberculosis-detection-lesion-localization/tbx_yolo/labels/train/tb1023.txt,122,3483274498762993904,2,0.0810573718625,0.090760725769,2 lesions,Q4,512,512,133.68439865112305,64.46181944061534,94.0714301167609,7.150903701782227,train
tb0621.png,/kaggle/input/notebooks/abdelazizomarrr/tuberculosis-detection-lesion-localization/tbx_yolo/images/train/tb0621.png,/kaggle/input/notebooks/abdelazizomarrr/tuberculosis-detection-lesion-localization/tbx_yolo/labels/train/tb0621.txt,123,8094718074360508880,1,0.0756474642,0.0756474642,1 lesion,Q3,512,512,128.98226165771484,69.82875333605715,228.7589643108513,7.68602180480957,test
tb0125.png,/kaggle/input/notebooks/abdelazizomarrr/tuberculosis-detection-lesion-localization/tbx_yolo/images/train/tb0125.png,/kaggle/input/notebooks/abdelazizomarrr/tuberculosis-detection-lesion-localization/tbx_yolo/labels/train/tb0125.txt,124,17407840510566129904,2,0.19867471106399998,0.217530018364,2 lesions,Q4,512,512,113.19279861450195,59.05677368065019,560.1697472665546,7.424053192138672,train
tb0388.png,/kaggle/input/notebooks/abdelazizomarrr/tuberculosis-detection-lesion-localization/tbx_yolo/images/train/tb0388.png,/kaggle/input/notebooks/abdelazizomarrr/tuberculosis-detection-lesion-localization/tbx_yolo/labels/train/tb0388.txt,125,3556598588458463480,2,0.046354421313,0.063440512798,2 lesions,Q2,512,512,122.0470199584961,74.4356354175021,226.3573267438769,7.648988723754883,train
tb0574.png,/kaggle/input/notebooks/abdelazizomarrr/tuberculosis-detection-lesion-localization/tbx_yolo/images/train/tb0574.png,/kaggle/input/notebooks/abdelazizomarrr/tuberculosis-detection-lesion-localization/tbx_yolo/labels/train/tb0574.txt,126,4078453200144885992,1,0.027206347808999998,0.027206347808999998,1 lesion,Q1,512,512,131.48127365112305,81.07613308332331,206.7743339458102,7.285902500152588,train
tb0170.png,/kaggle/input/notebooks/abdelazizomarrr/tuberculosis-detection-lesion-localization/tbx_yolo/images/train/tb0170.png,/kaggle/input/notebooks/abdelazizomarrr/tuberculosis-detection-lesion-localization/tbx_yolo/labels/train/tb0170.txt,127,17498092255543748848,1,0.011496512322,0.011496512322,1 lesion,Q1,512,512,110.28577041625977,61.33247195111396,86.27863929966406,7.4410505294799805,val
tb0439.png,/kaggle/input/notebooks/abdelazizomarrr/tuberculosis-detection-lesion-localization/tbx_yolo/images/train/tb0439.png,/kaggle/input/notebooks/abdelazizomarrr/tuberculosis-detection-lesion-localization/tbx_yolo/labels/train/tb0439.txt,128,8241220865890637040,3,0.038093135847333336,0.06916646452,3+ lesions,Q2,512,512,129.98986053466797,68.20804933297752,94.19409228838049,7.336308479309082,train
tb1112.png,/kaggle/input/notebooks/abdelazizomarrr/tuberculosis-detection-lesion-localization/tbx_yolo/images/train/tb1112.png,/kaggle/input/notebooks/abdelazizomarrr/tuberculosis-detection-lesion-localization/tbx_yolo/labels/train/tb1112.txt,129,3490455285197369584,1,0.046870378325999995,0.046870378325999995,1 lesion,Q2,512,512,99.83402633666992,68.19204569913899,94.15070336939243,7.039740562438965,test
tb0232.png,/kaggle/input/notebooks/abdelazizomarrr/tuberculosis-detection-lesion-localization/tbx_yolo/images/train/tb0232.png,/kaggle/input/notebooks/abdelazizomarrr/tuberculosis-detection-lesion-localization/tbx_yolo/labels/train/tb0232.txt,130,3735338643790917736,2,0.078033773185,0.08084734637,2 lesions,Q4,512,512,118.1391372680664,69.86085771420422,83.93672230547236,7.4431328773498535,train
tb0710.png,/kaggle/input/notebooks/abdelazizomarrr/tuberculosis-detection-lesion-localization/tbx_yolo/images/train/tb0710.png,/kaggle/input/notebooks/abdelazizomarrr/tuberculosis-detection-lesion-localization/tbx_yolo/labels/train/tb0710.txt,131,17416988296977445552,1,0.02221013562,0.02221013562,1 lesion,Q1,512,512,152.6448211669922,63.25432972949239,176.43590789265,7.539275169372559,val
tb0150.png,/kaggle/input/notebooks/abdelazizomarrr/tuberculosis-detection-lesion-localization/tbx_yolo/images/train/tb0150.png,/kaggle/input/notebooks/abdelazizomarrr/tuberculosis-detection-lesion-localization/tbx_yolo/labels/train/tb0150.txt,132,17308232986251096288,2,0.1019694106245,0.11311794799900002,2 lesions,Q4,512,512,162.6756706237793,61.91238501375325,269.4154029722413,7.39438009262085,train
tb0865.png,/kaggle/input/notebooks/abdelazizomarrr/tuberculosis-detection-lesion-localization/tbx_yolo/images/train/tb0865.png,/kaggle/input/notebooks/abdelazizomarrr/tuberculosis-detection-lesion-localization/tbx_yolo/labels/train/tb0865.txt,133,3554066568419010017,2,0.0811594746095,0.12383583696,2 lesions,Q4,512,512,114.2856216430664,69.60189014929587,130.8847023115959,7.333614349365234,val
tb0179.png,/kaggle/input/notebooks/abdelazizomarrr/tuberculosis-detection-lesion-localization/tbx_yolo/images/train/tb0179.png,/kaggle/input/notebooks/abdelazizomarrr/tuberculosis-detection-lesion-localization/tbx_yolo/labels/train/tb0179.txt,65,17335370449322898676,1,0.016924168918,0.016924168918,1 lesion,Q1,512,512,135.47895050048828,74.19296760879513,203.1773611409444,7.63149356842041,train
tb1137.png,/kaggle/input/notebooks/abdelazizomarrr/tuberculosis-detection-lesion-localization/tbx_yolo/images/train/tb1137.png,/kaggle/input/notebooks/abdelazizomarrr/tuberculosis-detection-lesion-localization/tbx_yolo/labels/train/tb1137.txt,65,8166352902948058352,2,0.0673292038805,0.06965092994199999,2 lesions,Q3,512,512,128.22859573364258,68.29110710594712,103.60773316850828,7.551347255706787,train
tb0177.png,/kaggle/input/notebooks/abdelazizomarrr/tuberculosis-detection-lesion-localization/tbx_yolo/images/train/tb0177.png,/kaggle/input/notebooks/abdelazizomarrr/tuberculosis-detection-lesion-localization/tbx_yolo/labels/train/tb0177.txt,134,8111716934391754872,1,0.07874963896800001,0.07874963896800001,1 lesion,Q4,512,512,131.9539337158203,81.42494194311081,212.12424047371314,7.501774311065674,train
tb0535.png,/kaggle/input/notebooks/abdelazizomarrr/tuberculosis-detection-lesion-localization/tbx_yolo/images/train/tb0535.png,/kaggle/input/notebooks/abdelazizomarrr/tuberculosis-detection-lesion-localization/tbx_yolo/labels/train/tb0535.txt,65,8166313183090503904,2,0.026255315320500003,0.03574207964,2 lesions,Q1,512,512,136.64879608154297,73.45776970670127,205.94310232624412,7.585921287536621,train
tb1041.png,/kaggle/input/notebooks/abdelazizomarrr/tuberculosis-detection-lesion-localization/tbx_yolo/images/train/tb1041.png,/kaggle/input/notebooks/abdelazizomarrr/tuberculosis-detection-lesion-localization/tbx_yolo/labels/train/tb1041.txt,135,8114839683645632752,2,0.110901309988,0.112560862624,2 lesions,Q4,512,512,127.8679313659668,69.54245796725984,72.30473899882054,7.146671772003174,train
tb1058.png,/kaggle/input/notebooks/abdelazizomarrr/tuberculosis-detection-lesion-localization/tbx_yolo/images/train/tb1058.png,/kaggle/input/notebooks/abdelazizomarrr/tuberculosis-detection-lesion-localization/tbx_yolo/labels/train/tb1058.txt,136,16723856852964798676,1,0.040441516966,0.040441516966,1 lesion,Q2,512,512,139.93345260620117,67.51127592722614,204.598490098826,7.691855430603027,test
tb1015.png,/kaggle/input/notebooks/abdelazizomarrr/tuberculosis-detection-lesion-localization/tbx_yolo/images/train/tb1015.png,/kaggle/input/notebooks/abdelazizomarrr/tuberculosis-detection-lesion-localization/tbx_yolo/labels/train/tb1015.txt,137,8129756619955422444,1,0.103686699408,0.103686699408,1 lesion,Q4,512,512,150.1806526184082,64.25765268294235,659.9825774990022,7.436176300048828,test
tb1190.png,/kaggle/input/notebooks/abdelazizomarrr/tuberculosis-detection-lesion-localization/tbx_yolo/images/train/tb1190.png,/kaggle/input/notebooks/abdelazizomarrr/tuberculosis-detection-lesion-localization/tbx_yolo/labels/train/tb1190.txt,138,8094437145912078568,2,0.0313993848915,0.040174954635,2 lesions,Q1,512,512,132.6432647705078,67.03364815638682,75.64816511975368,7.460304260253906,train
tb1102.png,/kaggle/input/notebooks/abdelazizomarrr/tuberculosis-detection-lesion-localization/tbx_yolo/images/train/tb1102.png,/kaggle/input/notebooks/abdelazizomarrr/tuberculosis-detection-lesion-localization/tbx_yolo/labels/train/tb1102.txt,139,4097092422538394200,1,0.00465492236,0.00465492236,1 lesion,Q1,512,512,123.42975234985352,81.44836644616993,221.9426026143483,7.313953399658203,train
tb0086.png,/kaggle/input/notebooks/abdelazizomarrr/tuberculosis-detection-lesion-localization/tbx_yolo/images/train/tb0086.png,/kaggle/input/notebooks/abdelazizomarrr/tuberculosis-detection-lesion-localization/tbx_yolo/labels/train/tb0086.txt,140,8112445499249120464,1,0.0514751157,0.0514751157,1 lesion,Q2,512,512,158.86563873291016,64.91372816920767,199.24755003955215,7.426879405975342,train
tb0627.png,/kaggle/input/notebooks/abdelazizomarrr/tuberculosis-detection-lesion-localization/tbx_yolo/images/train/tb0627.png,/kaggle/input/notebooks/abdelazizomarrr/tuberculosis-detection-lesion-localization/tbx_yolo/labels/train/tb0627.txt,141,17309082351425343985,1,0.05973685245,0.05973685245,1 lesion,Q3,512,512,129.7227783203125,67.6154477111039,88.36808438360458,7.4447479248046875,train
tb0892.png,/kaggle/input/notebooks/abdelazizomarrr/tuberculosis-detection-lesion-localization/tbx_yolo/images/train/tb0892.png,/kaggle/input/notebooks/abdelazizomarrr/tuberculosis-detection-lesion-localization/tbx_yolo/labels/train/tb0892.txt,142,17552377756481942641,2,0.058911239968,0.07476626696,2 lesions,Q3,512,512,102.15056610107422,68.27920201369908,95.46781071134319,7.326265335083008,val
tb0702.png,/kaggle/input/notebooks/abdelazizomarrr/tuberculosis-detection-lesion-localization/tbx_yolo/images/train/tb0702.png,/kaggle/input/notebooks/abdelazizomarrr/tuberculosis-detection-lesion-localization/tbx_yolo/labels/train/tb0702.txt,65,3518036658403471600,1,0.085050487288,0.085050487288,1 lesion,Q4,512,512,124.23330307006836,72.47412864310039,60.68970279372297,6.894597053527832,train
tb0826.png,/kaggle/input/notebooks/abdelazizomarrr/tuberculosis-detection-lesion-localization/tbx_yolo/images/train/tb0826.png,/kaggle/input/notebooks/abdelazizomarrr/tuberculosis-detection-lesion-localization/tbx_yolo/labels/train/tb0826.txt,143,8093553142831370698,2,0.18879484938200003,0.20065325920000002,2 lesions,Q4,512,512,136.8402214050293,68.55587869206238,264.271478591123,7.744564533233643,test
tb0813.png,/kaggle/input/notebooks/abdelazizomarrr/tuberculosis-detection-lesion-localization/tbx_yolo/images/train/tb0813.png,/kaggle/input/notebooks/abdelazizomarrr/tuberculosis-detection-lesion-localization/tbx_yolo/labels/train/tb0813.txt,144,3572298791456633072,2,0.024071936167999998,0.029234852948,2 lesions,Q1,512,512,117.47226333618164,66.3898792529805,147.80454787466442,7.667307376861572,train
tb0083.png,/kaggle/input/notebooks/abdelazizomarrr/tuberculosis-detection-lesion-localization/tbx_yolo/images/train/tb0083.png,/kaggle/input/notebooks/abdelazizomarrr/tuberculosis-detection-lesion-localization/tbx_yolo/labels/train/tb0083.txt,145,17354219648802418936,1,0.09415365909500001,0.09415365909500001,1 lesion,Q4,512,512,116.53505325317383,66.50665077554486,390.0726851655491,7.1998090744018555,test
tb0068.png,/kaggle/input/notebooks/abdelazizomarrr/tuberculosis-detection-lesion-localization/tbx_yolo/images/train/tb0068.png,/kaggle/input/notebooks/abdelazizomarrr/tuberculosis-detection-lesion-localization/tbx_yolo/labels/train/tb0068.txt,146,8077090150962882672,1,0.007320541288,0.007320541288,1 lesion,Q1,512,512,120.99074935913086,83.11469618112002,240.4669018707791,7.326455116271973,train
tb0807.png,/kaggle/input/notebooks/abdelazizomarrr/tuberculosis-detection-lesion-localization/tbx_yolo/images/train/tb0807.png,/kaggle/input/notebooks/abdelazizomarrr/tuberculosis-detection-lesion-localization/tbx_yolo/labels/train/tb0807.txt,147,8238552056956375280,2,0.0616674970465,0.063698915408,2 lesions,Q3,512,512,134.21227645874023,70.56193912447135,202.5642001479864,7.659747123718262,train
tb1002.png,/kaggle/input/notebooks/abdelazizomarrr/tuberculosis-detection-lesion-localization/tbx_yolo/images/train/tb1002.png,/kaggle/input/notebooks/abdelazizomarrr/tuberculosis-detection-lesion-localization/tbx_yolo/labels/train/tb1002.txt,65,8131130052249317616,2,0.05159517248499999,0.07424340974999999,2 lesions,Q2,512,512,135.0070037841797,78.10315268599552,220.60671036200074,7.4494476318359375,train
tb0880.png,/kaggle/input/notebooks/abdelazizomarrr/tuberculosis-detection-lesion-localization/tbx_yolo/images/train/tb0880.png,/kaggle/input/notebooks/abdelazizomarrr/tuberculosis-detection-lesion-localization/tbx_yolo/labels/train/tb0880.txt,148,7652515934903529712,2,0.218947610023,0.265433631861,2 lesions,Q4,512,512,130.10531616210938,63.7859072947864,140.71971209999174,7.429592132568359,val
tb0056.png,/kaggle/input/notebooks/abdelazizomarrr/tuberculosis-detection-lesion-localization/tbx_yolo/images/train/tb0056.png,/kaggle/input/notebooks/abdelazizomarrr/tuberculosis-detection-lesion-localization/tbx_yolo/labels/train/tb0056.txt,149,12768751344512192754,1,0.029108728458,0.029108728458,1 lesion,Q1,512,512,142.67053985595703,73.57385352574144,242.2234108600387,7.5585527420043945,train
tb0166.png,/kaggle/input/notebooks/abdelazizomarrr/tuberculosis-detection-lesion-localization/tbx_yolo/images/train/tb0166.png,/kaggle/input/notebooks/abdelazizomarrr/tuberculosis-detection-lesion-localization/tbx_yolo/labels/train/tb0166.txt,150,8094576251382198512,1,0.044318543887999995,0.044318543887999995,1 lesion,Q2,512,512,118.42456436157227,70.41289572568834,80.87719791672134,7.270977020263672,test
tb0645.png,/kaggle/input/notebooks/abdelazizomarrr/tuberculosis-detection-lesion-localization/tbx_yolo/images/train/tb0645.png,/kaggle/input/notebooks/abdelazizomarrr/tuberculosis-detection-lesion-localization/tbx_yolo/labels/train/tb0645.txt,151,17471352683046686928,3,0.03979971361,0.10033753404,3+ lesions,Q2,512,512,148.94329452514648,61.625589304402226,160.89291159040295,7.556474685668945,train
tb0750.png,/kaggle/input/notebooks/abdelazizomarrr/tuberculosis-detection-lesion-localization/tbx_yolo/images/train/tb0750.png,/kaggle/input/notebooks/abdelazizomarrr/tuberculosis-detection-lesion-localization/tbx_yolo/labels/train/tb0750.txt,152,8076980204088718580,1,0.047462691545999997,0.047462691545999997,1 lesion,Q2,512,512,131.6390266418457,72.84087249751879,221.11574479099363,7.581164836883545,val
tb0799.png,/kaggle/input/notebooks/abdelazizomarrr/tuberculosis-detection-lesion-localization/tbx_yolo/images/train/tb0799.png,/kaggle/input/notebooks/abdelazizomarrr/tuberculosis-detection-lesion-localization/tbx_yolo/labels/train/tb0799.txt,153,17335361648515938552,1,0.0178379213,0.0178379213,1 lesion,Q1,512,512,144.92016983032227,70.71612299576361,409.06056603112665,7.685461044311523,train
tb0664.png,/kaggle/input/notebooks/abdelazizomarrr/tuberculosis-detection-lesion-localization/tbx_yolo/images/train/tb0664.png,/kaggle/input/notebooks/abdelazizomarrr/tuberculosis-detection-lesion-localization/tbx_yolo/labels/train/tb0664.txt,106,3518607164267720816,1,0.075293182197,0.075293182197,1 lesion,Q3,512,512,127.08041763305664,79.00065244854034,334.4809309178818,7.459515571594238,test
tb0087.png,/kaggle/input/notebooks/abdelazizomarrr/tuberculosis-detection-lesion-localization/tbx_yolo/images/train/tb0087.png,/kaggle/input/notebooks/abdelazizomarrr/tuberculosis-detection-lesion-localization/tbx_yolo/labels/train/tb0087.txt,154,3716796483957289329,1,0.044234181561,0.044234181561,1 lesion,Q2,512,512,87.60321426391602,69.74652685266537,81.36406201052887,6.81235933303833,train
tb0383.png,/kaggle/input/notebooks/abdelazizomarrr/tuberculosis-detection-lesion-localization/tbx_yolo/images/train/tb0383.png,/kaggle/input/notebooks/abdelazizomarrr/tuberculosis-detection-lesion-localization/tbx_yolo/labels/train/tb0383.txt,155,4074378435384424944,2,0.070799347157,0.10164161305,2 lesions,Q3,512,512,128.50298309326172,73.64674772984998,201.2549024203181,7.570910453796387,train
tb0292.png,/kaggle/input/notebooks/abdelazizomarrr/tuberculosis-detection-lesion-localization/tbx_yolo/images/train/tb0292.png,/kaggle/input/notebooks/abdelazizomarrr/tuberculosis-detection-lesion-localization/tbx_yolo/labels/train/tb0292.txt,156,17911831236125059824,2,0.09128496385,0.1398660567,2 lesions,Q4,512,512,138.7730598449707,78.9211383236924,209.54534306969435,7.391620635986328,train
tb0088.png,/kaggle/input/notebooks/abdelazizomarrr/tuberculosis-detection-lesion-localization/tbx_yolo/images/train/tb0088.png,/kaggle/input/notebooks/abdelazizomarrr/tuberculosis-detection-lesion-localization/tbx_yolo/labels/train/tb0088.txt,157,3482710997464240360,1,0.014901844661999999,0.014901844661999999,1 lesion,Q1,512,512,128.27807998657227,73.25821704287245,219.36788928642636,7.640199661254883,val
tb0603.png,/kaggle/input/notebooks/abdelazizomarrr/tuberculosis-detection-lesion-localization/tbx_yolo/images/train/tb0603.png,/kaggle/input/notebooks/abdelazizomarrr/tuberculosis-detection-lesion-localization/tbx_yolo/labels/train/tb0603.txt,158,17300357732065539272,1,0.069135866788,0.069135866788,1 lesion,Q3,512,512,139.3377914428711,77.28326481428051,242.81111322714423,7.5446858406066895,train
tb1078.png,/kaggle/input/notebooks/abdelazizomarrr/tuberculosis-detection-lesion-localization/tbx_yolo/images/train/tb1078.png,/kaggle/input/notebooks/abdelazizomarrr/tuberculosis-detection-lesion-localization/tbx_yolo/labels/train/tb1078.txt,159,8112555997487229040,2,0.039551605941000004,0.057561587748,2 lesions,Q2,512,512,119.47396850585938,83.4399325552355,270.6248575552454,7.135517120361328,test
tb0983.png,/kaggle/input/notebooks/abdelazizomarrr/tuberculosis-detection-lesion-localization/tbx_yolo/images/train/tb0983.png,/kaggle/input/notebooks/abdelazizomarrr/tuberculosis-detection-lesion-localization/tbx_yolo/labels/train/tb0983.txt,160,16722628699004920048,1,0.059678706799,0.059678706799,1 lesion,Q3,512,512,121.36493682861328,55.1598375039945,240.15337760787224,7.393191337585449,test
tb0489.png,/kaggle/input/notebooks/abdelazizomarrr/tuberculosis-detection-lesion-localization/tbx_yolo/images/train/tb0489.png,/kaggle/input/notebooks/abdelazizomarrr/tuberculosis-detection-lesion-localization/tbx_yolo/labels/train/tb0489.txt,161,3581085949912855264,1,0.041929462575,0.041929462575,1 lesion,Q2,512,512,107.43863296508789,61.64364981848858,220.64895801100644,7.44080114364624,train
tb0142.png,/kaggle/input/notebooks/abdelazizomarrr/tuberculosis-detection-lesion-localization/tbx_yolo/images/train/tb0142.png,/kaggle/input/notebooks/abdelazizomarrr/tuberculosis-detection-lesion-localization/tbx_yolo/labels/train/tb0142.txt,162,12876555180408140145,2,0.015693002235,0.020005710318,2 lesions,Q1,512,512,139.22197723388672,62.5741363631841,615.1094874662666,7.322783470153809,train
tb1000.png,/kaggle/input/notebooks/abdelazizomarrr/tuberculosis-detection-lesion-localization/tbx_yolo/images/train/tb1000.png,/kaggle/input/notebooks/abdelazizomarrr/tuberculosis-detection-lesion-localization/tbx_yolo/labels/train/tb1000.txt,163,3578836340532376049,1,0.0672201,0.0672201,1 lesion,Q3,512,512,123.27300643920898,76.42825001273928,412.0312898159027,7.350130081176758,val
tb0321.png,/kaggle/input/notebooks/abdelazizomarrr/tuberculosis-detection-lesion-localization/tbx_yolo/images/train/tb0321.png,/kaggle/input/notebooks/abdelazizomarrr/tuberculosis-detection-lesion-localization/tbx_yolo/labels/train/tb0321.txt,164,17914080939859833072,1,0.04194515625,0.04194515625,1 lesion,Q2,512,512,132.0124969482422,56.839570433317476,100.3512495830073,7.1820807456970215,test
tb0237.png,/kaggle/input/notebooks/abdelazizomarrr/tuberculosis-detection-lesion-localization/tbx_yolo/images/train/tb0237.png,/kaggle/input/notebooks/abdelazizomarrr/tuberculosis-detection-lesion-localization/tbx_yolo/labels/train/tb0237.txt,165,8130319708423639248,1,0.045421160014999996,0.045421160014999996,1 lesion,Q2,512,512,131.3739013671875,69.24418240244832,59.97984505792556,7.034781455993652,train
tb0583.png,/kaggle/input/notebooks/abdelazizomarrr/tuberculosis-detection-lesion-localization/tbx_yolo/images/train/tb0583.png,/kaggle/input/notebooks/abdelazizomarrr/tuberculosis-detection-lesion-localization/tbx_yolo/labels/train/tb0583.txt,166,8094255730884924144,1,0.054104097543999995,0.054104097543999995,1 lesion,Q3,512,512,149.26222229003906,76.21056751755657,185.02898803906282,7.39125919342041,val
tb0916.png,/kaggle/input/notebooks/abdelazizomarrr/tuberculosis-detection-lesion-localization/tbx_yolo/images/train/tb0916.png,/kaggle/input/notebooks/abdelazizomarrr/tuberculosis-detection-lesion-localization/tbx_yolo/labels/train/tb0916.txt,167,17322312230484734704,1,0.03337128878,0.03337128878,1 lesion,Q1,512,512,135.40291213989258,72.84098419913603,390.91278286439774,7.684262275695801,test
tb0337.png,/kaggle/input/notebooks/abdelazizomarrr/tuberculosis-detection-lesion-localization/tbx_yolo/images/train/tb0337.png,/kaggle/input/notebooks/abdelazizomarrr/tuberculosis-detection-lesion-localization/tbx_yolo/labels/train/tb0337.txt,168,12812911036475764976,2,0.08100287034,0.102719485932,2 lesions,Q4,512,512,95.3196792602539,63.981763334746354,80.36883490905166,7.526595115661621,train
tb0306.png,/kaggle/input/notebooks/abdelazizomarrr/tuberculosis-detection-lesion-localization/tbx_yolo/images/train/tb0306.png,/kaggle/input/notebooks/abdelazizomarrr/tuberculosis-detection-lesion-localization/tbx_yolo/labels/train/tb0306.txt,30,12687966928832222416,1,0.014209487367000001,0.014209487367000001,1 lesion,Q1,512,512,137.47858810424805,76.68696684374603,188.9015880820807,7.475590229034424,val
tb0997.png,/kaggle/input/notebooks/abdelazizomarrr/tuberculosis-detection-lesion-localization/tbx_yolo/images/train/tb0997.png,/kaggle/input/notebooks/abdelazizomarrr/tuberculosis-detection-lesion-localization/tbx_yolo/labels/train/tb0997.txt,65,17318195111346221816,2,0.05737566757700001,0.08451819790000001,2 lesions,Q3,512,512,136.8000373840332,65.1255587785478,100.88097247644328,7.480609893798828,train
tb0175.png,/kaggle/input/notebooks/abdelazizomarrr/tuberculosis-detection-lesion-localization/tbx_yolo/images/train/tb0175.png,/kaggle/input/notebooks/abdelazizomarrr/tuberculosis-detection-lesion-localization/tbx_yolo/labels/train/tb0175.txt,169,17307952615092568272,1,0.10698670815800002,0.10698670815800002,1 lesion,Q4,512,512,146.56332778930664,71.31329978328208,183.86323386755248,7.541254997253418,train
tb0330.png,/kaggle/input/notebooks/abdelazizomarrr/tuberculosis-detection-lesion-localization/tbx_yolo/images/train/tb0330.png,/kaggle/input/notebooks/abdelazizomarrr/tuberculosis-detection-lesion-localization/tbx_yolo/labels/train/tb0330.txt,170,8102454232805004528,2,0.148232630139,0.152998565972,2 lesions,Q4,512,512,151.46621322631836,62.959509561079784,131.02107821957907,7.389347076416016,train
tb0721.png,/kaggle/input/notebooks/abdelazizomarrr/tuberculosis-detection-lesion-localization/tbx_yolo/images/train/tb0721.png,/kaggle/input/notebooks/abdelazizomarrr/tuberculosis-detection-lesion-localization/tbx_yolo/labels/train/tb0721.txt,171,8132115214642548916,1,0.033141571674999995,0.033141571674999995,1 lesion,Q1,512,512,150.15662002563477,64.32101234774535,224.05337193026207,7.5380964279174805,train
tb0073.png,/kaggle/input/notebooks/abdelazizomarrr/tuberculosis-detection-lesion-localization/tbx_yolo/images/train/tb0073.png,/kaggle/input/notebooks/abdelazizomarrr/tuberculosis-detection-lesion-localization/tbx_yolo/labels/train/tb0073.txt,172,17407428077166847092,2,0.08642144037800001,0.088704379298,2 lesions,Q4,512,512,133.0950927734375,80.50136118448476,232.41195997223258,7.475306987762451,train
tb0050.png,/kaggle/input/notebooks/abdelazizomarrr/tuberculosis-detection-lesion-localization/tbx_yolo/images/train/tb0050.png,/kaggle/input/notebooks/abdelazizomarrr/tuberculosis-detection-lesion-localization/tbx_yolo/labels/train/tb0050.txt,173,17336487686266211572,2,0.027065713413,0.037543639428,2 lesions,Q1,512,512,146.07518768310547,75.88776894958637,173.27969959005713,7.458798408508301,test
tb0662.png,/kaggle/input/notebooks/abdelazizomarrr/tuberculosis-detection-lesion-localization/tbx_yolo/images/train/tb0662.png,/kaggle/input/notebooks/abdelazizomarrr/tuberculosis-detection-lesion-localization/tbx_yolo/labels/train/tb0662.txt,174,3517755042225516756,1,0.056822244152000004,0.056822244152000004,1 lesion,Q3,512,512,107.05111694335938,73.55060970779691,97.95717534050345,7.035593032836914,train
tb0288.png,/kaggle/input/notebooks/abdelazizomarrr/tuberculosis-detection-lesion-localization/tbx_yolo/images/train/tb0288.png,/kaggle/input/notebooks/abdelazizomarrr/tuberculosis-detection-lesion-localization/tbx_yolo/labels/train/tb0288.txt,175,3510340111884742898,2,0.07557614730949999,0.079414656825,2 lesions,Q3,512,512,123.17403411865234,62.734791169164104,132.30192829150474,7.67910099029541,train
tb0151.png,/kaggle/input/notebooks/abdelazizomarrr/tuberculosis-detection-lesion-localization/tbx_yolo/images/train/tb0151.png,/kaggle/input/notebooks/abdelazizomarrr/tuberculosis-detection-lesion-localization/tbx_yolo/labels/train/tb0151.txt,176,17336064374459195604,2,0.0470584643925,0.068705864964,2 lesions,Q2,512,512,148.71822357177734,63.25823523853796,179.03862470737658,7.530057907104492,train
tb0449.png,/kaggle/input/notebooks/abdelazizomarrr/tuberculosis-detection-lesion-localization/tbx_yolo/images/train/tb0449.png,/kaggle/input/notebooks/abdelazizomarrr/tuberculosis-detection-lesion-localization/tbx_yolo/labels/train/tb0449.txt,177,17407180786405406960,2,0.080892725515,0.082135031433,2 lesions,Q4,512,512,111.54765701293945,69.24073494365605,71.84976672794437,7.584740161895752,train
tb0349.png,/kaggle/input/notebooks/abdelazizomarrr/tuberculosis-detection-lesion-localization/tbx_yolo/images/train/tb0349.png,/kaggle/input/notebooks/abdelazizomarrr/tuberculosis-detection-lesion-localization/tbx_yolo/labels/train/tb0349.txt,178,8093561938932457696,2,0.053411908088000004,0.06102425,2 lesions,Q3,512,512,131.00444793701172,66.64465639863943,70.13031540601514,7.169486045837402,train
tb0711.png,/kaggle/input/notebooks/abdelazizomarrr/tuberculosis-detection-lesion-localization/tbx_yolo/images/train/tb0711.png,/kaggle/input/notebooks/abdelazizomarrr/tuberculosis-detection-lesion-localization/tbx_yolo/labels/train/tb0711.txt,179,17318476038710391496,1,0.041908249766,0.041908249766,1 lesion,Q2,512,512,131.33803176879883,74.37830651867864,245.1904545334255,7.595458030700684,val
tb1178.png,/kaggle/input/notebooks/abdelazizomarrr/tuberculosis-detection-lesion-localization/tbx_yolo/images/train/tb1178.png,/kaggle/input/notebooks/abdelazizomarrr/tuberculosis-detection-lesion-localization/tbx_yolo/labels/train/tb1178.txt,180,3600230646883053680,2,0.0263423795655,0.031666449560000004,2 lesions,Q1,512,512,120.59537887573242,80.54809183982606,542.1420792513381,7.383528232574463,test
tb0441.png,/kaggle/input/notebooks/abdelazizomarrr/tuberculosis-detection-lesion-localization/tbx_yolo/images/train/tb0441.png,/kaggle/input/notebooks/abdelazizomarrr/tuberculosis-detection-lesion-localization/tbx_yolo/labels/train/tb0441.txt,181,8166595899293758192,3,0.035352363438,0.050454846102,3+ lesions,Q2,512,512,140.18719863891602,75.5647130498848,248.33596168468648,7.562708854675293,train
tb1045.png,/kaggle/input/notebooks/abdelazizomarrr/tuberculosis-detection-lesion-localization/tbx_yolo/images/train/tb1045.png,/kaggle/input/notebooks/abdelazizomarrr/tuberculosis-detection-lesion-localization/tbx_yolo/labels/train/tb1045.txt,182,17317943871859128536,1,0.08585490849,0.08585490849,1 lesion,Q4,512,512,148.61825942993164,70.31402314537884,236.35051951777132,7.543874740600586,train
tb0148.png,/kaggle/input/notebooks/abdelazizomarrr/tuberculosis-detection-lesion-localization/tbx_yolo/images/train/tb0148.png,/kaggle/input/notebooks/abdelazizomarrr/tuberculosis-detection-lesion-localization/tbx_yolo/labels/train/tb0148.txt,183,13470990593642657012,1,0.12877304376999998,0.12877304376999998,1 lesion,Q4,512,512,134.23937606811523,83.23586929752672,195.28629068935697,7.368537902832031,train
tb0838.png,/kaggle/input/notebooks/abdelazizomarrr/tuberculosis-detection-lesion-localization/tbx_yolo/images/train/tb0838.png,/kaggle/input/notebooks/abdelazizomarrr/tuberculosis-detection-lesion-localization/tbx_yolo/labels/train/tb0838.txt,184,3470642068486926576,2,0.024688887655,0.02835163322,2 lesions,Q1,512,512,121.31588745117188,72.84450823524848,222.91103711548203,7.676026344299316,val
tb0896.png,/kaggle/input/notebooks/abdelazizomarrr/tuberculosis-detection-lesion-localization/tbx_yolo/images/train/tb0896.png,/kaggle/input/notebooks/abdelazizomarrr/tuberculosis-detection-lesion-localization/tbx_yolo/labels/train/tb0896.txt,185,16336581914242900192,2,0.07422216069899999,0.074674838244,2 lesions,Q3,512,512,155.79419326782227,69.9203626080597,184.900008832803,7.483114242553711,train
tb0801.png,/kaggle/input/notebooks/abdelazizomarrr/tuberculosis-detection-lesion-localization/tbx_yolo/images/train/tb0801.png,/kaggle/input/notebooks/abdelazizomarrr/tuberculosis-detection-lesion-localization/tbx_yolo/labels/train/tb0801.txt,186,8121457093333143760,1,0.038755006697,0.038755006697,1 lesion,Q2,512,512,137.01570510864258,75.17277915071963,191.46790216863155,7.535124778747559,train
tb0017.png,/kaggle/input/notebooks/abdelazizomarrr/tuberculosis-detection-lesion-localization/tbx_yolo/images/train/tb0017.png,/kaggle/input/notebooks/abdelazizomarrr/tuberculosis-detection-lesion-localization/tbx_yolo/labels/train/tb0017.txt,65,8111711573096329464,1,0.00414749664,0.00414749664,1 lesion,Q1,512,512,130.0216064453125,81.38067081272193,191.35238948567712,7.280300140380859,train
tb0167.png,/kaggle/input/notebooks/abdelazizomarrr/tuberculosis-detection-lesion-localization/tbx_yolo/images/train/tb0167.png,/kaggle/input/notebooks/abdelazizomarrr/tuberculosis-detection-lesion-localization/tbx_yolo/labels/train/tb0167.txt,187,12850624160735621353,2,0.017937786999999997,0.019777785495999997,2 lesions,Q1,512,512,135.21807479858398,70.24053490344875,234.19606876837497,7.597363471984863,train
tb0998.png,/kaggle/input/notebooks/abdelazizomarrr/tuberculosis-detection-lesion-localization/tbx_yolo/images/train/tb0998.png,/kaggle/input/notebooks/abdelazizomarrr/tuberculosis-detection-lesion-localization/tbx_yolo/labels/train/tb0998.txt,188,17335089137554944240,2,0.0359649750725,0.038800409798,2 lesions,Q2,512,512,144.8543357849121,72.68412317153592,243.08258991710318,7.472762107849121,val
tb1134.png,/kaggle/input/notebooks/abdelazizomarrr/tuberculosis-detection-lesion-localization/tbx_yolo/images/train/tb1134.png,/kaggle/input/notebooks/abdelazizomarrr/tuberculosis-detection-lesion-localization/tbx_yolo/labels/train/tb1134.txt,189,8112552698956672112,3,0.017988048932,0.04723054777,3+ lesions,Q1,512,512,130.6546974182129,79.06469758623095,231.23964131786488,7.402017593383789,test
tb0837.png,/kaggle/input/notebooks/abdelazizomarrr/tuberculosis-detection-lesion-localization/tbx_yolo/images/train/tb0837.png,/kaggle/input/notebooks/abdelazizomarrr/tuberculosis-detection-lesion-localization/tbx_yolo/labels/train/tb0837.txt,190,12816034607257546896,1,0.01990925728,0.01990925728,1 lesion,Q1,512,512,127.99981307983398,75.20087720356405,246.0093216113164,7.569512367248535,train
tb0777.png,/kaggle/input/notebooks/abdelazizomarrr/tuberculosis-detection-lesion-localization/tbx_yolo/images/train/tb0777.png,/kaggle/input/notebooks/abdelazizomarrr/tuberculosis-detection-lesion-localization/tbx_yolo/labels/train/tb0777.txt,191,11769228206802265254,2,0.0791442705335,0.087521201217,2 lesions,Q4,512,512,139.38731002807617,52.99254321869878,325.3508068015799,7.4666290283203125,train
tb0684.png,/kaggle/input/notebooks/abdelazizomarrr/tuberculosis-detection-lesion-localization/tbx_yolo/images/train/tb0684.png,/kaggle/input/notebooks/abdelazizomarrr/tuberculosis-detection-lesion-localization/tbx_yolo/labels/train/tb0684.txt,192,12116414061392228600,1,0.039571530624,0.039571530624,1 lesion,Q2,512,512,133.25376892089844,81.6654464331746,208.9510069055832,7.3119282722473145,train
tb0184.png,/kaggle/input/notebooks/abdelazizomarrr/tuberculosis-detection-lesion-localization/tbx_yolo/images/train/tb0184.png,/kaggle/input/notebooks/abdelazizomarrr/tuberculosis-detection-lesion-localization/tbx_yolo/labels/train/tb0184.txt,193,8132967886075589364,1,0.024892136776000003,0.024892136776000003,1 lesion,Q1,512,512,144.21553421020508,68.95553087735043,189.31182542558236,7.560998916625977,train
tb0136.png,/kaggle/input/notebooks/abdelazizomarrr/tuberculosis-detection-lesion-localization/tbx_yolo/images/train/tb0136.png,/kaggle/input/notebooks/abdelazizomarrr/tuberculosis-detection-lesion-localization/tbx_yolo/labels/train/tb0136.txt,194,10440710469654212848,1,0.06314540135999999,0.06314540135999999,1 lesion,Q3,512,512,76.2823371887207,57.981592097773394,62.51603910046106,7.0403289794921875,train
tb0591.png,/kaggle/input/notebooks/abdelazizomarrr/tuberculosis-detection-lesion-localization/tbx_yolo/images/train/tb0591.png,/kaggle/input/notebooks/abdelazizomarrr/tuberculosis-detection-lesion-localization/tbx_yolo/labels/train/tb0591.txt,195,4103997187408720624,2,0.085101122193,0.10283147562600001,2 lesions,Q4,512,512,93.27730941772461,67.50331333623843,174.44594478607178,7.174770355224609,train
tb0298.png,/kaggle/input/notebooks/abdelazizomarrr/tuberculosis-detection-lesion-localization/tbx_yolo/images/train/tb0298.png,/kaggle/input/notebooks/abdelazizomarrr/tuberculosis-detection-lesion-localization/tbx_yolo/labels/train/tb0298.txt,196,17407708552089886912,2,0.0386478327795,0.069075893843,2 lesions,Q2,512,512,140.224853515625,76.14485779466563,234.4545875738695,7.535036087036133,train
tb0609.png,/kaggle/input/notebooks/abdelazizomarrr/tuberculosis-detection-lesion-localization/tbx_yolo/images/train/tb0609.png,/kaggle/input/notebooks/abdelazizomarrr/tuberculosis-detection-lesion-localization/tbx_yolo/labels/train/tb0609.txt,197,8695486276208482516,2,0.055625807485999997,0.07469415494,2 lesions,Q3,512,512,140.65867614746094,75.59136274606368,187.78498774155742,7.428594589233398,train
tb1084.png,/kaggle/input/notebooks/abdelazizomarrr/tuberculosis-detection-lesion-localization/tbx_yolo/images/train/tb1084.png,/kaggle/input/notebooks/abdelazizomarrr/tuberculosis-detection-lesion-localization/tbx_yolo/labels/train/tb1084.txt,198,4151645516053475556,1,0.064572482583,0.064572482583,1 lesion,Q3,512,512,145.64117431640625,69.10307815422233,201.62514108057076,7.664700508117676,test
tb0999.png,/kaggle/input/notebooks/abdelazizomarrr/tuberculosis-detection-lesion-localization/tbx_yolo/images/train/tb0999.png,/kaggle/input/notebooks/abdelazizomarrr/tuberculosis-detection-lesion-localization/tbx_yolo/labels/train/tb0999.txt,199,17327655174075439604,2,0.0717245764405,0.081383351955,2 lesions,Q3,512,512,146.10877990722656,67.79544699671592,216.99880476947874,7.604272842407227,test
tb0690.png,/kaggle/input/notebooks/abdelazizomarrr/tuberculosis-detection-lesion-localization/tbx_yolo/images/train/tb0690.png,/kaggle/input/notebooks/abdelazizomarrr/tuberculosis-detection-lesion-localization/tbx_yolo/labels/train/tb0690.txt,200,4083317465987770728,1,0.03610220666,0.03610220666,1 lesion,Q2,512,512,121.13271713256836,78.80917788561011,199.36764791722817,7.3575334548950195,val
tb0336.png,/kaggle/input/notebooks/abdelazizomarrr/tuberculosis-detection-lesion-localization/tbx_yolo/images/train/tb0336.png,/kaggle/input/notebooks/abdelazizomarrr/tuberculosis-detection-lesion-localization/tbx_yolo/labels/train/tb0336.txt,65,17317662947721933040,1,0.042387643679999996,0.042387643679999996,1 lesion,Q2,512,512,129.93725204467773,58.98088180554425,39.46661558105552,7.327930450439453,train
tb0018.png,/kaggle/input/notebooks/abdelazizomarrr/tuberculosis-detection-lesion-localization/tbx_yolo/images/train/tb0018.png,/kaggle/input/notebooks/abdelazizomarrr/tuberculosis-detection-lesion-localization/tbx_yolo/labels/train/tb0018.txt,201,17878080730155905264,1,0.073596423708,0.073596423708,1 lesion,Q3,512,512,141.26979446411133,74.25522371114506,219.2274725450552,7.594296455383301,train
tb0138.png,/kaggle/input/notebooks/abdelazizomarrr/tuberculosis-detection-lesion-localization/tbx_yolo/images/train/tb0138.png,/kaggle/input/notebooks/abdelazizomarrr/tuberculosis-detection-lesion-localization/tbx_yolo/labels/train/tb0138.txt,202,8094255726462562516,2,0.0647124568855,0.078956639676,2 lesions,Q3,512,512,135.9817657470703,64.61172806066753,89.49426275932638,7.321534156799316,train
tb0307.png,/kaggle/input/notebooks/abdelazizomarrr/tuberculosis-detection-lesion-localization/tbx_yolo/images/train/tb0307.png,/kaggle/input/notebooks/abdelazizomarrr/tuberculosis-detection-lesion-localization/tbx_yolo/labels/train/tb0307.txt,203,12867401184506339568,1,0.036692772616,0.036692772616,1 lesion,Q2,512,512,139.69781494140625,61.07447908621706,337.7763716271147,7.578947067260742,train
tb0289.png,/kaggle/input/notebooks/abdelazizomarrr/tuberculosis-detection-lesion-localization/tbx_yolo/images/train/tb0289.png,/kaggle/input/notebooks/abdelazizomarrr/tuberculosis-detection-lesion-localization/tbx_yolo/labels/train/tb0289.txt,204,8085147372171228328,1,0.04466620274,0.04466620274,1 lesion,Q2,512,512,145.8182144165039,76.47715042023398,233.56229297943355,7.409828186035156,train
tb0118.png,/kaggle/input/notebooks/abdelazizomarrr/tuberculosis-detection-lesion-localization/tbx_yolo/images/train/tb0118.png,/kaggle/input/notebooks/abdelazizomarrr/tuberculosis-detection-lesion-localization/tbx_yolo/labels/train/tb0118.txt,205,8112868811208774612,1,0.042381755874000004,0.042381755874000004,1 lesion,Q2,512,512,144.42183685302734,69.21267295836786,186.84831019186822,7.586449146270752,train
tb0244.png,/kaggle/input/notebooks/abdelazizomarrr/tuberculosis-detection-lesion-localization/tbx_yolo/images/train/tb0244.png,/kaggle/input/notebooks/abdelazizomarrr/tuberculosis-detection-lesion-localization/tbx_yolo/labels/train/tb0244.txt,206,17299368178053411282,1,0.012623631635999999,0.012623631635999999,1 lesion,Q1,512,512,147.8502960205078,71.32932710881381,195.48270709154895,7.598574161529541,train
tb0478.png,/kaggle/input/notebooks/abdelazizomarrr/tuberculosis-detection-lesion-localization/tbx_yolo/images/train/tb0478.png,/kaggle/input/notebooks/abdelazizomarrr/tuberculosis-detection-lesion-localization/tbx_yolo/labels/train/tb0478.txt,207,3508927218018595568,1,0.09043605712,0.09043605712,1 lesion,Q4,512,512,84.06732559204102,70.97497570983712,77.49408537056297,6.852982521057129,train
tb0900.png,/kaggle/input/notebooks/abdelazizomarrr/tuberculosis-detection-lesion-localization/tbx_yolo/images/train/tb0900.png,/kaggle/input/notebooks/abdelazizomarrr/tuberculosis-detection-lesion-localization/tbx_yolo/labels/train/tb0900.txt,208,8256706920223791320,1,0.06589170680400001,0.06589170680400001,1 lesion,Q3,512,512,138.3541488647461,75.13697680188697,245.1678007505834,7.646640777587891,train
tb0512.png,/kaggle/input/notebooks/abdelazizomarrr/tuberculosis-detection-lesion-localization/tbx_yolo/images/train/tb0512.png,/kaggle/input/notebooks/abdelazizomarrr/tuberculosis-detection-lesion-localization/tbx_yolo/labels/train/tb0512.txt,209,16759779543341912272,2,0.08868973864900001,0.1069834418,2 lesions,Q4,512,512,129.10200881958008,75.0091778335845,77.62388622025901,7.221205234527588,test
tb1129.png,/kaggle/input/notebooks/abdelazizomarrr/tuberculosis-detection-lesion-localization/tbx_yolo/images/train/tb1129.png,/kaggle/input/notebooks/abdelazizomarrr/tuberculosis-detection-lesion-localization/tbx_yolo/labels/train/tb1129.txt,210,17488491904226095346,1,0.126667652664,0.126667652664,1 lesion,Q4,512,512,155.42491912841797,61.89852717711246,413.63942151650554,7.643445014953613,val
tb0576.png,/kaggle/input/notebooks/abdelazizomarrr/tuberculosis-detection-lesion-localization/tbx_yolo/images/train/tb0576.png,/kaggle/input/notebooks/abdelazizomarrr/tuberculosis-detection-lesion-localization/tbx_yolo/labels/train/tb0576.txt,65,8184890531553407088,2,0.014216401803,0.021104504232,2 lesions,Q1,512,512,107.86769104003906,71.17806467375618,86.97524917213013,7.371877670288086,train
tb0708.png,/kaggle/input/notebooks/abdelazizomarrr/tuberculosis-detection-lesion-localization/tbx_yolo/images/train/tb0708.png,/kaggle/input/notebooks/abdelazizomarrr/tuberculosis-detection-lesion-localization/tbx_yolo/labels/train/tb0708.txt,211,8109067800585253058,3,0.07802375357199999,0.130571992528,3+ lesions,Q4,512,512,129.48152923583984,69.98090823076006,356.3595932933822,7.696470260620117,test
tb0700.png,/kaggle/input/notebooks/abdelazizomarrr/tuberculosis-detection-lesion-localization/tbx_yolo/images/train/tb0700.png,/kaggle/input/notebooks/abdelazizomarrr/tuberculosis-detection-lesion-localization/tbx_yolo/labels/train/tb0700.txt,212,17344544355602551024,1,0.067036621164,0.067036621164,1 lesion,Q3,512,512,138.56244277954102,69.92151748648729,211.80455140111735,7.643970966339111,train
tb0504.png,/kaggle/input/notebooks/abdelazizomarrr/tuberculosis-detection-lesion-localization/tbx_yolo/images/train/tb0504.png,/kaggle/input/notebooks/abdelazizomarrr/tuberculosis-detection-lesion-localization/tbx_yolo/labels/train/tb0504.txt,213,8094537755522361584,2,0.094095531654,0.119152389958,2 lesions,Q4,512,512,152.40386199951172,64.17498149478088,230.18629926349968,7.3845977783203125,train
tb0047.png,/kaggle/input/notebooks/abdelazizomarrr/tuberculosis-detection-lesion-localization/tbx_yolo/images/train/tb0047.png,/kaggle/input/notebooks/abdelazizomarrr/tuberculosis-detection-lesion-localization/tbx_yolo/labels/train/tb0047.txt,214,3508504996967670992,1,0.0477623212,0.0477623212,1 lesion,Q2,512,512,115.22021865844727,81.48252583023455,217.44137518084608,7.260637283325195,train
tb0323.png,/kaggle/input/notebooks/abdelazizomarrr/tuberculosis-detection-lesion-localization/tbx_yolo/images/train/tb0323.png,/kaggle/input/notebooks/abdelazizomarrr/tuberculosis-detection-lesion-localization/tbx_yolo/labels/train/tb0323.txt,65,8112552699489333984,2,0.0358705147955,0.040789165803999994,2 lesions,Q2,512,512,125.8143539428711,65.49386531111593,70.74629413988441,7.500683784484863,train
tb0246.png,/kaggle/input/notebooks/abdelazizomarrr/tuberculosis-detection-lesion-localization/tbx_yolo/images/train/tb0246.png,/kaggle/input/notebooks/abdelazizomarrr/tuberculosis-detection-lesion-localization/tbx_yolo/labels/train/tb0246.txt,65,8111742358882808048,2,0.05213959399,0.06556784652,2 lesions,Q2,512,512,135.66570663452148,65.09655737701577,362.7494700336247,7.4392523765563965,train
tb0532.png,/kaggle/input/notebooks/abdelazizomarrr/tuberculosis-detection-lesion-localization/tbx_yolo/images/train/tb0532.png,/kaggle/input/notebooks/abdelazizomarrr/tuberculosis-detection-lesion-localization/tbx_yolo/labels/train/tb0532.txt,215,16169936033242575570,1,0.01804402608,0.01804402608,1 lesion,Q1,512,512,142.49982452392578,67.60679299550222,200.504391923183,7.584314823150635,val
tb1138.png,/kaggle/input/notebooks/abdelazizomarrr/tuberculosis-detection-lesion-localization/tbx_yolo/images/train/tb1138.png,/kaggle/input/notebooks/abdelazizomarrr/tuberculosis-detection-lesion-localization/tbx_yolo/labels/train/tb1138.txt,216,17300352790701330650,1,0.029161440593,0.029161440593,1 lesion,Q1,512,512,141.15357971191406,73.37694558368808,231.92124904110096,7.586291313171387,test
tb0766.png,/kaggle/input/notebooks/abdelazizomarrr/tuberculosis-detection-lesion-localization/tbx_yolo/images/train/tb0766.png,/kaggle/input/notebooks/abdelazizomarrr/tuberculosis-detection-lesion-localization/tbx_yolo/labels/train/tb0766.txt,217,3501006185894688992,1,0.026830206503,0.026830206503,1 lesion,Q1,512,512,121.43181228637695,67.66247380958215,75.18860419384146,7.289209365844727,train
tb0882.png,/kaggle/input/notebooks/abdelazizomarrr/tuberculosis-detection-lesion-localization/tbx_yolo/images/train/tb0882.png,/kaggle/input/notebooks/abdelazizomarrr/tuberculosis-detection-lesion-localization/tbx_yolo/labels/train/tb0882.txt,218,17464170670944580824,2,0.007586897427,0.00826924326,2 lesions,Q1,512,512,132.06600952148438,71.90620219498022,251.9443206445867,7.710994243621826,train
tb0053.png,/kaggle/input/notebooks/abdelazizomarrr/tuberculosis-detection-lesion-localization/tbx_yolo/images/train/tb0053.png,/kaggle/input/notebooks/abdelazizomarrr/tuberculosis-detection-lesion-localization/tbx_yolo/labels/train/tb0053.txt,219,12111925094219183088,2,0.07207445368250001,0.0767250495,2 lesions,Q3,512,512,146.8149528503418,56.384298654680336,421.15856162992714,7.364232540130615,train
tb0316.png,/kaggle/input/notebooks/abdelazizomarrr/tuberculosis-detection-lesion-localization/tbx_yolo/images/train/tb0316.png,/kaggle/input/notebooks/abdelazizomarrr/tuberculosis-detection-lesion-localization/tbx_yolo/labels/train/tb0316.txt,220,3581789654534516952,2,0.07646483325600001,0.088182791628,2 lesions,Q3,512,512,134.90975952148438,64.85820878636613,94.23832541085721,7.471327304840088,train
tb0666.png,/kaggle/input/notebooks/abdelazizomarrr/tuberculosis-detection-lesion-localization/tbx_yolo/images/train/tb0666.png,/kaggle/input/notebooks/abdelazizomarrr/tuberculosis-detection-lesion-localization/tbx_yolo/labels/train/tb0666.txt,221,8113150700138062072,2,0.081292912878,0.084708680853,2 lesions,Q4,512,512,129.90472793579102,67.76047943205143,84.23672316431475,7.123189926147461,train
tb0804.png,/kaggle/input/notebooks/abdelazizomarrr/tuberculosis-detection-lesion-localization/tbx_yolo/images/train/tb0804.png,/kaggle/input/notebooks/abdelazizomarrr/tuberculosis-detection-lesion-localization/tbx_yolo/labels/train/tb0804.txt,222,8094154037506654432,2,0.044051240134,0.052750775,2 lesions,Q2,512,512,128.7301788330078,71.33632891025677,70.29161449753155,6.84820556640625,train
tb0382.png,/kaggle/input/notebooks/abdelazizomarrr/tuberculosis-detection-lesion-localization/tbx_yolo/images/train/tb0382.png,/kaggle/input/notebooks/abdelazizomarrr/tuberculosis-detection-lesion-localization/tbx_yolo/labels/train/tb0382.txt,223,17317069078312178416,1,0.023102773182000002,0.023102773182000002,1 lesion,Q1,512,512,134.64777755737305,71.36983740540198,230.45508447941393,7.612843036651611,test
tb0830.png,/kaggle/input/notebooks/abdelazizomarrr/tuberculosis-detection-lesion-localization/tbx_yolo/images/train/tb0830.png,/kaggle/input/notebooks/abdelazizomarrr/tuberculosis-detection-lesion-localization/tbx_yolo/labels/train/tb0830.txt,224,8094818680743979248,2,0.052712524767,0.059524825438,2 lesions,Q3,512,512,134.15269088745117,68.41085085441466,69.48665609583259,6.955166816711426,train
tb0335.png,/kaggle/input/notebooks/abdelazizomarrr/tuberculosis-detection-lesion-localization/tbx_yolo/images/train/tb0335.png,/kaggle/input/notebooks/abdelazizomarrr/tuberculosis-detection-lesion-localization/tbx_yolo/labels/train/tb0335.txt,65,3518602903133671536,2,0.049209427864,0.061958672083999994,2 lesions,Q2,512,512,130.6135139465332,73.66178387499478,118.81697831483325,7.428311347961426,train
tb0095.png,/kaggle/input/notebooks/abdelazizomarrr/tuberculosis-detection-lesion-localization/tbx_yolo/images/train/tb0095.png,/kaggle/input/notebooks/abdelazizomarrr/tuberculosis-detection-lesion-localization/tbx_yolo/labels/train/tb0095.txt,225,15065406840486621424,2,0.025678727880499998,0.028639694745,2 lesions,Q1,512,512,137.3733901977539,71.73909641637641,261.3984655816457,7.666794776916504,train
tb0248.png,/kaggle/input/notebooks/abdelazizomarrr/tuberculosis-detection-lesion-localization/tbx_yolo/images/train/tb0248.png,/kaggle/input/notebooks/abdelazizomarrr/tuberculosis-detection-lesion-localization/tbx_yolo/labels/train/tb0248.txt,226,17317662395265769680,1,0.03445046331,0.03445046331,1 lesion,Q2,512,512,156.9907112121582,64.59353953265642,141.6993629369972,7.454970359802246,train
tb1174.png,/kaggle/input/notebooks/abdelazizomarrr/tuberculosis-detection-lesion-localization/tbx_yolo/images/train/tb1174.png,/kaggle/input/notebooks/abdelazizomarrr/tuberculosis-detection-lesion-localization/tbx_yolo/labels/train/tb1174.txt,227,17335079074465378536,1,0.07141241240999999,0.07141241240999999,1 lesion,Q3,512,512,129.54457092285156,59.1593020412722,34.40823316568276,7.235166549682617,test
tb1181.png,/kaggle/input/notebooks/abdelazizomarrr/tuberculosis-detection-lesion-localization/tbx_yolo/images/train/tb1181.png,/kaggle/input/notebooks/abdelazizomarrr/tuberculosis-detection-lesion-localization/tbx_yolo/labels/train/tb1181.txt,228,1221763657870536804,1,0.057636555587999995,0.057636555587999995,1 lesion,Q3,512,512,109.2187614440918,72.58555226833896,64.9087863239547,6.990658283233643,train
tb1185.png,/kaggle/input/notebooks/abdelazizomarrr/tuberculosis-detection-lesion-localization/tbx_yolo/images/train/tb1185.png,/kaggle/input/notebooks/abdelazizomarrr/tuberculosis-detection-lesion-localization/tbx_yolo/labels/train/tb1185.txt,229,17914080965759725808,1,0.13547550429,0.13547550429,1 lesion,Q4,512,512,143.22859573364258,73.65487951624667,222.62115622661076,7.509873867034912,train
tb1186.png,/kaggle/input/notebooks/abdelazizomarrr/tuberculosis-detection-lesion-localization/tbx_yolo/images/train/tb1186.png,/kaggle/input/notebooks/abdelazizomarrr/tuberculosis-detection-lesion-localization/tbx_yolo/labels/train/tb1186.txt,230,3562582835194818768,2,0.0578562419755,0.07683445712,2 lesions,Q3,512,512,120.66567611694336,75.70750173087875,97.9205010549631,7.310910224914551,test
tb0615.png,/kaggle/input/notebooks/abdelazizomarrr/tuberculosis-detection-lesion-localization/tbx_yolo/images/train/tb0615.png,/kaggle/input/notebooks/abdelazizomarrr/tuberculosis-detection-lesion-localization/tbx_yolo/labels/train/tb0615.txt,231,1202903738538322680,2,0.044656341744,0.0786433851,2 lesions,Q2,512,512,127.10699844360352,78.20746243182737,170.2544605648145,7.4057135581970215,train
tb1100.png,/kaggle/input/notebooks/abdelazizomarrr/tuberculosis-detection-lesion-localization/tbx_yolo/images/train/tb1100.png,/kaggle/input/notebooks/abdelazizomarrr/tuberculosis-detection-lesion-localization/tbx_yolo/labels/train/tb1100.txt,65,8112410862489236208,2,0.048108051137,0.060028862656,2 lesions,Q2,512,512,123.73870468139648,64.95298865975573,56.87970254475658,7.3307695388793945,train
tb0968.png,/kaggle/input/notebooks/abdelazizomarrr/tuberculosis-detection-lesion-localization/tbx_yolo/images/train/tb0968.png,/kaggle/input/notebooks/abdelazizomarrr/tuberculosis-detection-lesion-localization/tbx_yolo/labels/train/tb0968.txt,232,3474836735529693682,2,0.073277719855,0.08150313995000001,2 lesions,Q3,512,512,133.09811782836914,73.66619946489014,235.12087096180767,7.592161655426025,train
tb0063.png,/kaggle/input/notebooks/abdelazizomarrr/tuberculosis-detection-lesion-localization/tbx_yolo/images/train/tb0063.png,/kaggle/input/notebooks/abdelazizomarrr/tuberculosis-detection-lesion-localization/tbx_yolo/labels/train/tb0063.txt,233,17485035143716565104,1,0.10454762818199999,0.10454762818199999,1 lesion,Q4,512,512,107.07212448120117,65.48491929974954,248.87417696876216,7.420985221862793,train
tb1123.png,/kaggle/input/notebooks/abdelazizomarrr/tuberculosis-detection-lesion-localization/tbx_yolo/images/train/tb1123.png,/kaggle/input/notebooks/abdelazizomarrr/tuberculosis-detection-lesion-localization/tbx_yolo/labels/train/tb1123.txt,234,8131129914791424752,2,0.046227864694000004,0.047261736192000005,2 lesions,Q2,512,512,139.1216812133789,75.88695718762848,231.97772118909052,7.50242280960083,train
tb0579.png,/kaggle/input/notebooks/abdelazizomarrr/tuberculosis-detection-lesion-localization/tbx_yolo/images/train/tb0579.png,/kaggle/input/notebooks/abdelazizomarrr/tuberculosis-detection-lesion-localization/tbx_yolo/labels/train/tb0579.txt,235,13016727515540083185,1,0.045912862515,0.045912862515,1 lesion,Q2,512,512,104.15022277832031,70.77988733261073,108.25369979078823,7.556498050689697,test
tb0923.png,/kaggle/input/notebooks/abdelazizomarrr/tuberculosis-detection-lesion-localization/tbx_yolo/images/train/tb0923.png,/kaggle/input/notebooks/abdelazizomarrr/tuberculosis-detection-lesion-localization/tbx_yolo/labels/train/tb0923.txt,236,6923778341198819568,1,0.09468645537499999,0.09468645537499999,1 lesion,Q4,512,512,134.4111785888672,72.67200333991161,208.87696698284708,7.674037933349609,train
tb0194.png,/kaggle/input/notebooks/abdelazizomarrr/tuberculosis-detection-lesion-localization/tbx_yolo/images/train/tb0194.png,/kaggle/input/notebooks/abdelazizomarrr/tuberculosis-detection-lesion-localization/tbx_yolo/labels/train/tb0194.txt,237,16200313395249206480,1,0.04590570861,0.04590570861,1 lesion,Q2,512,512,159.75047302246094,67.85269613345504,158.11425143288216,7.334171295166016,train
tb0990.png,/kaggle/input/notebooks/abdelazizomarrr/tuberculosis-detection-lesion-localization/tbx_yolo/images/train/tb0990.png,/kaggle/input/notebooks/abdelazizomarrr/tuberculosis-detection-lesion-localization/tbx_yolo/labels/train/tb0990.txt,238,17452348176457626096,2,0.042363971260500004,0.074839108146,2 lesions,Q2,512,512,141.32673263549805,54.61250522001566,58.63534795526357,7.2118964195251465,train
tb0091.png,/kaggle/input/notebooks/abdelazizomarrr/tuberculosis-detection-lesion-localization/tbx_yolo/images/train/tb0091.png,/kaggle/input/notebooks/abdelazizomarrr/tuberculosis-detection-lesion-localization/tbx_yolo/labels/train/tb0091.txt,239,16764283143505113296,2,0.124045312973,0.12630140809,2 lesions,Q4,512,512,144.90688705444336,63.85553536572521,123.86791802720109,7.405282020568848,train
tb0758.png,/kaggle/input/notebooks/abdelazizomarrr/tuberculosis-detection-lesion-localization/tbx_yolo/images/train/tb0758.png,/kaggle/input/notebooks/abdelazizomarrr/tuberculosis-detection-lesion-localization/tbx_yolo/labels/train/tb0758.txt,240,17300074614276485362,1,0.09374833408799998,0.09374833408799998,1 lesion,Q4,512,512,149.84382247924805,59.630052426396006,714.8834585547447,7.4221038818359375,train
tb0398.png,/kaggle/input/notebooks/abdelazizomarrr/tuberculosis-detection-lesion-localization/tbx_yolo/images/train/tb0398.png,/kaggle/input/notebooks/abdelazizomarrr/tuberculosis-detection-lesion-localization/tbx_yolo/labels/train/tb0398.txt,241,3502071741632606452,2,0.09200409621450001,0.13266022417200002,2 lesions,Q4,512,512,137.18088150024414,65.65952391683672,83.5910882223252,7.074597358703613,test
tb0979.png,/kaggle/input/notebooks/abdelazizomarrr/tuberculosis-detection-lesion-localization/tbx_yolo/images/train/tb0979.png,/kaggle/input/notebooks/abdelazizomarrr/tuberculosis-detection-lesion-localization/tbx_yolo/labels/train/tb0979.txt,242,3744381018825746640,1,0.03741971624,0.03741971624,1 lesion,Q2,512,512,105.7005615234375,63.12216093352319,492.6737427633343,7.3721747398376465,train
tb0452.png,/kaggle/input/notebooks/abdelazizomarrr/tuberculosis-detection-lesion-localization/tbx_yolo/images/train/tb0452.png,/kaggle/input/notebooks/abdelazizomarrr/tuberculosis-detection-lesion-localization/tbx_yolo/labels/train/tb0452.txt,243,17300317052815470824,1,0.068605678818,0.068605678818,1 lesion,Q3,512,512,136.68983459472656,75.26588092582205,224.71889755543089,7.544994354248047,train
tb0313.png,/kaggle/input/notebooks/abdelazizomarrr/tuberculosis-detection-lesion-localization/tbx_yolo/images/train/tb0313.png,/kaggle/input/notebooks/abdelazizomarrr/tuberculosis-detection-lesion-localization/tbx_yolo/labels/train/tb0313.txt,32,17884557948864230624,1,0.164625293664,0.164625293664,1 lesion,Q4,512,512,143.02270126342773,67.56439956986503,306.4390684792306,7.428622245788574,test
tb0260.png,/kaggle/input/notebooks/abdelazizomarrr/tuberculosis-detection-lesion-localization/tbx_yolo/images/train/tb0260.png,/kaggle/input/notebooks/abdelazizomarrr/tuberculosis-detection-lesion-localization/tbx_yolo/labels/train/tb0260.txt,244,3734775701886234993,1,0.028270691995,0.028270691995,1 lesion,Q1,512,512,119.56817245483398,76.82183651256251,96.01606623687258,7.41815710067749,train
tb0453.png,/kaggle/input/notebooks/abdelazizomarrr/tuberculosis-detection-lesion-localization/tbx_yolo/images/train/tb0453.png,/kaggle/input/notebooks/abdelazizomarrr/tuberculosis-detection-lesion-localization/tbx_yolo/labels/train/tb0453.txt,245,17506253321008247024,2,0.077930761643,0.103204976662,2 lesions,Q4,512,512,156.26040267944336,73.6377447559546,320.6917300140485,7.595111846923828,val
tb0361.png,/kaggle/input/notebooks/abdelazizomarrr/tuberculosis-detection-lesion-localization/tbx_yolo/images/train/tb0361.png,/kaggle/input/notebooks/abdelazizomarrr/tuberculosis-detection-lesion-localization/tbx_yolo/labels/train/tb0361.txt,246,3506108600591463124,1,0.024388316544,0.024388316544,1 lesion,Q1,512,512,129.6264190673828,70.68641497094403,181.3066698686307,7.524406909942627,train
tb0827.png,/kaggle/input/notebooks/abdelazizomarrr/tuberculosis-detection-lesion-localization/tbx_yolo/images/train/tb0827.png,/kaggle/input/notebooks/abdelazizomarrr/tuberculosis-detection-lesion-localization/tbx_yolo/labels/train/tb0827.txt,247,8112693436981764344,1,0.035789555120000004,0.035789555120000004,1 lesion,Q2,512,512,117.6359977722168,69.52097035865073,93.30489918304374,7.246654510498047,train
tb0077.png,/kaggle/input/notebooks/abdelazizomarrr/tuberculosis-detection-lesion-localization/tbx_yolo/images/train/tb0077.png,/kaggle/input/notebooks/abdelazizomarrr/tuberculosis-detection-lesion-localization/tbx_yolo/labels/train/tb0077.txt,248,12814067735641388241,1,0.110269964826,0.110269964826,1 lesion,Q4,512,512,112.95085525512695,69.494173364668,80.99363912314584,7.3386077880859375,train
tb0874.png,/kaggle/input/notebooks/abdelazizomarrr/tuberculosis-detection-lesion-localization/tbx_yolo/images/train/tb0874.png,/kaggle/input/notebooks/abdelazizomarrr/tuberculosis-detection-lesion-localization/tbx_yolo/labels/train/tb0874.txt,249,17317804237105722074,2,0.095704957187,0.11062830888200001,2 lesions,Q4,512,512,148.82400131225586,67.64663454436194,248.31904935846978,7.6140055656433105,test
tb0069.png,/kaggle/input/notebooks/abdelazizomarrr/tuberculosis-detection-lesion-localization/tbx_yolo/images/train/tb0069.png,/kaggle/input/notebooks/abdelazizomarrr/tuberculosis-detection-lesion-localization/tbx_yolo/labels/train/tb0069.txt,65,3518035555133743296,1,0.083631716976,0.083631716976,1 lesion,Q4,512,512,132.69448471069336,75.72237556234435,81.70527469213994,6.552433967590332,train
tb0888.png,/kaggle/input/notebooks/abdelazizomarrr/tuberculosis-detection-lesion-localization/tbx_yolo/images/train/tb0888.png,/kaggle/input/notebooks/abdelazizomarrr/tuberculosis-detection-lesion-localization/tbx_yolo/labels/train/tb0888.txt,250,2491496314533246176,2,0.07993439676,0.081315167741,2 lesions,Q4,512,512,127.34233093261719,82.12175497491523,245.6882985044358,7.375131607055664,val
tb0042.png,/kaggle/input/notebooks/abdelazizomarrr/tuberculosis-detection-lesion-localization/tbx_yolo/images/train/tb0042.png,/kaggle/input/notebooks/abdelazizomarrr/tuberculosis-detection-lesion-localization/tbx_yolo/labels/train/tb0042.txt,251,8075994485442539752,2,0.180918920796,0.18751905039199998,2 lesions,Q4,512,512,146.73675918579102,64.72461781898768,347.29402825509897,7.341554641723633,train
tb0300.png,/kaggle/input/notebooks/abdelazizomarrr/tuberculosis-detection-lesion-localization/tbx_yolo/images/train/tb0300.png,/kaggle/input/notebooks/abdelazizomarrr/tuberculosis-detection-lesion-localization/tbx_yolo/labels/train/tb0300.txt,252,17355355206624865016,1,0.034228416025,0.034228416025,1 lesion,Q2,512,512,139.56080627441406,74.06102146003609,222.76802971096186,7.570443630218506,train
tb0114.png,/kaggle/input/notebooks/abdelazizomarrr/tuberculosis-detection-lesion-localization/tbx_yolo/images/train/tb0114.png,/kaggle/input/notebooks/abdelazizomarrr/tuberculosis-detection-lesion-localization/tbx_yolo/labels/train/tb0114.txt,65,8130882674476904688,2,0.044059071852,0.06185365939199999,2 lesions,Q2,512,512,128.97160720825195,70.65500654750198,257.8732865591883,7.490419864654541,train
tb1116.png,/kaggle/input/notebooks/abdelazizomarrr/tuberculosis-detection-lesion-localization/tbx_yolo/images/train/tb1116.png,/kaggle/input/notebooks/abdelazizomarrr/tuberculosis-detection-lesion-localization/tbx_yolo/labels/train/tb1116.txt,253,3572224848265654992,1,0.029552029364,0.029552029364,1 lesion,Q1,512,512,115.75431823730469,67.4103577392596,46.89183974266052,7.29128885269165,train
tb0380.png,/kaggle/input/notebooks/abdelazizomarrr/tuberculosis-detection-lesion-localization/tbx_yolo/images/train/tb0380.png,/kaggle/input/notebooks/abdelazizomarrr/tuberculosis-detection-lesion-localization/tbx_yolo/labels/train/tb0380.txt,254,4151082575104995440,1,0.06621427282,0.06621427282,1 lesion,Q3,512,512,127.1032943725586,80.69804952774365,200.83830954128643,7.388279438018799,test
tb0366.png,/kaggle/input/notebooks/abdelazizomarrr/tuberculosis-detection-lesion-localization/tbx_yolo/images/train/tb0366.png,/kaggle/input/notebooks/abdelazizomarrr/tuberculosis-detection-lesion-localization/tbx_yolo/labels/train/tb0366.txt,255,8202909465550319824,1,0.010664829147,0.010664829147,1 lesion,Q1,512,512,128.22821044921875,63.05568963131721,50.19632066633494,7.340651988983154,train
tb0601.png,/kaggle/input/notebooks/abdelazizomarrr/tuberculosis-detection-lesion-localization/tbx_yolo/images/train/tb0601.png,/kaggle/input/notebooks/abdelazizomarrr/tuberculosis-detection-lesion-localization/tbx_yolo/labels/train/tb0601.txt,256,17449799444921901288,2,0.020970250539,0.030096783813,2 lesions,Q1,512,512,134.83670043945312,64.39838298735341,102.5496201053611,7.519604682922363,train
tb0616.png,/kaggle/input/notebooks/abdelazizomarrr/tuberculosis-detection-lesion-localization/tbx_yolo/images/train/tb0616.png,/kaggle/input/notebooks/abdelazizomarrr/tuberculosis-detection-lesion-localization/tbx_yolo/labels/train/tb0616.txt,257,12292177943847958640,1,0.011984163854,0.011984163854,1 lesion,Q1,512,512,114.1178970336914,67.33274318092899,93.31931468179391,7.479569435119629,train
tb0347.png,/kaggle/input/notebooks/abdelazizomarrr/tuberculosis-detection-lesion-localization/tbx_yolo/images/train/tb0347.png,/kaggle/input/notebooks/abdelazizomarrr/tuberculosis-detection-lesion-localization/tbx_yolo/labels/train/tb0347.txt,258,8139468748413333988,1,0.0711931484,0.0711931484,1 lesion,Q3,512,512,141.81551361083984,71.47136818862263,200.72974235842412,7.602327346801758,train
tb1191.png,/kaggle/input/notebooks/abdelazizomarrr/tuberculosis-detection-lesion-localization/tbx_yolo/images/train/tb1191.png,/kaggle/input/notebooks/abdelazizomarrr/tuberculosis-detection-lesion-localization/tbx_yolo/labels/train/tb1191.txt,65,8130004014901293296,1,0.09093788490200001,0.09093788490200001,1 lesion,Q4,512,512,126.37297058105469,69.1761739892563,77.93592452931625,7.220943927764893,train
tb0487.png,/kaggle/input/notebooks/abdelazizomarrr/tuberculosis-detection-lesion-localization/tbx_yolo/images/train/tb0487.png,/kaggle/input/notebooks/abdelazizomarrr/tuberculosis-detection-lesion-localization/tbx_yolo/labels/train/tb0487.txt,259,4083297399632132216,1,0.029405113230000002,0.029405113230000002,1 lesion,Q1,512,512,90.33615112304688,69.99696644239873,101.1002027951181,7.192146301269531,test
tb0079.png,/kaggle/input/notebooks/abdelazizomarrr/tuberculosis-detection-lesion-localization/tbx_yolo/images/train/tb0079.png,/kaggle/input/notebooks/abdelazizomarrr/tuberculosis-detection-lesion-localization/tbx_yolo/labels/train/tb0079.txt,260,8094819780268250356,2,0.06531656709700001,0.07774230687500001,2 lesions,Q3,512,512,137.39965438842773,73.79588231352793,249.9513082036283,7.604165077209473,test
tb0964.png,/kaggle/input/notebooks/abdelazizomarrr/tuberculosis-detection-lesion-localization/tbx_yolo/images/train/tb0964.png,/kaggle/input/notebooks/abdelazizomarrr/tuberculosis-detection-lesion-localization/tbx_yolo/labels/train/tb0964.txt,261,4083036268021835941,2,0.023420553368000002,0.030556120144000002,2 lesions,Q1,512,512,112.88276290893555,84.72348512306556,374.7910385131836,6.7531938552856445,train
tb0867.png,/kaggle/input/notebooks/abdelazizomarrr/tuberculosis-detection-lesion-localization/tbx_yolo/images/train/tb0867.png,/kaggle/input/notebooks/abdelazizomarrr/tuberculosis-detection-lesion-localization/tbx_yolo/labels/train/tb0867.txt,262,8112446598775140602,1,0.020013444374,0.020013444374,1 lesion,Q1,512,512,137.6026954650879,70.04382492760938,195.50484977470478,7.665044784545898,train
tb0168.png,/kaggle/input/notebooks/abdelazizomarrr/tuberculosis-detection-lesion-localization/tbx_yolo/images/train/tb0168.png,/kaggle/input/notebooks/abdelazizomarrr/tuberculosis-detection-lesion-localization/tbx_yolo/labels/train/tb0168.txt,263,8130464293655343345,1,0.049184331922,0.049184331922,1 lesion,Q2,512,512,143.2440414428711,77.18178936159335,190.83762935384584,7.470550537109375,train
tb0216.png,/kaggle/input/notebooks/abdelazizomarrr/tuberculosis-detection-lesion-localization/tbx_yolo/images/train/tb0216.png,/kaggle/input/notebooks/abdelazizomarrr/tuberculosis-detection-lesion-localization/tbx_yolo/labels/train/tb0216.txt,264,17334939578237310180,1,0.025575188100000004,0.025575188100000004,1 lesion,Q1,512,512,143.09079360961914,69.49461459203582,191.46020084246993,7.5764312744140625,val
tb1005.png,/kaggle/input/notebooks/abdelazizomarrr/tuberculosis-detection-lesion-localization/tbx_yolo/images/train/tb1005.png,/kaggle/input/notebooks/abdelazizomarrr/tuberculosis-detection-lesion-localization/tbx_yolo/labels/train/tb1005.txt,65,8202519138920495856,3,0.051926583863,0.06813671505300001,3+ lesions,Q2,512,512,125.79771041870117,66.54661279582835,82.98952520545572,7.365816116333008,train
tb0355.png,/kaggle/input/notebooks/abdelazizomarrr/tuberculosis-detection-lesion-localization/tbx_yolo/images/train/tb0355.png,/kaggle/input/notebooks/abdelazizomarrr/tuberculosis-detection-lesion-localization/tbx_yolo/labels/train/tb0355.txt,65,8111993048074875120,1,0.018650916724,0.018650916724,1 lesion,Q1,512,512,133.68872451782227,79.55270302007357,244.05978556670016,7.440492630004883,train
tb0309.png,/kaggle/input/notebooks/abdelazizomarrr/tuberculosis-detection-lesion-localization/tbx_yolo/images/train/tb0309.png,/kaggle/input/notebooks/abdelazizomarrr/tuberculosis-detection-lesion-localization/tbx_yolo/labels/train/tb0309.txt,265,8125675922655655120,1,0.093823116651,0.093823116651,1 lesion,Q4,512,512,161.48118209838867,54.31730095687832,109.42431691182719,7.333896160125732,train
tb0221.png,/kaggle/input/notebooks/abdelazizomarrr/tuberculosis-detection-lesion-localization/tbx_yolo/images/train/tb0221.png,/kaggle/input/notebooks/abdelazizomarrr/tuberculosis-detection-lesion-localization/tbx_yolo/labels/train/tb0221.txt,266,17317926300076397802,2,0.063247178829,0.11449680541799999,2 lesions,Q3,512,512,154.67515563964844,68.093209772402,211.8005807070149,7.495670318603516,train
tb0419.png,/kaggle/input/notebooks/abdelazizomarrr/tuberculosis-detection-lesion-localization/tbx_yolo/images/train/tb0419.png,/kaggle/input/notebooks/abdelazizomarrr/tuberculosis-detection-lesion-localization/tbx_yolo/labels/train/tb0419.txt,267,8102932451630961876,2,0.100630327651,0.140957075174,2 lesions,Q4,512,512,133.14217376708984,77.2344043675902,229.4988050153479,7.480831146240234,val
tb0875.png,/kaggle/input/notebooks/abdelazizomarrr/tuberculosis-detection-lesion-localization/tbx_yolo/images/train/tb0875.png,/kaggle/input/notebooks/abdelazizomarrr/tuberculosis-detection-lesion-localization/tbx_yolo/labels/train/tb0875.txt,268,2310965849498906848,2,0.056822356546,0.066742265625,2 lesions,Q3,512,512,139.9492645263672,57.801166779320944,79.31247107240779,7.289007186889648,train
tb0816.png,/kaggle/input/notebooks/abdelazizomarrr/tuberculosis-detection-lesion-localization/tbx_yolo/images/train/tb0816.png,/kaggle/input/notebooks/abdelazizomarrr/tuberculosis-detection-lesion-localization/tbx_yolo/labels/train/tb0816.txt,269,11580644370418825457,1,0.059570362917000005,0.059570362917000005,1 lesion,Q3,512,512,129.62494659423828,70.04184925598899,98.06667344807647,7.398919105529785,train
tb0897.png,/kaggle/input/notebooks/abdelazizomarrr/tuberculosis-detection-lesion-localization/tbx_yolo/images/train/tb0897.png,/kaggle/input/notebooks/abdelazizomarrr/tuberculosis-detection-lesion-localization/tbx_yolo/labels/train/tb0897.txt,270,12733601076609217777,1,0.056049373872,0.056049373872,1 lesion,Q3,512,512,128.31481552124023,69.45538171852033,106.98480468928756,7.435368061065674,train
tb0242.png,/kaggle/input/notebooks/abdelazizomarrr/tuberculosis-detection-lesion-localization/tbx_yolo/images/train/tb0242.png,/kaggle/input/notebooks/abdelazizomarrr/tuberculosis-detection-lesion-localization/tbx_yolo/labels/train/tb0242.txt,271,8130852837341065328,1,0.059923633426999995,0.059923633426999995,1 lesion,Q3,512,512,124.22186279296875,67.38710296745882,75.18543112486077,7.235893726348877,test
tb0202.png,/kaggle/input/notebooks/abdelazizomarrr/tuberculosis-detection-lesion-localization/tbx_yolo/images/train/tb0202.png,/kaggle/input/notebooks/abdelazizomarrr/tuberculosis-detection-lesion-localization/tbx_yolo/labels/train/tb0202.txt,272,12711887220904351940,1,0.047970224445,0.047970224445,1 lesion,Q2,512,512,141.60365295410156,78.90695296576206,217.77639469386486,7.543492317199707,train
tb0174.png,/kaggle/input/notebooks/abdelazizomarrr/tuberculosis-detection-lesion-localization/tbx_yolo/images/train/tb0174.png,/kaggle/input/notebooks/abdelazizomarrr/tuberculosis-detection-lesion-localization/tbx_yolo/labels/train/tb0174.txt,273,8695214530519267448,1,0.086302336728,0.086302336728,1 lesion,Q4,512,512,135.79097747802734,78.71050056146004,177.74132805591216,7.3597588539123535,train
tb0559.png,/kaggle/input/notebooks/abdelazizomarrr/tuberculosis-detection-lesion-localization/tbx_yolo/images/train/tb0559.png,/kaggle/input/notebooks/abdelazizomarrr/tuberculosis-detection-lesion-localization/tbx_yolo/labels/train/tb0559.txt,274,17299226888659661552,1,0.063786084964,0.063786084964,1 lesion,Q3,512,512,134.53265380859375,64.83291591307437,147.62876144771872,7.5366902351379395,train
tb0031.png,/kaggle/input/notebooks/abdelazizomarrr/tuberculosis-detection-lesion-localization/tbx_yolo/images/train/tb0031.png,/kaggle/input/notebooks/abdelazizomarrr/tuberculosis-detection-lesion-localization/tbx_yolo/labels/train/tb0031.txt,65,17336486586789982448,1,0.057392501868000004,0.057392501868000004,1 lesion,Q3,512,512,146.33287048339844,71.657194341044,369.0728286711819,7.714000225067139,train
tb0681.png,/kaggle/input/notebooks/abdelazizomarrr/tuberculosis-detection-lesion-localization/tbx_yolo/images/train/tb0681.png,/kaggle/input/notebooks/abdelazizomarrr/tuberculosis-detection-lesion-localization/tbx_yolo/labels/train/tb0681.txt,65,17337613453060272368,1,0.06591471062399999,0.06591471062399999,1 lesion,Q3,512,512,134.54939651489258,67.66738010299974,69.26191314517928,7.203365325927734,train
tb1029.png,/kaggle/input/notebooks/abdelazizomarrr/tuberculosis-detection-lesion-localization/tbx_yolo/images/train/tb1029.png,/kaggle/input/notebooks/abdelazizomarrr/tuberculosis-detection-lesion-localization/tbx_yolo/labels/train/tb1029.txt,275,16189919725729536210,1,0.034946236559000005,0.034946236559000005,1 lesion,Q2,512,512,150.8708839416504,67.64373753267498,181.53554502931365,7.545138359069824,train
tb0978.png,/kaggle/input/notebooks/abdelazizomarrr/tuberculosis-detection-lesion-localization/tbx_yolo/images/train/tb0978.png,/kaggle/input/notebooks/abdelazizomarrr/tuberculosis-detection-lesion-localization/tbx_yolo/labels/train/tb0978.txt,276,8120433036764574964,2,0.1047147887575,0.106167332255,2 lesions,Q4,512,512,109.58704376220703,68.67024903850229,131.01259902765742,7.496821880340576,train
tb0797.png,/kaggle/input/notebooks/abdelazizomarrr/tuberculosis-detection-lesion-localization/tbx_yolo/images/train/tb0797.png,/kaggle/input/notebooks/abdelazizomarrr/tuberculosis-detection-lesion-localization/tbx_yolo/labels/train/tb0797.txt,277,3627428181091472081,1,0.009495128456,0.009495128456,1 lesion,Q1,512,512,148.21759796142578,67.97728882295519,132.54156335895823,7.573387145996094,test
tb0271.png,/kaggle/input/notebooks/abdelazizomarrr/tuberculosis-detection-lesion-localization/tbx_yolo/images/train/tb0271.png,/kaggle/input/notebooks/abdelazizomarrr/tuberculosis-detection-lesion-localization/tbx_yolo/labels/train/tb0271.txt,278,4101595755911342184,2,0.03059141283,0.031340743902,2 lesions,Q1,512,512,120.419677734375,81.7578798919852,214.93515275987738,7.225287437438965,train
tb0424.png,/kaggle/input/notebooks/abdelazizomarrr/tuberculosis-detection-lesion-localization/tbx_yolo/images/train/tb0424.png,/kaggle/input/notebooks/abdelazizomarrr/tuberculosis-detection-lesion-localization/tbx_yolo/labels/train/tb0424.txt,279,8094294757002637520,2,0.05598556672499999,0.06838990514999999,2 lesions,Q3,512,512,103.89707946777344,67.77713300454803,94.76916818330938,7.179450035095215,train
tb0839.png,/kaggle/input/notebooks/abdelazizomarrr/tuberculosis-detection-lesion-localization/tbx_yolo/images/train/tb0839.png,/kaggle/input/notebooks/abdelazizomarrr/tuberculosis-detection-lesion-localization/tbx_yolo/labels/train/tb0839.txt,280,1790695268098336872,2,0.055215608439500005,0.087924384679,2 lesions,Q3,512,512,90.74491882324219,71.8040720120164,92.97202989365906,6.8178534507751465,val
tb0570.png,/kaggle/input/notebooks/abdelazizomarrr/tuberculosis-detection-lesion-localization/tbx_yolo/images/train/tb0570.png,/kaggle/input/notebooks/abdelazizomarrr/tuberculosis-detection-lesion-localization/tbx_yolo/labels/train/tb0570.txt,281,1777401887937127140,2,0.0896283415675,0.111760196381,2 lesions,Q4,512,512,134.27407455444336,78.90900626484131,235.92746363487095,7.512022972106934,train
tb0945.png,/kaggle/input/notebooks/abdelazizomarrr/tuberculosis-detection-lesion-localization/tbx_yolo/images/train/tb0945.png,/kaggle/input/notebooks/abdelazizomarrr/tuberculosis-detection-lesion-localization/tbx_yolo/labels/train/tb0945.txt,282,8274294706074087664,2,0.051562320397,0.056301376571999996,2 lesions,Q2,512,512,122.09055709838867,66.9739901392141,73.49059694237076,7.255255699157715,train
tb0200.png,/kaggle/input/notebooks/abdelazizomarrr/tuberculosis-detection-lesion-localization/tbx_yolo/images/train/tb0200.png,/kaggle/input/notebooks/abdelazizomarrr/tuberculosis-detection-lesion-localization/tbx_yolo/labels/train/tb0200.txt,283,3482751127482708208,2,0.1834265493405,0.18500363604000003,2 lesions,Q4,512,512,88.8731460571289,63.4417255245532,97.27641355153173,7.18204402923584,val
tb0541.png,/kaggle/input/notebooks/abdelazizomarrr/tuberculosis-detection-lesion-localization/tbx_yolo/images/train/tb0541.png,/kaggle/input/notebooks/abdelazizomarrr/tuberculosis-detection-lesion-localization/tbx_yolo/labels/train/tb0541.txt,284,8113958974865464417,2,0.0990900880885,0.111493787499,2 lesions,Q4,512,512,141.92623901367188,76.05259234476421,301.8029087127652,7.599636077880859,train
tb0763.png,/kaggle/input/notebooks/abdelazizomarrr/tuberculosis-detection-lesion-localization/tbx_yolo/images/train/tb0763.png,/kaggle/input/notebooks/abdelazizomarrr/tuberculosis-detection-lesion-localization/tbx_yolo/labels/train/tb0763.txt,65,17623344771891261680,2,0.017798234,0.018979228,2 lesions,Q1,512,512,138.41524505615234,79.3971618211064,222.68506776582217,7.393933296203613,train
tb0594.png,/kaggle/input/notebooks/abdelazizomarrr/tuberculosis-detection-lesion-localization/tbx_yolo/images/train/tb0594.png,/kaggle/input/notebooks/abdelazizomarrr/tuberculosis-detection-lesion-localization/tbx_yolo/labels/train/tb0594.txt,285,8784370382937813104,1,0.066645905326,0.066645905326,1 lesion,Q3,512,512,108.40530776977539,63.395425110831916,443.8760196432559,7.3604888916015625,val
tb1054.png,/kaggle/input/notebooks/abdelazizomarrr/tuberculosis-detection-lesion-localization/tbx_yolo/images/train/tb1054.png,/kaggle/input/notebooks/abdelazizomarrr/tuberculosis-detection-lesion-localization/tbx_yolo/labels/train/tb1054.txt,286,8184890532086084852,1,0.020831352783999998,0.020831352783999998,1 lesion,Q1,512,512,123.84318161010742,71.48001866082654,63.13919884803181,7.252806663513184,train
tb0692.png,/kaggle/input/notebooks/abdelazizomarrr/tuberculosis-detection-lesion-localization/tbx_yolo/images/train/tb0692.png,/kaggle/input/notebooks/abdelazizomarrr/tuberculosis-detection-lesion-localization/tbx_yolo/labels/train/tb0692.txt,287,8112024933912077553,2,0.1234806404315,0.130930440238,2 lesions,Q4,512,512,123.24304580688477,72.85662384559068,79.87022367490863,7.140344619750977,val
tb0283.png,/kaggle/input/notebooks/abdelazizomarrr/tuberculosis-detection-lesion-localization/tbx_yolo/images/train/tb0283.png,/kaggle/input/notebooks/abdelazizomarrr/tuberculosis-detection-lesion-localization/tbx_yolo/labels/train/tb0283.txt,288,17890187379676860656,2,0.211882245325,0.23210174997599997,2 lesions,Q4,512,512,141.90917587280273,73.9360557942225,257.88955377227103,7.543998718261719,test
tb0282.png,/kaggle/input/notebooks/abdelazizomarrr/tuberculosis-detection-lesion-localization/tbx_yolo/images/train/tb0282.png,/kaggle/input/notebooks/abdelazizomarrr/tuberculosis-detection-lesion-localization/tbx_yolo/labels/train/tb0282.txt,289,8310709987881178360,1,0.044087790915,0.044087790915,1 lesion,Q2,512,512,140.91915893554688,73.7573848535534,244.73701464942133,7.65731143951416,val
tb0834.png,/kaggle/input/notebooks/abdelazizomarrr/tuberculosis-detection-lesion-localization/tbx_yolo/images/train/tb0834.png,/kaggle/input/notebooks/abdelazizomarrr/tuberculosis-detection-lesion-localization/tbx_yolo/labels/train/tb0834.txt,290,12688102717436129504,3,0.033524917905,0.043103138810000004,3+ lesions,Q1,512,512,135.47493362426758,62.73609287788076,65.42744524381123,7.421936988830566,test
tb0049.png,/kaggle/input/notebooks/abdelazizomarrr/tuberculosis-detection-lesion-localization/tbx_yolo/images/train/tb0049.png,/kaggle/input/notebooks/abdelazizomarrr/tuberculosis-detection-lesion-localization/tbx_yolo/labels/train/tb0049.txt,291,8130601182859280592,1,0.132952433409,0.132952433409,1 lesion,Q4,512,512,131.99803924560547,75.87409339104656,237.56560037937015,7.548076629638672,train
tb1170.png,/kaggle/input/notebooks/abdelazizomarrr/tuberculosis-detection-lesion-localization/tbx_yolo/images/train/tb1170.png,/kaggle/input/notebooks/abdelazizomarrr/tuberculosis-detection-lesion-localization/tbx_yolo/labels/train/tb1170.txt,292,18109839628618028232,2,0.0371546258985,0.057159784216,2 lesions,Q2,512,512,153.8999137878418,62.2578820148775,188.4970406962093,7.545788288116455,train
tb0955.png,/kaggle/input/notebooks/abdelazizomarrr/tuberculosis-detection-lesion-localization/tbx_yolo/images/train/tb0955.png,/kaggle/input/notebooks/abdelazizomarrr/tuberculosis-detection-lesion-localization/tbx_yolo/labels/train/tb0955.txt,293,16801016179844314592,1,0.062218925396,0.062218925396,1 lesion,Q3,512,512,154.4564094543457,59.44685349189221,225.05805761645024,7.583820343017578,test
tb1143.png,/kaggle/input/notebooks/abdelazizomarrr/tuberculosis-detection-lesion-localization/tbx_yolo/images/train/tb1143.png,/kaggle/input/notebooks/abdelazizomarrr/tuberculosis-detection-lesion-localization/tbx_yolo/labels/train/tb1143.txt,294,6022319526709937344,2,0.048728813597,0.072458593002,2 lesions,Q2,512,512,149.71251678466797,68.10719379318061,238.28349875076674,7.663573741912842,train
tb0496.png,/kaggle/input/notebooks/abdelazizomarrr/tuberculosis-detection-lesion-localization/tbx_yolo/images/train/tb0496.png,/kaggle/input/notebooks/abdelazizomarrr/tuberculosis-detection-lesion-localization/tbx_yolo/labels/train/tb0496.txt,295,8086832927787241706,2,0.047303475976,0.050771684154,2 lesions,Q2,512,512,136.0801544189453,75.84710134690461,218.04126829920278,7.546873092651367,train
tb0104.png,/kaggle/input/notebooks/abdelazizomarrr/tuberculosis-detection-lesion-localization/tbx_yolo/images/train/tb0104.png,/kaggle/input/notebooks/abdelazizomarrr/tuberculosis-detection-lesion-localization/tbx_yolo/labels/train/tb0104.txt,106,12886085593105330416,2,0.09072454845099999,0.12102205611299999,2 lesions,Q4,512,512,74.37289428710938,56.91658571660634,72.3231812929589,7.130172252655029,test
tb0492.png,/kaggle/input/notebooks/abdelazizomarrr/tuberculosis-detection-lesion-localization/tbx_yolo/images/train/tb0492.png,/kaggle/input/notebooks/abdelazizomarrr/tuberculosis-detection-lesion-localization/tbx_yolo/labels/train/tb0492.txt,296,8708725362694683240,2,0.0885803434795,0.117500156253,2 lesions,Q4,512,512,134.57908248901367,78.57370419092928,188.32416556448152,7.535220623016357,val
tb1073.png,/kaggle/input/notebooks/abdelazizomarrr/tuberculosis-detection-lesion-localization/tbx_yolo/images/train/tb1073.png,/kaggle/input/notebooks/abdelazizomarrr/tuberculosis-detection-lesion-localization/tbx_yolo/labels/train/tb1073.txt,297,8131128811005735032,1,0.049762273344,0.049762273344,1 lesion,Q2,512,512,107.95684432983398,69.63541521502854,81.73690874686872,7.158003807067871,train
tb0806.png,/kaggle/input/notebooks/abdelazizomarrr/tuberculosis-detection-lesion-localization/tbx_yolo/images/train/tb0806.png,/kaggle/input/notebooks/abdelazizomarrr/tuberculosis-detection-lesion-localization/tbx_yolo/labels/train/tb0806.txt,298,3526375355108614372,1,0.065099700274,0.065099700274,1 lesion,Q3,512,512,138.33281707763672,67.31921724517298,60.60577766293136,6.989106178283691,train
tb0890.png,/kaggle/input/notebooks/abdelazizomarrr/tuberculosis-detection-lesion-localization/tbx_yolo/images/train/tb0890.png,/kaggle/input/notebooks/abdelazizomarrr/tuberculosis-detection-lesion-localization/tbx_yolo/labels/train/tb0890.txt,299,8121458191766745300,1,0.057090598487,0.057090598487,1 lesion,Q3,512,512,139.45899963378906,70.3993663533929,213.86201450880617,7.696682929992676,val
tb0817.png,/kaggle/input/notebooks/abdelazizomarrr/tuberculosis-detection-lesion-localization/tbx_yolo/images/train/tb0817.png,/kaggle/input/notebooks/abdelazizomarrr/tuberculosis-detection-lesion-localization/tbx_yolo/labels/train/tb0817.txt,300,17381276292522111192,1,0.023932363581,0.023932363581,1 lesion,Q1,512,512,144.2508659362793,58.588548118812795,104.2786238471599,7.436362266540527,train
tb0571.png,/kaggle/input/notebooks/abdelazizomarrr/tuberculosis-detection-lesion-localization/tbx_yolo/images/train/tb0571.png,/kaggle/input/notebooks/abdelazizomarrr/tuberculosis-detection-lesion-localization/tbx_yolo/labels/train/tb0571.txt,65,8093693871771480304,1,0.006350428882000001,0.006350428882000001,1 lesion,Q1,512,512,132.81709671020508,61.98701043604971,90.17310662740783,7.239715576171875,train
tb0533.png,/kaggle/input/notebooks/abdelazizomarrr/tuberculosis-detection-lesion-localization/tbx_yolo/images/train/tb0533.png,/kaggle/input/notebooks/abdelazizomarrr/tuberculosis-detection-lesion-localization/tbx_yolo/labels/train/tb0533.txt,301,17308198906201567472,1,0.124592140946,0.124592140946,1 lesion,Q4,512,512,130.96524810791016,64.47451211834998,141.50522153636848,7.487774848937988,test
tb0495.png,/kaggle/input/notebooks/abdelazizomarrr/tuberculosis-detection-lesion-localization/tbx_yolo/images/train/tb0495.png,/kaggle/input/notebooks/abdelazizomarrr/tuberculosis-detection-lesion-localization/tbx_yolo/labels/train/tb0495.txt,302,8116949646623500528,2,0.050754011350999995,0.061244644384,2 lesions,Q2,512,512,138.10608673095703,74.67757006222146,208.72559720254503,7.601344585418701,train
tb1104.png,/kaggle/input/notebooks/abdelazizomarrr/tuberculosis-detection-lesion-localization/tbx_yolo/images/train/tb1104.png,/kaggle/input/notebooks/abdelazizomarrr/tuberculosis-detection-lesion-localization/tbx_yolo/labels/train/tb1104.txt,303,17372413677901271248,2,0.050262749988999995,0.08682841653,2 lesions,Q2,512,512,136.70856475830078,71.98340205912918,282.94935312028974,7.714877128601074,val
tb0607.png,/kaggle/input/notebooks/abdelazizomarrr/tuberculosis-detection-lesion-localization/tbx_yolo/images/train/tb0607.png,/kaggle/input/notebooks/abdelazizomarrr/tuberculosis-detection-lesion-localization/tbx_yolo/labels/train/tb0607.txt,304,3627569049519707368,2,0.12564840144,0.14276412888,2 lesions,Q4,512,512,132.6667938232422,75.35830617753747,245.11427419795655,7.604486465454102,train
tb0325.png,/kaggle/input/notebooks/abdelazizomarrr/tuberculosis-detection-lesion-localization/tbx_yolo/images/train/tb0325.png,/kaggle/input/notebooks/abdelazizomarrr/tuberculosis-detection-lesion-localization/tbx_yolo/labels/train/tb0325.txt,305,17315693176953098448,2,0.052476461370000005,0.067378355688,2 lesions,Q2,512,512,144.01922607421875,59.48586775659855,68.70169219281524,7.111550331115723,train
tb0640.png,/kaggle/input/notebooks/abdelazizomarrr/tuberculosis-detection-lesion-localization/tbx_yolo/images/train/tb0640.png,/kaggle/input/notebooks/abdelazizomarrr/tuberculosis-detection-lesion-localization/tbx_yolo/labels/train/tb0640.txt,306,12704011002494153458,3,0.044106629348,0.070817081294,3+ lesions,Q2,512,512,148.26053619384766,66.86149594585639,89.20162667240947,7.565361499786377,train
tb0270.png,/kaggle/input/notebooks/abdelazizomarrr/tuberculosis-detection-lesion-localization/tbx_yolo/images/train/tb0270.png,/kaggle/input/notebooks/abdelazizomarrr/tuberculosis-detection-lesion-localization/tbx_yolo/labels/train/tb0270.txt,307,1764686945753790842,2,0.049466841557,0.053193202042,2 lesions,Q2,512,512,119.85869979858398,85.90851382382516,140.07301611057483,6.909640312194824,train
tb0076.png,/kaggle/input/notebooks/abdelazizomarrr/tuberculosis-detection-lesion-localization/tbx_yolo/images/train/tb0076.png,/kaggle/input/notebooks/abdelazizomarrr/tuberculosis-detection-lesion-localization/tbx_yolo/labels/train/tb0076.txt,59,8112837489643942640,1,0.030757707287999998,0.030757707287999998,1 lesion,Q1,512,512,119.5843734741211,66.68591340534553,72.55009855200478,7.525507926940918,train
tb0267.png,/kaggle/input/notebooks/abdelazizomarrr/tuberculosis-detection-lesion-localization/tbx_yolo/images/train/tb0267.png,/kaggle/input/notebooks/abdelazizomarrr/tuberculosis-detection-lesion-localization/tbx_yolo/labels/train/tb0267.txt,308,12913847298554065648,1,0.055434743112,0.055434743112,1 lesion,Q3,512,512,135.9555892944336,61.71361791887578,139.98912826726155,7.501115322113037,train
tb0333.png,/kaggle/input/notebooks/abdelazizomarrr/tuberculosis-detection-lesion-localization/tbx_yolo/images/train/tb0333.png,/kaggle/input/notebooks/abdelazizomarrr/tuberculosis-detection-lesion-localization/tbx_yolo/labels/train/tb0333.txt,30,12688249503316374224,2,0.080667580967,0.108841497856,2 lesions,Q4,512,512,127.19132232666016,76.00022663333702,248.22863712068647,7.4452972412109375,val
tb0940.png,/kaggle/input/notebooks/abdelazizomarrr/tuberculosis-detection-lesion-localization/tbx_yolo/images/train/tb0940.png,/kaggle/input/notebooks/abdelazizomarrr/tuberculosis-detection-lesion-localization/tbx_yolo/labels/train/tb0940.txt,309,12832645066859270384,1,0.03605753437,0.03605753437,1 lesion,Q2,512,512,153.23506546020508,64.66152642090746,86.63039348035818,7.4732160568237305,train
tb0669.png,/kaggle/input/notebooks/abdelazizomarrr/tuberculosis-detection-lesion-localization/tbx_yolo/images/train/tb0669.png,/kaggle/input/notebooks/abdelazizomarrr/tuberculosis-detection-lesion-localization/tbx_yolo/labels/train/tb0669.txt,310,17300320916469905136,1,0.067420467044,0.067420467044,1 lesion,Q3,512,512,131.42414474487305,70.60041366591719,272.3643099902547,7.633095741271973,train
tb0776.png,/kaggle/input/notebooks/abdelazizomarrr/tuberculosis-detection-lesion-localization/tbx_yolo/images/train/tb0776.png,/kaggle/input/notebooks/abdelazizomarrr/tuberculosis-detection-lesion-localization/tbx_yolo/labels/train/tb0776.txt,311,4096757895595094256,2,0.042001321831499995,0.045496530896999995,2 lesions,Q2,512,512,138.48966217041016,65.84959578985944,63.600543955908506,7.030357837677002,train
tb0639.png,/kaggle/input/notebooks/abdelazizomarrr/tuberculosis-detection-lesion-localization/tbx_yolo/images/train/tb0639.png,/kaggle/input/notebooks/abdelazizomarrr/tuberculosis-detection-lesion-localization/tbx_yolo/labels/train/tb0639.txt,312,8120608275725152704,2,0.08223921984900001,0.10518732361800001,2 lesions,Q4,512,512,145.32251358032227,73.67716450870645,234.50248825823655,7.570026397705078,train
tb0625.png,/kaggle/input/notebooks/abdelazizomarrr/tuberculosis-detection-lesion-localization/tbx_yolo/images/train/tb0625.png,/kaggle/input/notebooks/abdelazizomarrr/tuberculosis-detection-lesion-localization/tbx_yolo/labels/train/tb0625.txt,313,8112449899463831796,1,0.033287523561999995,0.033287523561999995,1 lesion,Q1,512,512,147.79498672485352,73.84519217644308,205.08912000338023,7.428337097167969,train
tb0876.png,/kaggle/input/notebooks/abdelazizomarrr/tuberculosis-detection-lesion-localization/tbx_yolo/images/train/tb0876.png,/kaggle/input/notebooks/abdelazizomarrr/tuberculosis-detection-lesion-localization/tbx_yolo/labels/train/tb0876.txt,65,17344368852522300656,2,0.061084319227,0.07117061338,2 lesions,Q3,512,512,143.21181106567383,78.39247095269909,226.96740821561252,7.367250442504883,train
tb0693.png,/kaggle/input/notebooks/abdelazizomarrr/tuberculosis-detection-lesion-localization/tbx_yolo/images/train/tb0693.png,/kaggle/input/notebooks/abdelazizomarrr/tuberculosis-detection-lesion-localization/tbx_yolo/labels/train/tb0693.txt,65,17444326695828123888,1,0.057749212628,0.057749212628,1 lesion,Q3,512,512,135.22116088867188,74.11902490052458,347.29344422457507,7.634908676147461,train
tb0985.png,/kaggle/input/notebooks/abdelazizomarrr/tuberculosis-detection-lesion-localization/tbx_yolo/images/train/tb0985.png,/kaggle/input/notebooks/abdelazizomarrr/tuberculosis-detection-lesion-localization/tbx_yolo/labels/train/tb0985.txt,314,17317628317384439018,2,0.046611703611000005,0.06327656013,2 lesions,Q2,512,512,143.34011840820312,71.42332121659582,231.73945922678104,7.6542067527771,train
tb1017.png,/kaggle/input/notebooks/abdelazizomarrr/tuberculosis-detection-lesion-localization/tbx_yolo/images/train/tb1017.png,/kaggle/input/notebooks/abdelazizomarrr/tuberculosis-detection-lesion-localization/tbx_yolo/labels/train/tb1017.txt,315,17318332002670425076,2,0.133739178695,0.135487480866,2 lesions,Q4,512,512,138.9231300354004,67.9791329845925,248.80589589237934,7.724946975708008,val
tb0405.png,/kaggle/input/notebooks/abdelazizomarrr/tuberculosis-detection-lesion-localization/tbx_yolo/images/train/tb0405.png,/kaggle/input/notebooks/abdelazizomarrr/tuberculosis-detection-lesion-localization/tbx_yolo/labels/train/tb0405.txt,316,17932545588377282792,1,0.057875621030999996,0.057875621030999996,1 lesion,Q3,512,512,140.42168045043945,71.76477531387108,214.1166317093739,7.5869646072387695,val
tb0120.png,/kaggle/input/notebooks/abdelazizomarrr/tuberculosis-detection-lesion-localization/tbx_yolo/images/train/tb0120.png,/kaggle/input/notebooks/abdelazizomarrr/tuberculosis-detection-lesion-localization/tbx_yolo/labels/train/tb0120.txt,317,17317526607202808560,2,0.05470115153499999,0.06562003132,2 lesions,Q3,512,512,135.26249313354492,59.75844959814577,86.29572968365392,7.54578971862793,val
tb0392.png,/kaggle/input/notebooks/abdelazizomarrr/tuberculosis-detection-lesion-localization/tbx_yolo/images/train/tb0392.png,/kaggle/input/notebooks/abdelazizomarrr/tuberculosis-detection-lesion-localization/tbx_yolo/labels/train/tb0392.txt,318,3509205377217523952,2,0.1498432448295,0.160425130284,2 lesions,Q4,512,512,132.83940887451172,70.30256395276214,55.64494471203943,6.949279308319092,val
tb0322.png,/kaggle/input/notebooks/abdelazizomarrr/tuberculosis-detection-lesion-localization/tbx_yolo/images/train/tb0322.png,/kaggle/input/notebooks/abdelazizomarrr/tuberculosis-detection-lesion-localization/tbx_yolo/labels/train/tb0322.txt,319,17354502088547144370,2,0.026550673573000002,0.030789715932,2 lesions,Q1,512,512,141.9115447998047,68.12848812309926,175.1322219666181,7.6767048835754395,train
tb0129.png,/kaggle/input/notebooks/abdelazizomarrr/tuberculosis-detection-lesion-localization/tbx_yolo/images/train/tb0129.png,/kaggle/input/notebooks/abdelazizomarrr/tuberculosis-detection-lesion-localization/tbx_yolo/labels/train/tb0129.txt,320,8108610812331967584,1,0.022947911363999998,0.022947911363999998,1 lesion,Q1,512,512,117.79140853881836,84.86746629609644,205.5353916347376,7.102072238922119,train
tb0445.png,/kaggle/input/notebooks/abdelazizomarrr/tuberculosis-detection-lesion-localization/tbx_yolo/images/train/tb0445.png,/kaggle/input/notebooks/abdelazizomarrr/tuberculosis-detection-lesion-localization/tbx_yolo/labels/train/tb0445.txt,65,17335923499393413360,2,0.030737427309,0.03617156539,2 lesions,Q1,512,512,125.5734748840332,65.82896429831906,61.88364239386283,7.427689075469971,train
tb0434.png,/kaggle/input/notebooks/abdelazizomarrr/tuberculosis-detection-lesion-localization/tbx_yolo/images/train/tb0434.png,/kaggle/input/notebooks/abdelazizomarrr/tuberculosis-detection-lesion-localization/tbx_yolo/labels/train/tb0434.txt,321,12725926330289549536,1,0.021020435770000002,0.021020435770000002,1 lesion,Q1,512,512,85.35625457763672,58.958917163218096,69.10187473520637,7.36834716796875,val
tb0497.png,/kaggle/input/notebooks/abdelazizomarrr/tuberculosis-detection-lesion-localization/tbx_yolo/images/train/tb0497.png,/kaggle/input/notebooks/abdelazizomarrr/tuberculosis-detection-lesion-localization/tbx_yolo/labels/train/tb0497.txt,322,17452768737516253936,2,0.108926758559,0.11159628124,2 lesions,Q4,512,512,136.71113967895508,64.13652823200002,102.42183808328991,7.404289245605469,test
tb0970.png,/kaggle/input/notebooks/abdelazizomarrr/tuberculosis-detection-lesion-localization/tbx_yolo/images/train/tb0970.png,/kaggle/input/notebooks/abdelazizomarrr/tuberculosis-detection-lesion-localization/tbx_yolo/labels/train/tb0970.txt,323,12696548618160758000,2,0.030341304735,0.049354713552,2 lesions,Q1,512,512,147.1081886291504,73.777885225531,190.78082594984153,7.495265483856201,train
tb0821.png,/kaggle/input/notebooks/abdelazizomarrr/tuberculosis-detection-lesion-localization/tbx_yolo/images/train/tb0821.png,/kaggle/input/notebooks/abdelazizomarrr/tuberculosis-detection-lesion-localization/tbx_yolo/labels/train/tb0821.txt,324,4164364879678437496,1,0.038738870550000006,0.038738870550000006,1 lesion,Q2,512,512,127.18156814575195,66.6180517900271,54.80150994466385,7.338794708251953,train
tb0369.png,/kaggle/input/notebooks/abdelazizomarrr/tuberculosis-detection-lesion-localization/tbx_yolo/images/train/tb0369.png,/kaggle/input/notebooks/abdelazizomarrr/tuberculosis-detection-lesion-localization/tbx_yolo/labels/train/tb0369.txt,325,8261893538533927073,2,0.07801151525899999,0.081499718472,2 lesions,Q4,512,512,129.41792678833008,64.05526958157387,126.68867910698464,7.47149658203125,train
tb0790.png,/kaggle/input/notebooks/abdelazizomarrr/tuberculosis-detection-lesion-localization/tbx_yolo/images/train/tb0790.png,/kaggle/input/notebooks/abdelazizomarrr/tuberculosis-detection-lesion-localization/tbx_yolo/labels/train/tb0790.txt,65,3500869979601039472,1,0.0136520146,0.0136520146,1 lesion,Q1,512,512,140.8551139831543,80.64669673666144,36.621954798465595,6.832589149475098,train
tb0199.png,/kaggle/input/notebooks/abdelazizomarrr/tuberculosis-detection-lesion-localization/tbx_yolo/images/train/tb0199.png,/kaggle/input/notebooks/abdelazizomarrr/tuberculosis-detection-lesion-localization/tbx_yolo/labels/train/tb0199.txt,326,3617467556466651634,2,0.0910057203125,0.109019140625,2 lesions,Q4,512,512,119.0514907836914,66.80828196007958,68.95574299384316,7.348794460296631,train
tb0805.png,/kaggle/input/notebooks/abdelazizomarrr/tuberculosis-detection-lesion-localization/tbx_yolo/images/train/tb0805.png,/kaggle/input/notebooks/abdelazizomarrr/tuberculosis-detection-lesion-localization/tbx_yolo/labels/train/tb0805.txt,327,8090037334158954960,2,0.011823754572000002,0.017194603888000003,2 lesions,Q1,512,512,132.1660041809082,68.20011724971131,203.38264447984693,7.690073490142822,train
tb0294.png,/kaggle/input/notebooks/abdelazizomarrr/tuberculosis-detection-lesion-localization/tbx_yolo/images/train/tb0294.png,/kaggle/input/notebooks/abdelazizomarrr/tuberculosis-detection-lesion-localization/tbx_yolo/labels/train/tb0294.txt,87,17354219510318686304,1,0.063931496935,0.063931496935,1 lesion,Q3,512,512,111.68203353881836,65.02698976321491,287.58302023023134,7.322868824005127,val
tb0290.png,/kaggle/input/notebooks/abdelazizomarrr/tuberculosis-detection-lesion-localization/tbx_yolo/images/train/tb0290.png,/kaggle/input/notebooks/abdelazizomarrr/tuberculosis-detection-lesion-localization/tbx_yolo/labels/train/tb0290.txt,328,17913801663935804652,1,0.008084190384,0.008084190384,1 lesion,Q1,512,512,148.33970260620117,70.36983670641722,239.8139001804957,7.604451656341553,train
tb0089.png,/kaggle/input/notebooks/abdelazizomarrr/tuberculosis-detection-lesion-localization/tbx_yolo/images/train/tb0089.png,/kaggle/input/notebooks/abdelazizomarrr/tuberculosis-detection-lesion-localization/tbx_yolo/labels/train/tb0089.txt,329,18101008357678699716,1,0.081074748608,0.081074748608,1 lesion,Q4,512,512,155.02503967285156,56.21744981194915,126.69036054865865,7.418813228607178,train
tb0844.png,/kaggle/input/notebooks/abdelazizomarrr/tuberculosis-detection-lesion-localization/tbx_yolo/images/train/tb0844.png,/kaggle/input/notebooks/abdelazizomarrr/tuberculosis-detection-lesion-localization/tbx_yolo/labels/train/tb0844.txt,87,16183565082179070176,2,0.070604855014,0.07366400398,2 lesions,Q3,512,512,133.86987686157227,77.96081860691433,209.99352416522743,7.513545989990234,val
tb0843.png,/kaggle/input/notebooks/abdelazizomarrr/tuberculosis-detection-lesion-localization/tbx_yolo/images/train/tb0843.png,/kaggle/input/notebooks/abdelazizomarrr/tuberculosis-detection-lesion-localization/tbx_yolo/labels/train/tb0843.txt,330,3484127617239609844,2,0.028064253842000002,0.030218245344000003,2 lesions,Q1,512,512,139.21477508544922,75.18708390785918,258.9994967726525,7.5257697105407715,train
tb0611.png,/kaggle/input/notebooks/abdelazizomarrr/tuberculosis-detection-lesion-localization/tbx_yolo/images/train/tb0611.png,/kaggle/input/notebooks/abdelazizomarrr/tuberculosis-detection-lesion-localization/tbx_yolo/labels/train/tb0611.txt,331,3734807024558567632,2,0.033854653991,0.038489218185,2 lesions,Q1,512,512,132.99764251708984,57.673750921416534,58.88629478006624,7.278155326843262,train
tb0128.png,/kaggle/input/notebooks/abdelazizomarrr/tuberculosis-detection-lesion-localization/tbx_yolo/images/train/tb0128.png,/kaggle/input/notebooks/abdelazizomarrr/tuberculosis-detection-lesion-localization/tbx_yolo/labels/train/tb0128.txt,332,8111602036416627402,1,0.023283950802999998,0.023283950802999998,1 lesion,Q1,512,512,160.68917846679688,65.89201063722963,195.38076134206494,7.5081682205200195,test
tb0864.png,/kaggle/input/notebooks/abdelazizomarrr/tuberculosis-detection-lesion-localization/tbx_yolo/images/train/tb0864.png,/kaggle/input/notebooks/abdelazizomarrr/tuberculosis-detection-lesion-localization/tbx_yolo/labels/train/tb0864.txt,65,17426276966917666032,2,0.040873045523,0.04491232574,2 lesions,Q2,512,512,120.5168571472168,68.387783759569,133.75811991415685,7.280111312866211,train
tb0212.png,/kaggle/input/notebooks/abdelazizomarrr/tuberculosis-detection-lesion-localization/tbx_yolo/images/train/tb0212.png,/kaggle/input/notebooks/abdelazizomarrr/tuberculosis-detection-lesion-localization/tbx_yolo/labels/train/tb0212.txt,333,3582212004971049081,2,0.05197592345299999,0.07892725258599999,2 lesions,Q2,512,512,112.5678825378418,68.24603148245058,112.30298105621478,7.567633628845215,test
tb0686.png,/kaggle/input/notebooks/abdelazizomarrr/tuberculosis-detection-lesion-localization/tbx_yolo/images/train/tb0686.png,/kaggle/input/notebooks/abdelazizomarrr/tuberculosis-detection-lesion-localization/tbx_yolo/labels/train/tb0686.txt,432,17308800349270896880,1,0.034197809456999996,0.034197809456999996,1 lesion,Q1,512,512,135.9182243347168,62.66612181790395,72.47169461887097,7.255962371826172,val
tb0636.png,/kaggle/input/notebooks/abdelazizomarrr/tuberculosis-detection-lesion-localization/tbx_yolo/images/train/tb0636.png,/kaggle/input/notebooks/abdelazizomarrr/tuberculosis-detection-lesion-localization/tbx_yolo/labels/train/tb0636.txt,334,8129796357498138864,1,0.058285594079999996,0.058285594079999996,1 lesion,Q3,512,512,112.33539199829102,65.02852852593057,448.43149318918586,7.425516605377197,test
tb0822.png,/kaggle/input/notebooks/abdelazizomarrr/tuberculosis-detection-lesion-localization/tbx_yolo/images/train/tb0822.png,/kaggle/input/notebooks/abdelazizomarrr/tuberculosis-detection-lesion-localization/tbx_yolo/labels/train/tb0822.txt,335,17300070502628484225,1,0.030608873232,0.030608873232,1 lesion,Q1,512,512,140.7362174987793,73.55189137425882,247.17269055452198,7.596127033233643,train
tb0427.png,/kaggle/input/notebooks/abdelazizomarrr/tuberculosis-detection-lesion-localization/tbx_yolo/images/train/tb0427.png,/kaggle/input/notebooks/abdelazizomarrr/tuberculosis-detection-lesion-localization/tbx_yolo/labels/train/tb0427.txt,336,16724032221835753712,1,0.009385811976,0.009385811976,1 lesion,Q1,512,512,139.23540115356445,83.27881397754541,183.0969628929015,7.201528072357178,train
tb0672.png,/kaggle/input/notebooks/abdelazizomarrr/tuberculosis-detection-lesion-localization/tbx_yolo/images/train/tb0672.png,/kaggle/input/notebooks/abdelazizomarrr/tuberculosis-detection-lesion-localization/tbx_yolo/labels/train/tb0672.txt,337,12732196046740304624,2,0.1106090926515,0.12116628225,2 lesions,Q4,512,512,99.30137252807617,63.78370462664716,157.3713308237493,7.3970465660095215,train
tb0054.png,/kaggle/input/notebooks/abdelazizomarrr/tuberculosis-detection-lesion-localization/tbx_yolo/images/train/tb0054.png,/kaggle/input/notebooks/abdelazizomarrr/tuberculosis-detection-lesion-localization/tbx_yolo/labels/train/tb0054.txt,65,17344368989927765232,1,0.021042946892,0.021042946892,1 lesion,Q1,512,512,138.37056350708008,73.41138379148778,220.82415093468444,7.568517208099365,train
tb0554.png,/kaggle/input/notebooks/abdelazizomarrr/tuberculosis-detection-lesion-localization/tbx_yolo/images/train/tb0554.png,/kaggle/input/notebooks/abdelazizomarrr/tuberculosis-detection-lesion-localization/tbx_yolo/labels/train/tb0554.txt,338,3618420966749685968,2,0.036836945312000005,0.042208789656,2 lesions,Q2,512,512,138.47938919067383,67.09688255242281,122.64638882124564,7.298305511474609,train
tb0279.png,/kaggle/input/notebooks/abdelazizomarrr/tuberculosis-detection-lesion-localization/tbx_yolo/images/train/tb0279.png,/kaggle/input/notebooks/abdelazizomarrr/tuberculosis-detection-lesion-localization/tbx_yolo/labels/train/tb0279.txt,339,6528420356702725360,2,0.065798815149,0.11612071386,2 lesions,Q3,512,512,148.11980438232422,68.19394725172327,234.91072624221852,7.578587532043457,train
tb0558.png,/kaggle/input/notebooks/abdelazizomarrr/tuberculosis-detection-lesion-localization/tbx_yolo/images/train/tb0558.png,/kaggle/input/notebooks/abdelazizomarrr/tuberculosis-detection-lesion-localization/tbx_yolo/labels/train/tb0558.txt,340,8075960948209344752,2,0.1006826476705,0.107253095341,2 lesions,Q4,512,512,142.53903198242188,59.20763568300822,77.1148091096984,7.145033836364746,train
tb0327.png,/kaggle/input/notebooks/abdelazizomarrr/tuberculosis-detection-lesion-localization/tbx_yolo/images/train/tb0327.png,/kaggle/input/notebooks/abdelazizomarrr/tuberculosis-detection-lesion-localization/tbx_yolo/labels/train/tb0327.txt,341,17334798866487369968,1,0.022822870512,0.022822870512,1 lesion,Q1,512,512,150.7092056274414,75.41536902533281,200.04376470331044,7.3647780418396,val
tb0982.png,/kaggle/input/notebooks/abdelazizomarrr/tuberculosis-detection-lesion-localization/tbx_yolo/images/train/tb0982.png,/kaggle/input/notebooks/abdelazizomarrr/tuberculosis-detection-lesion-localization/tbx_yolo/labels/train/tb0982.txt,342,15663196873327499760,1,0.06104952684900001,0.06104952684900001,1 lesion,Q3,512,512,130.44081497192383,77.42255350950556,262.0460511370911,7.579837799072266,train
tb0030.png,/kaggle/input/notebooks/abdelazizomarrr/tuberculosis-detection-lesion-localization/tbx_yolo/images/train/tb0030.png,/kaggle/input/notebooks/abdelazizomarrr/tuberculosis-detection-lesion-localization/tbx_yolo/labels/train/tb0030.txt,343,17299648552560031976,2,0.15730705820500002,0.16103642579500002,2 lesions,Q4,512,512,133.7500762939453,63.327078433393865,333.84665264352225,7.556434631347656,val
tb0299.png,/kaggle/input/notebooks/abdelazizomarrr/tuberculosis-detection-lesion-localization/tbx_yolo/images/train/tb0299.png,/kaggle/input/notebooks/abdelazizomarrr/tuberculosis-detection-lesion-localization/tbx_yolo/labels/train/tb0299.txt,344,8703832665233667568,1,0.04188785230000001,0.04188785230000001,1 lesion,Q2,512,512,131.6654167175293,72.25502147278219,194.05678668332985,7.583831787109375,train
tb1008.png,/kaggle/input/notebooks/abdelazizomarrr/tuberculosis-detection-lesion-localization/tbx_yolo/images/train/tb1008.png,/kaggle/input/notebooks/abdelazizomarrr/tuberculosis-detection-lesion-localization/tbx_yolo/labels/train/tb1008.txt,345,8202236444173070568,1,0.040341956144000005,0.040341956144000005,1 lesion,Q2,512,512,138.72268295288086,65.58988349885087,172.8728317580535,7.625031471252441,val
tb0633.png,/kaggle/input/notebooks/abdelazizomarrr/tuberculosis-detection-lesion-localization/tbx_yolo/images/train/tb0633.png,/kaggle/input/notebooks/abdelazizomarrr/tuberculosis-detection-lesion-localization/tbx_yolo/labels/train/tb0633.txt,346,17372946972297263864,1,0.007475243490000001,0.007475243490000001,1 lesion,Q1,512,512,150.4122314453125,68.18277810482243,218.31133964075707,7.545016288757324,train
tb0586.png,/kaggle/input/notebooks/abdelazizomarrr/tuberculosis-detection-lesion-localization/tbx_yolo/images/train/tb0586.png,/kaggle/input/notebooks/abdelazizomarrr/tuberculosis-detection-lesion-localization/tbx_yolo/labels/train/tb0586.txt,65,17335928034883072240,2,0.0302694353385,0.051436214889,2 lesions,Q1,512,512,146.18800354003906,72.33556287497149,427.37622471689247,7.725688934326172,train
tb0931.png,/kaggle/input/notebooks/abdelazizomarrr/tuberculosis-detection-lesion-localization/tbx_yolo/images/train/tb0931.png,/kaggle/input/notebooks/abdelazizomarrr/tuberculosis-detection-lesion-localization/tbx_yolo/labels/train/tb0931.txt,347,8121454345631904232,1,0.05577128392,0.05577128392,1 lesion,Q3,512,512,132.81198120117188,71.41220034403574,270.52155270682124,7.677670955657959,train
tb0981.png,/kaggle/input/notebooks/abdelazizomarrr/tuberculosis-detection-lesion-localization/tbx_yolo/images/train/tb0981.png,/kaggle/input/notebooks/abdelazizomarrr/tuberculosis-detection-lesion-localization/tbx_yolo/labels/train/tb0981.txt,348,16295189641309579745,1,0.053680222584,0.053680222584,1 lesion,Q3,512,512,118.7735710144043,74.43955858472529,93.03053711354733,7.397937774658203,train
tb0871.png,/kaggle/input/notebooks/abdelazizomarrr/tuberculosis-detection-lesion-localization/tbx_yolo/images/train/tb0871.png,/kaggle/input/notebooks/abdelazizomarrr/tuberculosis-detection-lesion-localization/tbx_yolo/labels/train/tb0871.txt,65,17344263436274626800,1,0.037860788519999994,0.037860788519999994,1 lesion,Q2,512,512,146.03908157348633,67.15821010050675,215.25787722038513,7.5758795738220215,train
tb0942.png,/kaggle/input/notebooks/abdelazizomarrr/tuberculosis-detection-lesion-localization/tbx_yolo/images/train/tb0942.png,/kaggle/input/notebooks/abdelazizomarrr/tuberculosis-detection-lesion-localization/tbx_yolo/labels/train/tb0942.txt,65,17335080311418056944,1,0.055095939184,0.055095939184,1 lesion,Q3,512,512,136.2098503112793,65.6698293951233,58.12397765967762,7.161802291870117,train
tb0028.png,/kaggle/input/notebooks/abdelazizomarrr/tuberculosis-detection-lesion-localization/tbx_yolo/images/train/tb0028.png,/kaggle/input/notebooks/abdelazizomarrr/tuberculosis-detection-lesion-localization/tbx_yolo/labels/train/tb0028.txt,349,8118753837543102582,1,0.015233955099,0.015233955099,1 lesion,Q1,512,512,125.27018737792969,72.86352273765836,183.52043049524946,7.5640668869018555,val
tb0724.png,/kaggle/input/notebooks/abdelazizomarrr/tuberculosis-detection-lesion-localization/tbx_yolo/images/train/tb0724.png,/kaggle/input/notebooks/abdelazizomarrr/tuberculosis-detection-lesion-localization/tbx_yolo/labels/train/tb0724.txt,350,7152327967919886560,1,0.069805557576,0.069805557576,1 lesion,Q3,512,512,123.38651275634766,68.56855444673288,70.17710718220042,7.587627410888672,train
tb0715.png,/kaggle/input/notebooks/abdelazizomarrr/tuberculosis-detection-lesion-localization/tbx_yolo/images/train/tb0715.png,/kaggle/input/notebooks/abdelazizomarrr/tuberculosis-detection-lesion-localization/tbx_yolo/labels/train/tb0715.txt,65,8121875458585325808,3,0.050874339065333334,0.086575398008,3+ lesions,Q2,512,512,135.51380157470703,71.00995727525698,381.09723536075035,7.623593807220459,train
tb0227.png,/kaggle/input/notebooks/abdelazizomarrr/tuberculosis-detection-lesion-localization/tbx_yolo/images/train/tb0227.png,/kaggle/input/notebooks/abdelazizomarrr/tuberculosis-detection-lesion-localization/tbx_yolo/labels/train/tb0227.txt,351,3482333308890771892,2,0.057497035567999996,0.078755772378,2 lesions,Q3,512,512,141.21667098999023,58.8652558673562,80.07665600668406,7.285012245178223,train
tb0153.png,/kaggle/input/notebooks/abdelazizomarrr/tuberculosis-detection-lesion-localization/tbx_yolo/images/train/tb0153.png,/kaggle/input/notebooks/abdelazizomarrr/tuberculosis-detection-lesion-localization/tbx_yolo/labels/train/tb0153.txt,352,4220598062817600752,2,0.036065510979,0.037178080506,2 lesions,Q2,512,512,150.08377838134766,70.52934563574826,192.74554460203217,7.611635208129883,train
tb0536.png,/kaggle/input/notebooks/abdelazizomarrr/tuberculosis-detection-lesion-localization/tbx_yolo/images/train/tb0536.png,/kaggle/input/notebooks/abdelazizomarrr/tuberculosis-detection-lesion-localization/tbx_yolo/labels/train/tb0536.txt,353,8187036644018540738,1,0.039220538585,0.039220538585,1 lesion,Q2,512,512,157.71593856811523,70.69662647010153,241.51867479085922,7.440163612365723,train
tb1064.png,/kaggle/input/notebooks/abdelazizomarrr/tuberculosis-detection-lesion-localization/tbx_yolo/images/train/tb1064.png,/kaggle/input/notebooks/abdelazizomarrr/tuberculosis-detection-lesion-localization/tbx_yolo/labels/train/tb1064.txt,354,16187243987736850913,2,0.0402579383875,0.049229945912,2 lesions,Q2,512,512,123.20316314697266,67.66054267743245,84.31104964994302,7.5929107666015625,train
tb1077.png,/kaggle/input/notebooks/abdelazizomarrr/tuberculosis-detection-lesion-localization/tbx_yolo/images/train/tb1077.png,/kaggle/input/notebooks/abdelazizomarrr/tuberculosis-detection-lesion-localization/tbx_yolo/labels/train/tb1077.txt,65,8112833074954301680,1,0.028560701862,0.028560701862,1 lesion,Q1,512,512,117.73559951782227,66.0146494455175,75.2108902939217,7.259496688842773,train
tb0848.png,/kaggle/input/notebooks/abdelazizomarrr/tuberculosis-detection-lesion-localization/tbx_yolo/images/train/tb0848.png,/kaggle/input/notebooks/abdelazizomarrr/tuberculosis-detection-lesion-localization/tbx_yolo/labels/train/tb0848.txt,41,12697392495457329392,2,0.07815924194599999,0.09693645773,2 lesions,Q4,512,512,121.48774337768555,65.4106455097581,108.03934743109858,7.697870254516602,train
tb1006.png,/kaggle/input/notebooks/abdelazizomarrr/tuberculosis-detection-lesion-localization/tbx_yolo/images/train/tb1006.png,/kaggle/input/notebooks/abdelazizomarrr/tuberculosis-detection-lesion-localization/tbx_yolo/labels/train/tb1006.txt,355,8111741813954499284,2,0.049569253981,0.06007824031,2 lesions,Q2,512,512,132.6284408569336,73.62220500819062,219.46041985297052,7.5746378898620605,train
tb0802.png,/kaggle/input/notebooks/abdelazizomarrr/tuberculosis-detection-lesion-localization/tbx_yolo/images/train/tb0802.png,/kaggle/input/notebooks/abdelazizomarrr/tuberculosis-detection-lesion-localization/tbx_yolo/labels/train/tb0802.txt,65,8184894929599885424,1,0.042235906967999996,0.042235906967999996,1 lesion,Q2,512,512,94.59714126586914,66.82061576397591,71.97475039957499,7.126208305358887,train
tb0193.png,/kaggle/input/notebooks/abdelazizomarrr/tuberculosis-detection-lesion-localization/tbx_yolo/images/train/tb0193.png,/kaggle/input/notebooks/abdelazizomarrr/tuberculosis-detection-lesion-localization/tbx_yolo/labels/train/tb0193.txt,65,12868638679502090480,1,0.057611867012,0.057611867012,1 lesion,Q3,512,512,145.4492301940918,62.74293716333246,567.8036170413252,7.491180419921875,train
tb0545.png,/kaggle/input/notebooks/abdelazizomarrr/tuberculosis-detection-lesion-localization/tbx_yolo/images/train/tb0545.png,/kaggle/input/notebooks/abdelazizomarrr/tuberculosis-detection-lesion-localization/tbx_yolo/labels/train/tb0545.txt,356,8337732542865717496,1,0.027646682616,0.027646682616,1 lesion,Q1,512,512,134.47711944580078,63.497270262983406,59.48505086298974,7.391798973083496,train
tb0137.png,/kaggle/input/notebooks/abdelazizomarrr/tuberculosis-detection-lesion-localization/tbx_yolo/images/train/tb0137.png,/kaggle/input/notebooks/abdelazizomarrr/tuberculosis-detection-lesion-localization/tbx_yolo/labels/train/tb0137.txt,357,12723539290545516784,2,0.176753885406,0.17820699285199998,2 lesions,Q4,512,512,127.21068572998047,61.71583865720253,129.16258162433223,7.620870590209961,train
tb0459.png,/kaggle/input/notebooks/abdelazizomarrr/tuberculosis-detection-lesion-localization/tbx_yolo/images/train/tb0459.png,/kaggle/input/notebooks/abdelazizomarrr/tuberculosis-detection-lesion-localization/tbx_yolo/labels/train/tb0459.txt,65,17552698950781432048,2,0.043733666500999996,0.046843070699999996,2 lesions,Q2,512,512,107.19057083129883,68.8171713495933,89.55808566510677,7.337285995483398,train
tb0928.png,/kaggle/input/notebooks/abdelazizomarrr/tuberculosis-detection-lesion-localization/tbx_yolo/images/train/tb0928.png,/kaggle/input/notebooks/abdelazizomarrr/tuberculosis-detection-lesion-localization/tbx_yolo/labels/train/tb0928.txt,358,12740739640830578904,2,0.0392824937375,0.05377986068,2 lesions,Q2,512,512,147.40153121948242,74.00036234961198,184.05741431651404,7.566676139831543,test
tb1075.png,/kaggle/input/notebooks/abdelazizomarrr/tuberculosis-detection-lesion-localization/tbx_yolo/images/train/tb1075.png,/kaggle/input/notebooks/abdelazizomarrr/tuberculosis-detection-lesion-localization/tbx_yolo/labels/train/tb1075.txt,359,17303704651886096624,1,0.070878676725,0.070878676725,1 lesion,Q3,512,512,150.7289581298828,66.8639017449334,191.25993322295835,7.525214672088623,train
tb0443.png,/kaggle/input/notebooks/abdelazizomarrr/tuberculosis-detection-lesion-localization/tbx_yolo/images/train/tb0443.png,/kaggle/input/notebooks/abdelazizomarrr/tuberculosis-detection-lesion-localization/tbx_yolo/labels/train/tb0443.txt,360,12815999556012601584,1,0.06125781560799999,0.06125781560799999,1 lesion,Q3,512,512,134.0994529724121,59.32817149284275,70.1905554120749,7.321159362792969,train
tb1141.png,/kaggle/input/notebooks/abdelazizomarrr/tuberculosis-detection-lesion-localization/tbx_yolo/images/train/tb1141.png,/kaggle/input/notebooks/abdelazizomarrr/tuberculosis-detection-lesion-localization/tbx_yolo/labels/train/tb1141.txt,141,17309082367535665393,2,0.07260393346800001,0.07773260232,2 lesions,Q3,512,512,130.94440841674805,81.07632149314499,176.85447748399747,7.336499214172363,train
tb1107.png,/kaggle/input/notebooks/abdelazizomarrr/tuberculosis-detection-lesion-localization/tbx_yolo/images/train/tb1107.png,/kaggle/input/notebooks/abdelazizomarrr/tuberculosis-detection-lesion-localization/tbx_yolo/labels/train/tb1107.txt,361,8075959857283461620,3,0.09917625684699999,0.153922862808,3+ lesions,Q4,512,512,136.72210693359375,70.95497853178854,237.4321721066808,7.698562145233154,train
tb0186.png,/kaggle/input/notebooks/abdelazizomarrr/tuberculosis-detection-lesion-localization/tbx_yolo/images/train/tb0186.png,/kaggle/input/notebooks/abdelazizomarrr/tuberculosis-detection-lesion-localization/tbx_yolo/labels/train/tb0186.txt,362,8832564452431945976,2,0.023400814098,0.040245167006,2 lesions,Q1,512,512,123.3449821472168,68.75409524100839,59.25016197747027,7.3508405685424805,train
tb0584.png,/kaggle/input/notebooks/abdelazizomarrr/tuberculosis-detection-lesion-localization/tbx_yolo/images/train/tb0584.png,/kaggle/input/notebooks/abdelazizomarrr/tuberculosis-detection-lesion-localization/tbx_yolo/labels/train/tb0584.txt,363,8130716489861166276,1,0.027911295786,0.027911295786,1 lesion,Q1,512,512,144.20549774169922,72.3290896849109,163.39937794602884,7.503056049346924,train
tb0057.png,/kaggle/input/notebooks/abdelazizomarrr/tuberculosis-detection-lesion-localization/tbx_yolo/images/train/tb0057.png,/kaggle/input/notebooks/abdelazizomarrr/tuberculosis-detection-lesion-localization/tbx_yolo/labels/train/tb0057.txt,364,8094857713465684176,1,0.035944042175,0.035944042175,1 lesion,Q2,512,512,136.24762344360352,68.9203247648538,217.73937167221447,7.634083271026611,train
tb0273.png,/kaggle/input/notebooks/abdelazizomarrr/tuberculosis-detection-lesion-localization/tbx_yolo/images/train/tb0273.png,/kaggle/input/notebooks/abdelazizomarrr/tuberculosis-detection-lesion-localization/tbx_yolo/labels/train/tb0273.txt,365,11233897985470394449,1,0.086109010035,0.086109010035,1 lesion,Q4,512,512,119.49836730957031,56.05519678357797,621.3285870416439,7.497960090637207,train
tb0429.png,/kaggle/input/notebooks/abdelazizomarrr/tuberculosis-detection-lesion-localization/tbx_yolo/images/train/tb0429.png,/kaggle/input/notebooks/abdelazizomarrr/tuberculosis-detection-lesion-localization/tbx_yolo/labels/train/tb0429.txt,366,17317521658318344392,1,0.041659016336,0.041659016336,1 lesion,Q2,512,512,144.12257766723633,68.54850416747655,190.24844949888939,7.488539695739746,train
tb0374.png,/kaggle/input/notebooks/abdelazizomarrr/tuberculosis-detection-lesion-localization/tbx_yolo/images/train/tb0374.png,/kaggle/input/notebooks/abdelazizomarrr/tuberculosis-detection-lesion-localization/tbx_yolo/labels/train/tb0374.txt,367,7500660193539191017,2,0.13380525535999999,0.15920069152000002,2 lesions,Q4,512,512,119.98407363891602,84.342503293049,204.08515372172405,7.06999397277832,train
tb1158.png,/kaggle/input/notebooks/abdelazizomarrr/tuberculosis-detection-lesion-localization/tbx_yolo/images/train/tb1158.png,/kaggle/input/notebooks/abdelazizomarrr/tuberculosis-detection-lesion-localization/tbx_yolo/labels/train/tb1158.txt,368,17497771611006363888,2,0.08480488837950001,0.098053849784,2 lesions,Q4,512,512,132.10537338256836,68.56136631325995,101.57113884539285,7.483541488647461,train
tb0451.png,/kaggle/input/notebooks/abdelazizomarrr/tuberculosis-detection-lesion-localization/tbx_yolo/images/train/tb0451.png,/kaggle/input/notebooks/abdelazizomarrr/tuberculosis-detection-lesion-localization/tbx_yolo/labels/train/tb0451.txt,65,17335929134394695928,1,0.15837192,0.15837192,1 lesion,Q4,512,512,154.1549072265625,64.97916892929895,314.95431652838306,7.661847114562988,train
tb0219.png,/kaggle/input/notebooks/abdelazizomarrr/tuberculosis-detection-lesion-localization/tbx_yolo/images/train/tb0219.png,/kaggle/input/notebooks/abdelazizomarrr/tuberculosis-detection-lesion-localization/tbx_yolo/labels/train/tb0219.txt,369,17318367599388644052,1,0.068532572271,0.068532572271,1 lesion,Q3,512,512,151.13866806030273,66.61188411695912,194.84981284219248,7.561964988708496,train
tb0984.png,/kaggle/input/notebooks/abdelazizomarrr/tuberculosis-detection-lesion-localization/tbx_yolo/images/train/tb0984.png,/kaggle/input/notebooks/abdelazizomarrr/tuberculosis-detection-lesion-localization/tbx_yolo/labels/train/tb0984.txt,370,8112833074421588088,1,0.028358820944999998,0.028358820944999998,1 lesion,Q1,512,512,127.47375869750977,68.98306181192773,66.80959104001522,7.246849060058594,train
tb0887.png,/kaggle/input/notebooks/abdelazizomarrr/tuberculosis-detection-lesion-localization/tbx_yolo/images/train/tb0887.png,/kaggle/input/notebooks/abdelazizomarrr/tuberculosis-detection-lesion-localization/tbx_yolo/labels/train/tb0887.txt,371,3480599386968416902,1,0.09571514024099999,0.09571514024099999,1 lesion,Q4,512,512,134.54153060913086,75.40121535114142,259.7185431391554,7.465060234069824,train
tb0012.png,/kaggle/input/notebooks/abdelazizomarrr/tuberculosis-detection-lesion-localization/tbx_yolo/images/train/tb0012.png,/kaggle/input/notebooks/abdelazizomarrr/tuberculosis-detection-lesion-localization/tbx_yolo/labels/train/tb0012.txt,372,4096757869141094640,1,0.101304549918,0.101304549918,1 lesion,Q4,512,512,129.31940078735352,72.57394978328688,57.85855646408163,6.820718765258789,train
tb0581.png,/kaggle/input/notebooks/abdelazizomarrr/tuberculosis-detection-lesion-localization/tbx_yolo/images/train/tb0581.png,/kaggle/input/notebooks/abdelazizomarrr/tuberculosis-detection-lesion-localization/tbx_yolo/labels/train/tb0581.txt,373,12895097189341262056,2,0.031563063891,0.037111574223,2 lesions,Q1,512,512,101.76292037963867,68.76066858192583,76.13751807599328,7.464966773986816,train
tb0595.png,/kaggle/input/notebooks/abdelazizomarrr/tuberculosis-detection-lesion-localization/tbx_yolo/images/train/tb0595.png,/kaggle/input/notebooks/abdelazizomarrr/tuberculosis-detection-lesion-localization/tbx_yolo/labels/train/tb0595.txt,374,3519166952596629624,2,0.09065580009000002,0.11621984049000002,2 lesions,Q4,512,512,126.29694747924805,82.66418805933004,169.46864490117878,6.870465278625488,test
tb0277.png,/kaggle/input/notebooks/abdelazizomarrr/tuberculosis-detection-lesion-localization/tbx_yolo/images/train/tb0277.png,/kaggle/input/notebooks/abdelazizomarrr/tuberculosis-detection-lesion-localization/tbx_yolo/labels/train/tb0277.txt,375,16147431284479748324,1,0.0198014876,0.0198014876,1 lesion,Q1,512,512,141.97631072998047,74.04128940640497,226.79043416533386,7.5503973960876465,train
tb1162.png,/kaggle/input/notebooks/abdelazizomarrr/tuberculosis-detection-lesion-localization/tbx_yolo/images/train/tb1162.png,/kaggle/input/notebooks/abdelazizomarrr/tuberculosis-detection-lesion-localization/tbx_yolo/labels/train/tb1162.txt,376,17408262567840770288,2,0.051448607148500004,0.05719160850900001,2 lesions,Q2,512,512,131.68695068359375,71.13951120815399,59.154025980838924,7.0798187255859375,val
tb1152.png,/kaggle/input/notebooks/abdelazizomarrr/tuberculosis-detection-lesion-localization/tbx_yolo/images/train/tb1152.png,/kaggle/input/notebooks/abdelazizomarrr/tuberculosis-detection-lesion-localization/tbx_yolo/labels/train/tb1152.txt,377,17911548786234811512,2,0.110611756635,0.12648869067000001,2 lesions,Q4,512,512,143.19098281860352,80.99706068581416,226.8874723603949,7.2782769203186035,train
tb0796.png,/kaggle/input/notebooks/abdelazizomarrr/tuberculosis-detection-lesion-localization/tbx_yolo/images/train/tb0796.png,/kaggle/input/notebooks/abdelazizomarrr/tuberculosis-detection-lesion-localization/tbx_yolo/labels/train/tb0796.txt,378,8238938262569410786,2,0.072638974267,0.07815858049999999,2 lesions,Q3,512,512,151.1894416809082,68.82027278831349,483.32529649206833,7.6543965339660645,train
tb1072.png,/kaggle/input/notebooks/abdelazizomarrr/tuberculosis-detection-lesion-localization/tbx_yolo/images/train/tb1072.png,/kaggle/input/notebooks/abdelazizomarrr/tuberculosis-detection-lesion-localization/tbx_yolo/labels/train/tb1072.txt,379,17308058717428765424,1,0.1987598607,0.1987598607,1 lesion,Q4,512,512,145.1249656677246,71.91136476179145,236.5987148621207,7.581528186798096,train
tb0550.png,/kaggle/input/notebooks/abdelazizomarrr/tuberculosis-detection-lesion-localization/tbx_yolo/images/train/tb0550.png,/kaggle/input/notebooks/abdelazizomarrr/tuberculosis-detection-lesion-localization/tbx_yolo/labels/train/tb0550.txt,380,10562510896778834164,2,0.06464393204999999,0.078636200016,2 lesions,Q3,512,512,144.46333694458008,73.68225404170639,230.36180361028528,7.604340553283691,train
tb0920.png,/kaggle/input/notebooks/abdelazizomarrr/tuberculosis-detection-lesion-localization/tbx_yolo/images/train/tb0920.png,/kaggle/input/notebooks/abdelazizomarrr/tuberculosis-detection-lesion-localization/tbx_yolo/labels/train/tb0920.txt,381,3519162558843106032,1,0.055877356872,0.055877356872,1 lesion,Q3,512,512,87.80001068115234,66.39551445161277,83.1016671476973,6.988011837005615,val
tb0065.png,/kaggle/input/notebooks/abdelazizomarrr/tuberculosis-detection-lesion-localization/tbx_yolo/images/train/tb0065.png,/kaggle/input/notebooks/abdelazizomarrr/tuberculosis-detection-lesion-localization/tbx_yolo/labels/train/tb0065.txt,382,17345387682098894072,1,0.067421769448,0.067421769448,1 lesion,Q3,512,512,141.76189804077148,78.85527513501164,250.97636053798487,7.391887664794922,train
tb0925.png,/kaggle/input/notebooks/abdelazizomarrr/tuberculosis-detection-lesion-localization/tbx_yolo/images/train/tb0925.png,/kaggle/input/notebooks/abdelazizomarrr/tuberculosis-detection-lesion-localization/tbx_yolo/labels/train/tb0925.txt,383,16147435147272320240,1,0.07924059832000001,0.07924059832000001,1 lesion,Q4,512,512,140.8534927368164,78.73615342353432,206.03665729913337,7.375824928283691,test
tb0949.png,/kaggle/input/notebooks/abdelazizomarrr/tuberculosis-detection-lesion-localization/tbx_yolo/images/train/tb0949.png,/kaggle/input/notebooks/abdelazizomarrr/tuberculosis-detection-lesion-localization/tbx_yolo/labels/train/tb0949.txt,384,16732762344164225137,2,0.053453821262,0.086328980024,2 lesions,Q3,512,512,120.01410293579102,71.08499164965875,90.40658164395427,7.16585636138916,train
tb0798.png,/kaggle/input/notebooks/abdelazizomarrr/tuberculosis-detection-lesion-localization/tbx_yolo/images/train/tb0798.png,/kaggle/input/notebooks/abdelazizomarrr/tuberculosis-detection-lesion-localization/tbx_yolo/labels/train/tb0798.txt,385,16194579981046764000,2,0.0908386558525,0.112409482185,2 lesions,Q4,512,512,112.67293548583984,65.11265286255936,449.08621748513536,7.361730098724365,train
tb0475.png,/kaggle/input/notebooks/abdelazizomarrr/tuberculosis-detection-lesion-localization/tbx_yolo/images/train/tb0475.png,/kaggle/input/notebooks/abdelazizomarrr/tuberculosis-detection-lesion-localization/tbx_yolo/labels/train/tb0475.txt,386,17298944174576423120,1,0.061443836572999996,0.061443836572999996,1 lesion,Q3,512,512,141.79203033447266,69.5387759793562,453.33091772276384,7.586625099182129,val
tb0746.png,/kaggle/input/notebooks/abdelazizomarrr/tuberculosis-detection-lesion-localization/tbx_yolo/images/train/tb0746.png,/kaggle/input/notebooks/abdelazizomarrr/tuberculosis-detection-lesion-localization/tbx_yolo/labels/train/tb0746.txt,387,17317808081100525808,2,0.0191871392335,0.031286354624,2 lesions,Q1,512,512,140.24545669555664,77.59845944794864,204.1243083232548,7.498019218444824,train
tb0902.png,/kaggle/input/notebooks/abdelazizomarrr/tuberculosis-detection-lesion-localization/tbx_yolo/images/train/tb0902.png,/kaggle/input/notebooks/abdelazizomarrr/tuberculosis-detection-lesion-localization/tbx_yolo/labels/train/tb0902.txt,388,17310493062562638536,1,0.019809285642,0.019809285642,1 lesion,Q1,512,512,149.20038223266602,70.1414609991331,195.83534926827997,7.452363967895508,train
tb0005.png,/kaggle/input/notebooks/abdelazizomarrr/tuberculosis-detection-lesion-localization/tbx_yolo/images/train/tb0005.png,/kaggle/input/notebooks/abdelazizomarrr/tuberculosis-detection-lesion-localization/tbx_yolo/labels/train/tb0005.txt,389,17335536061124759728,1,0.006840535284,0.006840535284,1 lesion,Q1,512,512,146.42678833007812,71.61126590414841,205.01916297501884,7.532400131225586,test
tb0460.png,/kaggle/input/notebooks/abdelazizomarrr/tuberculosis-detection-lesion-localization/tbx_yolo/images/train/tb0460.png,/kaggle/input/notebooks/abdelazizomarrr/tuberculosis-detection-lesion-localization/tbx_yolo/labels/train/tb0460.txt,390,3501042055376990932,3,0.04995862741533333,0.09354087763199999,3+ lesions,Q2,512,512,127.90827560424805,73.28537209927181,226.82693008240312,7.636585712432861,train
tb1114.png,/kaggle/input/notebooks/abdelazizomarrr/tuberculosis-detection-lesion-localization/tbx_yolo/images/train/tb1114.png,/kaggle/input/notebooks/abdelazizomarrr/tuberculosis-detection-lesion-localization/tbx_yolo/labels/train/tb1114.txt,65,8120753956725121264,2,0.106387969969,0.110143987046,2 lesions,Q4,512,512,130.15192031860352,76.56365260346216,92.35662253177725,7.462477684020996,train
tb0823.png,/kaggle/input/notebooks/abdelazizomarrr/tuberculosis-detection-lesion-localization/tbx_yolo/images/train/tb0823.png,/kaggle/input/notebooks/abdelazizomarrr/tuberculosis-detection-lesion-localization/tbx_yolo/labels/train/tb0823.txt,59,8274439310647948016,2,0.13675144744099998,0.144623210457,2 lesions,Q4,512,512,118.06430435180664,69.29805404940723,75.80572178954026,7.405458450317383,train
tb0675.png,/kaggle/input/notebooks/abdelazizomarrr/tuberculosis-detection-lesion-localization/tbx_yolo/images/train/tb0675.png,/kaggle/input/notebooks/abdelazizomarrr/tuberculosis-detection-lesion-localization/tbx_yolo/labels/train/tb0675.txt,391,8337596358660837608,1,0.068770005627,0.068770005627,1 lesion,Q3,512,512,141.35161972045898,72.69759850326058,201.63736566505395,7.577890872955322,train
tb1071.png,/kaggle/input/notebooks/abdelazizomarrr/tuberculosis-detection-lesion-localization/tbx_yolo/images/train/tb1071.png,/kaggle/input/notebooks/abdelazizomarrr/tuberculosis-detection-lesion-localization/tbx_yolo/labels/train/tb1071.txt,392,4101173810113409744,1,0.119394432253,0.119394432253,1 lesion,Q4,512,512,83.30517578125,66.96100648763625,101.3588022289332,6.943709373474121,train
tb0831.png,/kaggle/input/notebooks/abdelazizomarrr/tuberculosis-detection-lesion-localization/tbx_yolo/images/train/tb0831.png,/kaggle/input/notebooks/abdelazizomarrr/tuberculosis-detection-lesion-localization/tbx_yolo/labels/train/tb0831.txt,393,17353376051340306664,1,0.044898600392,0.044898600392,1 lesion,Q2,512,512,147.1136474609375,77.42060364055617,191.7136907963868,7.344023704528809,val
tb0953.png,/kaggle/input/notebooks/abdelazizomarrr/tuberculosis-detection-lesion-localization/tbx_yolo/images/train/tb0953.png,/kaggle/input/notebooks/abdelazizomarrr/tuberculosis-detection-lesion-localization/tbx_yolo/labels/train/tb0953.txt,65,3483133757533253872,2,0.06309308744850001,0.074964706989,2 lesions,Q3,512,512,127.99347686767578,74.22083551874172,64.16083888160938,6.811195373535156,train
tb0643.png,/kaggle/input/notebooks/abdelazizomarrr/tuberculosis-detection-lesion-localization/tbx_yolo/images/train/tb0643.png,/kaggle/input/notebooks/abdelazizomarrr/tuberculosis-detection-lesion-localization/tbx_yolo/labels/train/tb0643.txt,394,17452911122128626144,1,0.057148165073999994,0.057148165073999994,1 lesion,Q3,512,512,120.43580627441406,70.22347950164836,60.312010675435886,7.270193576812744,train
tb0623.png,/kaggle/input/notebooks/abdelazizomarrr/tuberculosis-detection-lesion-localization/tbx_yolo/images/train/tb0623.png,/kaggle/input/notebooks/abdelazizomarrr/tuberculosis-detection-lesion-localization/tbx_yolo/labels/train/tb0623.txt,395,12791796010866888912,1,0.073043288007,0.073043288007,1 lesion,Q3,512,512,113.88190078735352,64.31081948761043,231.001968051758,7.371076583862305,train
tb0773.png,/kaggle/input/notebooks/abdelazizomarrr/tuberculosis-detection-lesion-localization/tbx_yolo/images/train/tb0773.png,/kaggle/input/notebooks/abdelazizomarrr/tuberculosis-detection-lesion-localization/tbx_yolo/labels/train/tb0773.txt,396,17416320616416538864,2,0.042224947230999996,0.07331104669499999,2 lesions,Q2,512,512,141.93816757202148,60.57200438564462,452.1770589076332,7.5810956954956055,val
tb0752.png,/kaggle/input/notebooks/abdelazizomarrr/tuberculosis-detection-lesion-localization/tbx_yolo/images/train/tb0752.png,/kaggle/input/notebooks/abdelazizomarrr/tuberculosis-detection-lesion-localization/tbx_yolo/labels/train/tb0752.txt,397,8112873211417456868,2,0.082594272593,0.094276542992,2 lesions,Q4,512,512,133.2778205871582,75.42333289045314,223.1463195225224,7.585494041442871,train
tb0470.png,/kaggle/input/notebooks/abdelazizomarrr/tuberculosis-detection-lesion-localization/tbx_yolo/images/train/tb0470.png,/kaggle/input/notebooks/abdelazizomarrr/tuberculosis-detection-lesion-localization/tbx_yolo/labels/train/tb0470.txt,398,8136512709281829064,1,0.1046746386,0.1046746386,1 lesion,Q4,512,512,148.08448028564453,72.17461522959663,201.4884793623205,7.496001720428467,train
tb0045.png,/kaggle/input/notebooks/abdelazizomarrr/tuberculosis-detection-lesion-localization/tbx_yolo/images/train/tb0045.png,/kaggle/input/notebooks/abdelazizomarrr/tuberculosis-detection-lesion-localization/tbx_yolo/labels/train/tb0045.txt,399,18002181538135995124,2,0.09234492316250001,0.11247535115500001,2 lesions,Q4,512,512,140.75136947631836,75.12777171700066,192.06229962588986,7.464820384979248,train
tb0926.png,/kaggle/input/notebooks/abdelazizomarrr/tuberculosis-detection-lesion-localization/tbx_yolo/images/train/tb0926.png,/kaggle/input/notebooks/abdelazizomarrr/tuberculosis-detection-lesion-localization/tbx_yolo/labels/train/tb0926.txt,400,8181795406321201904,1,0.009789356616,0.009789356616,1 lesion,Q1,512,512,131.16065216064453,65.97571701622617,66.03712996652757,7.419561862945557,train
tb0133.png,/kaggle/input/notebooks/abdelazizomarrr/tuberculosis-detection-lesion-localization/tbx_yolo/images/train/tb0133.png,/kaggle/input/notebooks/abdelazizomarrr/tuberculosis-detection-lesion-localization/tbx_yolo/labels/train/tb0133.txt,65,17353660958411764464,1,0.062790789775,0.062790789775,1 lesion,Q3,512,512,139.79098892211914,72.85096595856925,430.995523081845,7.641842365264893,train
tb0305.png,/kaggle/input/notebooks/abdelazizomarrr/tuberculosis-detection-lesion-localization/tbx_yolo/images/train/tb0305.png,/kaggle/input/notebooks/abdelazizomarrr/tuberculosis-detection-lesion-localization/tbx_yolo/labels/train/tb0305.txt,401,17407876226434255028,1,0.033781135901,0.033781135901,1 lesion,Q1,512,512,158.1106834411621,67.72360986667684,191.46816226768715,7.480584621429443,val
tb0508.png,/kaggle/input/notebooks/abdelazizomarrr/tuberculosis-detection-lesion-localization/tbx_yolo/images/train/tb0508.png,/kaggle/input/notebooks/abdelazizomarrr/tuberculosis-detection-lesion-localization/tbx_yolo/labels/train/tb0508.txt,402,17444049627489816656,3,0.043904243634,0.07343187051,3+ lesions,Q2,512,512,127.45136642456055,81.48968815003518,266.5701555609703,7.399569034576416,val
tb1027.png,/kaggle/input/notebooks/abdelazizomarrr/tuberculosis-detection-lesion-localization/tbx_yolo/images/train/tb1027.png,/kaggle/input/notebooks/abdelazizomarrr/tuberculosis-detection-lesion-localization/tbx_yolo/labels/train/tb1027.txt,403,8306386171285533937,1,0.08791329387499999,0.08791329387499999,1 lesion,Q4,512,512,130.49381256103516,68.74189649407998,100.01228221668862,7.576569080352783,train
tb0342.png,/kaggle/input/notebooks/abdelazizomarrr/tuberculosis-detection-lesion-localization/tbx_yolo/images/train/tb0342.png,/kaggle/input/notebooks/abdelazizomarrr/tuberculosis-detection-lesion-localization/tbx_yolo/labels/train/tb0342.txt,404,8116773746117833940,1,0.039285192680000004,0.039285192680000004,1 lesion,Q2,512,512,117.7616195678711,59.97929672384757,347.7312461415858,7.553418159484863,test
tb0132.png,/kaggle/input/notebooks/abdelazizomarrr/tuberculosis-detection-lesion-localization/tbx_yolo/images/train/tb0132.png,/kaggle/input/notebooks/abdelazizomarrr/tuberculosis-detection-lesion-localization/tbx_yolo/labels/train/tb0132.txt,65,17344121594996519152,1,0.021734705709,0.021734705709,1 lesion,Q1,512,512,128.15644454956055,69.48603913998063,64.91976786589657,7.124463081359863,train
tb1096.png,/kaggle/input/notebooks/abdelazizomarrr/tuberculosis-detection-lesion-localization/tbx_yolo/images/train/tb1096.png,/kaggle/input/notebooks/abdelazizomarrr/tuberculosis-detection-lesion-localization/tbx_yolo/labels/train/tb1096.txt,405,8084580576049361128,1,0.12008108390300001,0.12008108390300001,1 lesion,Q4,512,512,141.27782821655273,60.687576639401165,101.41116120660445,7.133176326751709,val
tb0360.png,/kaggle/input/notebooks/abdelazizomarrr/tuberculosis-detection-lesion-localization/tbx_yolo/images/train/tb0360.png,/kaggle/input/notebooks/abdelazizomarrr/tuberculosis-detection-lesion-localization/tbx_yolo/labels/train/tb0360.txt,65,17318225897675878640,2,0.08769092435100001,0.088979889162,2 lesions,Q4,512,512,141.33090591430664,77.29058252305495,249.43755777202023,7.471487045288086,train
tb0520.png,/kaggle/input/notebooks/abdelazizomarrr/tuberculosis-detection-lesion-localization/tbx_yolo/images/train/tb0520.png,/kaggle/input/notebooks/abdelazizomarrr/tuberculosis-detection-lesion-localization/tbx_yolo/labels/train/tb0520.txt,406,8114320606930529204,2,0.025705576726999996,0.03293917254,2 lesions,Q1,512,512,142.87094497680664,72.4540651995988,247.02126174348814,7.479170799255371,train
tb1194.png,/kaggle/input/notebooks/abdelazizomarrr/tuberculosis-detection-lesion-localization/tbx_yolo/images/train/tb1194.png,/kaggle/input/notebooks/abdelazizomarrr/tuberculosis-detection-lesion-localization/tbx_yolo/labels/train/tb1194.txt,65,2653345530502050000,1,0.010043123665,0.010043123665,1 lesion,Q1,512,512,134.41247940063477,66.54867825746493,159.29657680411765,7.048321723937988,train
tb1034.png,/kaggle/input/notebooks/abdelazizomarrr/tuberculosis-detection-lesion-localization/tbx_yolo/images/train/tb1034.png,/kaggle/input/notebooks/abdelazizomarrr/tuberculosis-detection-lesion-localization/tbx_yolo/labels/train/tb1034.txt,407,8333827358492094584,1,0.08486127376,0.08486127376,1 lesion,Q4,512,512,95.68148803710938,68.90535313790701,95.89263052189199,6.977565288543701,train
tb0717.png,/kaggle/input/notebooks/abdelazizomarrr/tuberculosis-detection-lesion-localization/tbx_yolo/images/train/tb0717.png,/kaggle/input/notebooks/abdelazizomarrr/tuberculosis-detection-lesion-localization/tbx_yolo/labels/train/tb0717.txt,408,8192420124619371234,2,0.045930186225,0.04920079885,2 lesions,Q2,512,512,131.5277099609375,64.43746260677533,90.40653987764381,7.595273494720459,test
tb0919.png,/kaggle/input/notebooks/abdelazizomarrr/tuberculosis-detection-lesion-localization/tbx_yolo/images/train/tb0919.png,/kaggle/input/notebooks/abdelazizomarrr/tuberculosis-detection-lesion-localization/tbx_yolo/labels/train/tb0919.txt,65,8111708141431943400,1,0.060277463624,0.060277463624,1 lesion,Q3,512,512,147.50831604003906,67.55154157501774,431.527538707247,7.697660446166992,train
tb0236.png,/kaggle/input/notebooks/abdelazizomarrr/tuberculosis-detection-lesion-localization/tbx_yolo/images/train/tb0236.png,/kaggle/input/notebooks/abdelazizomarrr/tuberculosis-detection-lesion-localization/tbx_yolo/labels/train/tb0236.txt,409,12687540872380240340,2,0.0479965094245,0.063810373133,2 lesions,Q2,512,512,147.56555938720703,68.01498666703785,248.90814262743515,7.598002910614014,train
tb0730.png,/kaggle/input/notebooks/abdelazizomarrr/tuberculosis-detection-lesion-localization/tbx_yolo/images/train/tb0730.png,/kaggle/input/notebooks/abdelazizomarrr/tuberculosis-detection-lesion-localization/tbx_yolo/labels/train/tb0730.txt,410,12372293569230196944,2,0.042410608936,0.045491580011999995,2 lesions,Q2,512,512,168.1181297302246,60.838259938649514,213.65232564833423,7.362163543701172,train
tb0420.png,/kaggle/input/notebooks/abdelazizomarrr/tuberculosis-detection-lesion-localization/tbx_yolo/images/train/tb0420.png,/kaggle/input/notebooks/abdelazizomarrr/tuberculosis-detection-lesion-localization/tbx_yolo/labels/train/tb0420.txt,411,12944672047492165872,1,0.07265762737199999,0.07265762737199999,1 lesion,Q3,512,512,134.2573127746582,63.877255826749995,99.08917922851106,7.448081016540527,train
tb0275.png,/kaggle/input/notebooks/abdelazizomarrr/tuberculosis-detection-lesion-localization/tbx_yolo/images/train/tb0275.png,/kaggle/input/notebooks/abdelazizomarrr/tuberculosis-detection-lesion-localization/tbx_yolo/labels/train/tb0275.txt,412,3519442792574279924,1,0.08959610356200001,0.08959610356200001,1 lesion,Q4,512,512,98.50914764404297,71.50431512106402,121.2289275638177,6.869765281677246,train
tb0084.png,/kaggle/input/notebooks/abdelazizomarrr/tuberculosis-detection-lesion-localization/tbx_yolo/images/train/tb0084.png,/kaggle/input/notebooks/abdelazizomarrr/tuberculosis-detection-lesion-localization/tbx_yolo/labels/train/tb0084.txt,413,8105524625440635128,1,0.083500761816,0.083500761816,1 lesion,Q4,512,512,149.05480575561523,74.67859869500175,195.92252359486884,7.40833044052124,test
tb0608.png,/kaggle/input/notebooks/abdelazizomarrr/tuberculosis-detection-lesion-localization/tbx_yolo/images/train/tb0608.png,/kaggle/input/notebooks/abdelazizomarrr/tuberculosis-detection-lesion-localization/tbx_yolo/labels/train/tb0608.txt,414,4096757904755521648,1,0.092536076897,0.092536076897,1 lesion,Q4,512,512,94.98925018310547,67.68695320921613,84.02580269121972,7.177020072937012,train
tb0895.png,/kaggle/input/notebooks/abdelazizomarrr/tuberculosis-detection-lesion-localization/tbx_yolo/images/train/tb0895.png,/kaggle/input/notebooks/abdelazizomarrr/tuberculosis-detection-lesion-localization/tbx_yolo/labels/train/tb0895.txt,415,17372550568181155049,2,0.06836946340500001,0.08301336539600002,2 lesions,Q3,512,512,135.2577133178711,68.94000392883018,107.78949700632074,7.4758806228637695,train
tb0770.png,/kaggle/input/notebooks/abdelazizomarrr/tuberculosis-detection-lesion-localization/tbx_yolo/images/train/tb0770.png,/kaggle/input/notebooks/abdelazizomarrr/tuberculosis-detection-lesion-localization/tbx_yolo/labels/train/tb0770.txt,416,8184965571607032176,1,0.035056811789999996,0.035056811789999996,1 lesion,Q2,512,512,96.35114288330078,70.94890736813463,228.33391331938037,6.992683410644531,val
tb0285.png,/kaggle/input/notebooks/abdelazizomarrr/tuberculosis-detection-lesion-localization/tbx_yolo/images/train/tb0285.png,/kaggle/input/notebooks/abdelazizomarrr/tuberculosis-detection-lesion-localization/tbx_yolo/labels/train/tb0285.txt,417,17408263805358731508,1,0.14948477957599998,0.14948477957599998,1 lesion,Q4,512,512,129.95183944702148,75.6464388882935,553.4532802566973,7.673364639282227,train
tb0293.png,/kaggle/input/notebooks/abdelazizomarrr/tuberculosis-detection-lesion-localization/tbx_yolo/images/train/tb0293.png,/kaggle/input/notebooks/abdelazizomarrr/tuberculosis-detection-lesion-localization/tbx_yolo/labels/train/tb0293.txt,418,8190521268008702708,2,0.03824864275650001,0.07248632388800001,2 lesions,Q2,512,512,137.62437438964844,76.36480202519762,194.89819224573148,7.498631477355957,test
tb1166.png,/kaggle/input/notebooks/abdelazizomarrr/tuberculosis-detection-lesion-localization/tbx_yolo/images/train/tb1166.png,/kaggle/input/notebooks/abdelazizomarrr/tuberculosis-detection-lesion-localization/tbx_yolo/labels/train/tb1166.txt,419,8111989646022603376,1,0.033571015194,0.033571015194,1 lesion,Q1,512,512,128.23760223388672,78.93416195652885,250.32064042420825,7.490070343017578,train
tb0759.png,/kaggle/input/notebooks/abdelazizomarrr/tuberculosis-detection-lesion-localization/tbx_yolo/images/train/tb0759.png,/kaggle/input/notebooks/abdelazizomarrr/tuberculosis-detection-lesion-localization/tbx_yolo/labels/train/tb0759.txt,420,17349751095067601128,2,0.168239433444,0.179672673138,2 lesions,Q4,512,512,132.3545913696289,64.66012826560016,65.25690056719759,7.263335704803467,test
tb0505.png,/kaggle/input/notebooks/abdelazizomarrr/tuberculosis-detection-lesion-localization/tbx_yolo/images/train/tb0505.png,/kaggle/input/notebooks/abdelazizomarrr/tuberculosis-detection-lesion-localization/tbx_yolo/labels/train/tb0505.txt,65,17335958838384316656,2,0.06548630468200001,0.075522015464,2 lesions,Q3,512,512,131.58837509155273,78.48868524475127,228.36280937533593,7.494571208953857,train
tb0720.png,/kaggle/input/notebooks/abdelazizomarrr/tuberculosis-detection-lesion-localization/tbx_yolo/images/train/tb0720.png,/kaggle/input/notebooks/abdelazizomarrr/tuberculosis-detection-lesion-localization/tbx_yolo/labels/train/tb0720.txt,421,3734775685209713009,1,0.05508890600000001,0.05508890600000001,1 lesion,Q3,512,512,123.3651351928711,75.51708013052314,102.38642820343375,7.436413288116455,test
tb0092.png,/kaggle/input/notebooks/abdelazizomarrr/tuberculosis-detection-lesion-localization/tbx_yolo/images/train/tb0092.png,/kaggle/input/notebooks/abdelazizomarrr/tuberculosis-detection-lesion-localization/tbx_yolo/labels/train/tb0092.txt,65,17300492974139044080,2,0.07014596043249999,0.08741207646499999,2 lesions,Q3,512,512,128.55414581298828,67.29925048133951,75.69986663101008,7.085982322692871,train
tb0303.png,/kaggle/input/notebooks/abdelazizomarrr/tuberculosis-detection-lesion-localization/tbx_yolo/images/train/tb0303.png,/kaggle/input/notebooks/abdelazizomarrr/tuberculosis-detection-lesion-localization/tbx_yolo/labels/train/tb0303.txt,422,8712735042005168232,2,0.0627319510935,0.083088170157,2 lesions,Q3,512,512,94.17012786865234,70.43525592407089,88.0051884315908,7.041027069091797,val
tb1074.png,/kaggle/input/notebooks/abdelazizomarrr/tuberculosis-detection-lesion-localization/tbx_yolo/images/train/tb1074.png,/kaggle/input/notebooks/abdelazizomarrr/tuberculosis-detection-lesion-localization/tbx_yolo/labels/train/tb1074.txt,65,8129721573559169264,1,0.043793660680000006,0.043793660680000006,1 lesion,Q2,512,512,95.99546432495117,70.31260659733353,69.82015362671518,7.006303310394287,train
tb0527.png,/kaggle/input/notebooks/abdelazizomarrr/tuberculosis-detection-lesion-localization/tbx_yolo/images/train/tb0527.png,/kaggle/input/notebooks/abdelazizomarrr/tuberculosis-detection-lesion-localization/tbx_yolo/labels/train/tb0527.txt,423,3554767902151471345,1,0.08847071271700001,0.08847071271700001,1 lesion,Q4,512,512,136.29340744018555,76.43418330776402,156.41941710183164,7.5304694175720215,train
tb0654.png,/kaggle/input/notebooks/abdelazizomarrr/tuberculosis-detection-lesion-localization/tbx_yolo/images/train/tb0654.png,/kaggle/input/notebooks/abdelazizomarrr/tuberculosis-detection-lesion-localization/tbx_yolo/labels/train/tb0654.txt,424,8185885619759215344,1,0.037988863824,0.037988863824,1 lesion,Q2,512,512,147.8277473449707,68.9666420544047,210.3875212387502,7.589358806610107,train
tb0994.png,/kaggle/input/notebooks/abdelazizomarrr/tuberculosis-detection-lesion-localization/tbx_yolo/images/train/tb0994.png,/kaggle/input/notebooks/abdelazizomarrr/tuberculosis-detection-lesion-localization/tbx_yolo/labels/train/tb0994.txt,425,8165926845560224208,2,0.039103960458000006,0.04860200202000001,2 lesions,Q2,512,512,124.21998596191406,62.37747174793831,131.63597549957922,7.685848236083984,train
tb0562.png,/kaggle/input/notebooks/abdelazizomarrr/tuberculosis-detection-lesion-localization/tbx_yolo/images/train/tb0562.png,/kaggle/input/notebooks/abdelazizomarrr/tuberculosis-detection-lesion-localization/tbx_yolo/labels/train/tb0562.txt,426,12958710671531438320,1,0.08567868643899999,0.08567868643899999,1 lesion,Q4,512,512,141.8368911743164,58.74513022487437,108.95191227014584,7.406741619110107,train
tb0734.png,/kaggle/input/notebooks/abdelazizomarrr/tuberculosis-detection-lesion-localization/tbx_yolo/images/train/tb0734.png,/kaggle/input/notebooks/abdelazizomarrr/tuberculosis-detection-lesion-localization/tbx_yolo/labels/train/tb0734.txt,65,8166595895017796336,1,0.0084944052,0.0084944052,1 lesion,Q1,512,512,123.9986801147461,66.40131707158676,73.68210471734346,7.3757734298706055,train
tb1163.png,/kaggle/input/notebooks/abdelazizomarrr/tuberculosis-detection-lesion-localization/tbx_yolo/images/train/tb1163.png,/kaggle/input/notebooks/abdelazizomarrr/tuberculosis-detection-lesion-localization/tbx_yolo/labels/train/tb1163.txt,427,8130847335486255840,1,0.052425061079999995,0.052425061079999995,1 lesion,Q2,512,512,126.00500106811523,59.87838705094733,32.17274295350944,7.172680854797363,train
tb0794.png,/kaggle/input/notebooks/abdelazizomarrr/tuberculosis-detection-lesion-localization/tbx_yolo/images/train/tb0794.png,/kaggle/input/notebooks/abdelazizomarrr/tuberculosis-detection-lesion-localization/tbx_yolo/labels/train/tb0794.txt,65,17300497371646587120,1,0.04636487154,0.04636487154,1 lesion,Q2,512,512,146.36602401733398,77.32921291112835,198.35770208475878,7.353008270263672,train
tb0825.png,/kaggle/input/notebooks/abdelazizomarrr/tuberculosis-detection-lesion-localization/tbx_yolo/images/train/tb0825.png,/kaggle/input/notebooks/abdelazizomarrr/tuberculosis-detection-lesion-localization/tbx_yolo/labels/train/tb0825.txt,110,8111987554253926640,1,0.080445104173,0.080445104173,1 lesion,Q4,512,512,133.94888305664062,65.03805663381341,63.02834686600545,7.097303867340088,train
tb0628.png,/kaggle/input/notebooks/abdelazizomarrr/tuberculosis-detection-lesion-localization/tbx_yolo/images/train/tb0628.png,/kaggle/input/notebooks/abdelazizomarrr/tuberculosis-detection-lesion-localization/tbx_yolo/labels/train/tb0628.txt,428,17296526937031308276,2,0.069576730042,0.096237123924,2 lesions,Q3,512,512,143.27369689941406,69.45405879165165,206.70125676313182,7.6487016677856445,test
tb1003.png,/kaggle/input/notebooks/abdelazizomarrr/tuberculosis-detection-lesion-localization/tbx_yolo/images/train/tb1003.png,/kaggle/input/notebooks/abdelazizomarrr/tuberculosis-detection-lesion-localization/tbx_yolo/labels/train/tb1003.txt,429,17309081808140554480,2,0.139825230241,0.182928766652,2 lesions,Q4,512,512,142.30633926391602,77.70250677695736,241.35110210062703,7.345583438873291,train
tb0929.png,/kaggle/input/notebooks/abdelazizomarrr/tuberculosis-detection-lesion-localization/tbx_yolo/images/train/tb0929.png,/kaggle/input/notebooks/abdelazizomarrr/tuberculosis-detection-lesion-localization/tbx_yolo/labels/train/tb0929.txt,430,4083807847641114824,3,0.06049616558466667,0.089119809846,3+ lesions,Q3,512,512,131.4866485595703,81.21263397825676,243.39470171950234,7.359675884246826,train
tb0190.png,/kaggle/input/notebooks/abdelazizomarrr/tuberculosis-detection-lesion-localization/tbx_yolo/images/train/tb0190.png,/kaggle/input/notebooks/abdelazizomarrr/tuberculosis-detection-lesion-localization/tbx_yolo/labels/train/tb0190.txt,431,17485185669020641512,2,0.087664606299,0.131891881968,2 lesions,Q4,512,512,138.0710105895996,74.67043862647543,203.2715262464335,7.593945026397705,train
tb0354.png,/kaggle/input/notebooks/abdelazizomarrr/tuberculosis-detection-lesion-localization/tbx_yolo/images/train/tb0354.png,/kaggle/input/notebooks/abdelazizomarrr/tuberculosis-detection-lesion-localization/tbx_yolo/labels/train/tb0354.txt,432,17299794232354205936,2,0.056471369476000004,0.06067310908500001,2 lesions,Q3,512,512,134.00668716430664,63.03150464885152,79.77557572127262,7.228114604949951,val
tb1105.png,/kaggle/input/notebooks/abdelazizomarrr/tuberculosis-detection-lesion-localization/tbx_yolo/images/train/tb1105.png,/kaggle/input/notebooks/abdelazizomarrr/tuberculosis-detection-lesion-localization/tbx_yolo/labels/train/tb1105.txt,433,8260926308954464352,1,0.04819122027,0.04819122027,1 lesion,Q2,512,512,98.83007049560547,70.69459937375957,332.4376944947144,7.064389228820801,val
tb0786.png,/kaggle/input/notebooks/abdelazizomarrr/tuberculosis-detection-lesion-localization/tbx_yolo/images/train/tb0786.png,/kaggle/input/notebooks/abdelazizomarrr/tuberculosis-detection-lesion-localization/tbx_yolo/labels/train/tb0786.txt,434,3480493830110900452,2,0.021295111785,0.03125089803,2 lesions,Q1,512,512,127.16315841674805,79.63876407181962,228.28795607801294,7.375545501708984,train
tb1022.png,/kaggle/input/notebooks/abdelazizomarrr/tuberculosis-detection-lesion-localization/tbx_yolo/images/train/tb1022.png,/kaggle/input/notebooks/abdelazizomarrr/tuberculosis-detection-lesion-localization/tbx_yolo/labels/train/tb1022.txt,435,12694437007144808944,1,0.03071141528,0.03071141528,1 lesion,Q1,512,512,145.30094146728516,65.98785435234454,205.88433985761367,7.643667697906494,train
tb0540.png,/kaggle/input/notebooks/abdelazizomarrr/tuberculosis-detection-lesion-localization/tbx_yolo/images/train/tb0540.png,/kaggle/input/notebooks/abdelazizomarrr/tuberculosis-detection-lesion-localization/tbx_yolo/labels/train/tb0540.txt,436,4060157326122005232,1,0.027258399285,0.027258399285,1 lesion,Q1,512,512,115.27556610107422,75.36474164186676,361.4203532775282,7.569672584533691,train
tb0556.png,/kaggle/input/notebooks/abdelazizomarrr/tuberculosis-detection-lesion-localization/tbx_yolo/images/train/tb0556.png,/kaggle/input/notebooks/abdelazizomarrr/tuberculosis-detection-lesion-localization/tbx_yolo/labels/train/tb0556.txt,437,12818251364432925936,1,0.043953220836,0.043953220836,1 lesion,Q2,512,512,146.57106018066406,72.5644109979576,186.7660189559101,7.576691627502441,train
tb0909.png,/kaggle/input/notebooks/abdelazizomarrr/tuberculosis-detection-lesion-localization/tbx_yolo/images/train/tb0909.png,/kaggle/input/notebooks/abdelazizomarrr/tuberculosis-detection-lesion-localization/tbx_yolo/labels/train/tb0909.txt,438,8094714089696252386,1,0.038327702400000004,0.038327702400000004,1 lesion,Q2,512,512,138.0637321472168,71.65168859423385,211.3807481961412,7.646078586578369,train
tb0819.png,/kaggle/input/notebooks/abdelazizomarrr/tuberculosis-detection-lesion-localization/tbx_yolo/images/train/tb0819.png,/kaggle/input/notebooks/abdelazizomarrr/tuberculosis-detection-lesion-localization/tbx_yolo/labels/train/tb0819.txt,439,15337672433514772208,1,0.042398260407,0.042398260407,1 lesion,Q2,512,512,129.3028221130371,63.917011519176285,331.6561624686583,7.430935859680176,train
tb0593.png,/kaggle/input/notebooks/abdelazizomarrr/tuberculosis-detection-lesion-localization/tbx_yolo/images/train/tb0593.png,/kaggle/input/notebooks/abdelazizomarrr/tuberculosis-detection-lesion-localization/tbx_yolo/labels/train/tb0593.txt,440,3500482399598317778,1,0.017631637618,0.017631637618,1 lesion,Q1,512,512,153.06338119506836,70.85515600384862,177.77930220599228,7.257497787475586,train
tb0040.png,/kaggle/input/notebooks/abdelazizomarrr/tuberculosis-detection-lesion-localization/tbx_yolo/images/train/tb0040.png,/kaggle/input/notebooks/abdelazizomarrr/tuberculosis-detection-lesion-localization/tbx_yolo/labels/train/tb0040.txt,441,4082050008641204336,1,0.049139166264,0.049139166264,1 lesion,Q2,512,512,132.84057235717773,77.95274139243902,312.308310508728,7.532087326049805,test
tb1197.png,/kaggle/input/notebooks/abdelazizomarrr/tuberculosis-detection-lesion-localization/tbx_yolo/images/train/tb1197.png,/kaggle/input/notebooks/abdelazizomarrr/tuberculosis-detection-lesion-localization/tbx_yolo/labels/train/tb1197.txt,442,16759925523369611472,2,0.070627064101,0.073878667452,2 lesions,Q3,512,512,143.03874969482422,68.3137881585769,261.31679253134644,7.662417888641357,train
tb0915.png,/kaggle/input/notebooks/abdelazizomarrr/tuberculosis-detection-lesion-localization/tbx_yolo/images/train/tb0915.png,/kaggle/input/notebooks/abdelazizomarrr/tuberculosis-detection-lesion-localization/tbx_yolo/labels/train/tb0915.txt,443,8121171150512510108,2,0.078867578808,0.096042795216,2 lesions,Q4,512,512,125.70764923095703,71.28182290995181,284.7039834578609,7.588344573974609,test
tb0043.png,/kaggle/input/notebooks/abdelazizomarrr/tuberculosis-detection-lesion-localization/tbx_yolo/images/train/tb0043.png,/kaggle/input/notebooks/abdelazizomarrr/tuberculosis-detection-lesion-localization/tbx_yolo/labels/train/tb0043.txt,444,16146590153256923872,2,0.030996922088999998,0.035751204383,2 lesions,Q1,512,512,131.6462287902832,65.99478113208758,81.19520651722269,7.350653171539307,test
tb0921.png,/kaggle/input/notebooks/abdelazizomarrr/tuberculosis-detection-lesion-localization/tbx_yolo/images/train/tb0921.png,/kaggle/input/notebooks/abdelazizomarrr/tuberculosis-detection-lesion-localization/tbx_yolo/labels/train/tb0921.txt,445,12739798077253677296,2,0.09607459740350001,0.10322492407200001,2 lesions,Q4,512,512,82.29058456420898,62.613139225788444,65.27809775411151,7.177280426025391,train
tb0833.png,/kaggle/input/notebooks/abdelazizomarrr/tuberculosis-detection-lesion-localization/tbx_yolo/images/train/tb0833.png,/kaggle/input/notebooks/abdelazizomarrr/tuberculosis-detection-lesion-localization/tbx_yolo/labels/train/tb0833.txt,446,5883279572777613817,2,0.045823456949,0.053873861758000005,2 lesions,Q2,512,512,139.17353057861328,70.16684294848618,212.00611090262828,7.650015830993652,train
tb1032.png,/kaggle/input/notebooks/abdelazizomarrr/tuberculosis-detection-lesion-localization/tbx_yolo/images/train/tb1032.png,/kaggle/input/notebooks/abdelazizomarrr/tuberculosis-detection-lesion-localization/tbx_yolo/labels/train/tb1032.txt,447,17312843242803418068,1,0.0341438013,0.0341438013,1 lesion,Q1,512,512,146.79869842529297,68.22676622463104,214.94783802282473,7.600344181060791,train
tb0622.png,/kaggle/input/notebooks/abdelazizomarrr/tuberculosis-detection-lesion-localization/tbx_yolo/images/train/tb0622.png,/kaggle/input/notebooks/abdelazizomarrr/tuberculosis-detection-lesion-localization/tbx_yolo/labels/train/tb0622.txt,448,12814630668347765232,1,0.021919913885,0.021919913885,1 lesion,Q1,512,512,99.26996612548828,65.64233194261034,436.2190851726918,7.309209823608398,train
tb0676.png,/kaggle/input/notebooks/abdelazizomarrr/tuberculosis-detection-lesion-localization/tbx_yolo/images/train/tb0676.png,/kaggle/input/notebooks/abdelazizomarrr/tuberculosis-detection-lesion-localization/tbx_yolo/labels/train/tb0676.txt,449,17380403858552578296,2,0.11214713532850001,0.19448322173000002,2 lesions,Q4,512,512,161.56848907470703,67.12733749062406,240.55610888823867,7.438803672790527,train
tb0930.png,/kaggle/input/notebooks/abdelazizomarrr/tuberculosis-detection-lesion-localization/tbx_yolo/images/train/tb0930.png,/kaggle/input/notebooks/abdelazizomarrr/tuberculosis-detection-lesion-localization/tbx_yolo/labels/train/tb0930.txt,65,8130288784118046960,1,0.02370816,0.02370816,1 lesion,Q1,512,512,107.59730529785156,69.12157195592071,82.21153212379431,7.328745365142822,train
tb1020.png,/kaggle/input/notebooks/abdelazizomarrr/tuberculosis-detection-lesion-localization/tbx_yolo/images/train/tb1020.png,/kaggle/input/notebooks/abdelazizomarrr/tuberculosis-detection-lesion-localization/tbx_yolo/labels/train/tb1020.txt,450,17318367189196140786,1,0.024921279129999998,0.024921279129999998,1 lesion,Q1,512,512,136.87630462646484,73.60563871546724,201.38971969112754,7.529200077056885,train
tb0858.png,/kaggle/input/notebooks/abdelazizomarrr/tuberculosis-detection-lesion-localization/tbx_yolo/images/train/tb0858.png,/kaggle/input/notebooks/abdelazizomarrr/tuberculosis-detection-lesion-localization/tbx_yolo/labels/train/tb0858.txt,451,8688239431161770096,2,0.150321764656,0.16276083225599997,2 lesions,Q4,512,512,121.99671936035156,72.14705816970688,79.19525621003413,7.321562767028809,test
tb0795.png,/kaggle/input/notebooks/abdelazizomarrr/tuberculosis-detection-lesion-localization/tbx_yolo/images/train/tb0795.png,/kaggle/input/notebooks/abdelazizomarrr/tuberculosis-detection-lesion-localization/tbx_yolo/labels/train/tb0795.txt,452,8689012214439391480,1,0.055597029108000004,0.055597029108000004,1 lesion,Q3,512,512,123.34760284423828,63.877819789857035,52.32668612150883,7.398252964019775,train
tb0841.png,/kaggle/input/notebooks/abdelazizomarrr/tuberculosis-detection-lesion-localization/tbx_yolo/images/train/tb0841.png,/kaggle/input/notebooks/abdelazizomarrr/tuberculosis-detection-lesion-localization/tbx_yolo/labels/train/tb0841.txt,453,8211525238663541480,2,0.0409416819175,0.049692060494999996,2 lesions,Q2,512,512,138.07222366333008,64.55358067602991,102.66967379381822,7.390659332275391,train
tb0989.png,/kaggle/input/notebooks/abdelazizomarrr/tuberculosis-detection-lesion-localization/tbx_yolo/images/train/tb0989.png,/kaggle/input/notebooks/abdelazizomarrr/tuberculosis-detection-lesion-localization/tbx_yolo/labels/train/tb0989.txt,454,3716761166478862689,1,0.066965084472,0.066965084472,1 lesion,Q3,512,512,99.46840286254883,69.94171736071064,124.82705577253364,7.4389214515686035,train
tb0141.png,/kaggle/input/notebooks/abdelazizomarrr/tuberculosis-detection-lesion-localization/tbx_yolo/images/train/tb0141.png,/kaggle/input/notebooks/abdelazizomarrr/tuberculosis-detection-lesion-localization/tbx_yolo/labels/train/tb0141.txt,455,17371850746268660436,2,0.062455068214500004,0.10684417796000001,2 lesions,Q3,512,512,138.9536361694336,63.08552632938531,106.55310952056607,7.5456695556640625,train
tb0889.png,/kaggle/input/notebooks/abdelazizomarrr/tuberculosis-detection-lesion-localization/tbx_yolo/images/train/tb0889.png,/kaggle/input/notebooks/abdelazizomarrr/tuberculosis-detection-lesion-localization/tbx_yolo/labels/train/tb0889.txt,456,8239251624424435952,1,0.159990289047,0.159990289047,1 lesion,Q4,512,512,127.15500259399414,72.86745618715409,62.94206985592609,7.120759963989258,train
tb0788.png,/kaggle/input/notebooks/abdelazizomarrr/tuberculosis-detection-lesion-localization/tbx_yolo/images/train/tb0788.png,/kaggle/input/notebooks/abdelazizomarrr/tuberculosis-detection-lesion-localization/tbx_yolo/labels/train/tb0788.txt,457,8346496888042879200,1,0.057469343695,0.057469343695,1 lesion,Q3,512,512,133.51820755004883,74.51961006028138,111.89370268210769,7.507973670959473,train
tb0739.png,/kaggle/input/notebooks/abdelazizomarrr/tuberculosis-detection-lesion-localization/tbx_yolo/images/train/tb0739.png,/kaggle/input/notebooks/abdelazizomarrr/tuberculosis-detection-lesion-localization/tbx_yolo/labels/train/tb0739.txt,458,3645266643685306736,1,0.064330131708,0.064330131708,1 lesion,Q3,512,512,93.88354110717773,66.54461824097258,230.70224216730273,7.144639015197754,train
tb0390.png,/kaggle/input/notebooks/abdelazizomarrr/tuberculosis-detection-lesion-localization/tbx_yolo/images/train/tb0390.png,/kaggle/input/notebooks/abdelazizomarrr/tuberculosis-detection-lesion-localization/tbx_yolo/labels/train/tb0390.txt,459,8094818680203034824,2,0.074321232476,0.085501071676,2 lesions,Q3,512,512,138.62782287597656,74.78094135253751,231.4690964473266,7.642636299133301,test
tb0386.png,/kaggle/input/notebooks/abdelazizomarrr/tuberculosis-detection-lesion-localization/tbx_yolo/images/train/tb0386.png,/kaggle/input/notebooks/abdelazizomarrr/tuberculosis-detection-lesion-localization/tbx_yolo/labels/train/tb0386.txt,460,17300353194412060916,1,0.046356271488,0.046356271488,1 lesion,Q2,512,512,147.8176383972168,70.76363818825085,213.90454569621943,7.5631914138793945,val
tb0164.png,/kaggle/input/notebooks/abdelazizomarrr/tuberculosis-detection-lesion-localization/tbx_yolo/images/train/tb0164.png,/kaggle/input/notebooks/abdelazizomarrr/tuberculosis-detection-lesion-localization/tbx_yolo/labels/train/tb0164.txt,461,3644208930687866080,1,0.012660762114,0.012660762114,1 lesion,Q1,512,512,130.60139846801758,81.00897069935009,197.20006468250358,7.359174728393555,test
tb0479.png,/kaggle/input/notebooks/abdelazizomarrr/tuberculosis-detection-lesion-localization/tbx_yolo/images/train/tb0479.png,/kaggle/input/notebooks/abdelazizomarrr/tuberculosis-detection-lesion-localization/tbx_yolo/labels/train/tb0479.txt,462,17300176860373119200,2,0.06407509560149999,0.07758328367999999,2 lesions,Q3,512,512,141.50656509399414,57.55006977615545,67.63009322130529,7.258941650390625,train
tb0729.png,/kaggle/input/notebooks/abdelazizomarrr/tuberculosis-detection-lesion-localization/tbx_yolo/images/train/tb0729.png,/kaggle/input/notebooks/abdelazizomarrr/tuberculosis-detection-lesion-localization/tbx_yolo/labels/train/tb0729.txt,463,17309077411175133425,1,0.03502639458,0.03502639458,1 lesion,Q2,512,512,145.35699462890625,79.50365019796735,179.6242539058294,7.302585124969482,val
tb0626.png,/kaggle/input/notebooks/abdelazizomarrr/tuberculosis-detection-lesion-localization/tbx_yolo/images/train/tb0626.png,/kaggle/input/notebooks/abdelazizomarrr/tuberculosis-detection-lesion-localization/tbx_yolo/labels/train/tb0626.txt,464,17317346305553524985,1,0.083766529644,0.083766529644,1 lesion,Q4,512,512,151.27787017822266,73.74744494600776,251.85962521446345,7.495575904846191,train
tb0228.png,/kaggle/input/notebooks/abdelazizomarrr/tuberculosis-detection-lesion-localization/tbx_yolo/images/train/tb0228.png,/kaggle/input/notebooks/abdelazizomarrr/tuberculosis-detection-lesion-localization/tbx_yolo/labels/train/tb0228.txt,465,8094571840391967216,1,0.021116720058,0.021116720058,1 lesion,Q1,512,512,132.91233825683594,60.934838982274655,77.83413166737591,7.270181655883789,train
tb0552.png,/kaggle/input/notebooks/abdelazizomarrr/tuberculosis-detection-lesion-localization/tbx_yolo/images/train/tb0552.png,/kaggle/input/notebooks/abdelazizomarrr/tuberculosis-detection-lesion-localization/tbx_yolo/labels/train/tb0552.txt,65,16263789848588112112,1,0.033189388434,0.033189388434,1 lesion,Q1,512,512,114.9156494140625,60.279453180482065,474.3511572868882,7.468072891235352,train
tb0620.png,/kaggle/input/notebooks/abdelazizomarrr/tuberculosis-detection-lesion-localization/tbx_yolo/images/train/tb0620.png,/kaggle/input/notebooks/abdelazizomarrr/tuberculosis-detection-lesion-localization/tbx_yolo/labels/train/tb0620.txt,65,17484863481931034864,2,0.07856558092650001,0.08797886447400001,2 lesions,Q4,512,512,139.47712326049805,72.5325904155817,508.0872092771896,7.739720344543457,train
tb0417.png,/kaggle/input/notebooks/abdelazizomarrr/tuberculosis-detection-lesion-localization/tbx_yolo/images/train/tb0417.png,/kaggle/input/notebooks/abdelazizomarrr/tuberculosis-detection-lesion-localization/tbx_yolo/labels/train/tb0417.txt,466,17309466092845069552,2,0.097840747077,0.12969631106500001,2 lesions,Q4,512,512,144.08056640625,73.55334541283563,210.72605845652288,7.533237457275391,train
tb0618.png,/kaggle/input/notebooks/abdelazizomarrr/tuberculosis-detection-lesion-localization/tbx_yolo/images/train/tb0618.png,/kaggle/input/notebooks/abdelazizomarrr/tuberculosis-detection-lesion-localization/tbx_yolo/labels/train/tb0618.txt,467,8085142422221275368,2,0.037587879771999996,0.037797016184,2 lesions,Q2,512,512,137.2625961303711,66.73215452972832,72.59574122633785,7.004979610443115,test
tb0957.png,/kaggle/input/notebooks/abdelazizomarrr/tuberculosis-detection-lesion-localization/tbx_yolo/images/train/tb0957.png,/kaggle/input/notebooks/abdelazizomarrr/tuberculosis-detection-lesion-localization/tbx_yolo/labels/train/tb0957.txt,65,17623592166841446642,1,0.069158855844,0.069158855844,1 lesion,Q3,512,512,136.08114624023438,74.44311619752916,244.4560153814382,7.565780162811279,train
tb0573.png,/kaggle/input/notebooks/abdelazizomarrr/tuberculosis-detection-lesion-localization/tbx_yolo/images/train/tb0573.png,/kaggle/input/notebooks/abdelazizomarrr/tuberculosis-detection-lesion-localization/tbx_yolo/labels/train/tb0573.txt,468,11217545936835499218,2,0.11535030973499999,0.15596451168,2 lesions,Q4,512,512,141.51836395263672,74.49158552119188,245.81620873417705,7.559857368469238,train
tb0538.png,/kaggle/input/notebooks/abdelazizomarrr/tuberculosis-detection-lesion-localization/tbx_yolo/images/train/tb0538.png,/kaggle/input/notebooks/abdelazizomarrr/tuberculosis-detection-lesion-localization/tbx_yolo/labels/train/tb0538.txt,469,17354260770102759640,2,0.1017161714415,0.144695583756,2 lesions,Q4,512,512,130.44195556640625,48.383187748791855,257.3585473579442,7.218610763549805,train
tb0961.png,/kaggle/input/notebooks/abdelazizomarrr/tuberculosis-detection-lesion-localization/tbx_yolo/images/train/tb0961.png,/kaggle/input/notebooks/abdelazizomarrr/tuberculosis-detection-lesion-localization/tbx_yolo/labels/train/tb0961.txt,470,16237502586615296228,1,0.013934155638,0.013934155638,1 lesion,Q1,512,512,124.2021713256836,60.040750503756925,258.37606947676977,7.58144998550415,train
tb0094.png,/kaggle/input/notebooks/abdelazizomarrr/tuberculosis-detection-lesion-localization/tbx_yolo/images/train/tb0094.png,/kaggle/input/notebooks/abdelazizomarrr/tuberculosis-detection-lesion-localization/tbx_yolo/labels/train/tb0094.txt,471,3509032753384575216,2,0.0435950891635,0.054037926384000005,2 lesions,Q2,512,512,124.81827926635742,81.1669181212113,218.39677279580792,7.263009071350098,train
tb0537.png,/kaggle/input/notebooks/abdelazizomarrr/tuberculosis-detection-lesion-localization/tbx_yolo/images/train/tb0537.png,/kaggle/input/notebooks/abdelazizomarrr/tuberculosis-detection-lesion-localization/tbx_yolo/labels/train/tb0537.txt,472,8168886456897695984,3,0.10362475131133335,0.108466893507,3+ lesions,Q4,512,512,141.3007926940918,67.2772244280321,132.07225000899052,7.34466028213501,train
tb0903.png,/kaggle/input/notebooks/abdelazizomarrr/tuberculosis-detection-lesion-localization/tbx_yolo/images/train/tb0903.png,/kaggle/input/notebooks/abdelazizomarrr/tuberculosis-detection-lesion-localization/tbx_yolo/labels/train/tb0903.txt,65,17480324560492622024,2,0.0544047811705,0.056353902385,2 lesions,Q3,512,512,128.19676971435547,59.60244651434562,55.18964294005127,7.418851375579834,train
tb0966.png,/kaggle/input/notebooks/abdelazizomarrr/tuberculosis-detection-lesion-localization/tbx_yolo/images/train/tb0966.png,/kaggle/input/notebooks/abdelazizomarrr/tuberculosis-detection-lesion-localization/tbx_yolo/labels/train/tb0966.txt,473,17408545279802765424,2,0.023868669698,0.037013144296,2 lesions,Q1,512,512,139.6765365600586,81.77777603557342,229.41397563261853,7.268545627593994,train
tb0425.png,/kaggle/input/notebooks/abdelazizomarrr/tuberculosis-detection-lesion-localization/tbx_yolo/images/train/tb0425.png,/kaggle/input/notebooks/abdelazizomarrr/tuberculosis-detection-lesion-localization/tbx_yolo/labels/train/tb0425.txt,474,17335924594664657600,1,0.09140213919899999,0.09140213919899999,1 lesion,Q4,512,512,153.5118522644043,68.59329789831719,202.99457605472708,7.602475166320801,train
tb0378.png,/kaggle/input/notebooks/abdelazizomarrr/tuberculosis-detection-lesion-localization/tbx_yolo/images/train/tb0378.png,/kaggle/input/notebooks/abdelazizomarrr/tuberculosis-detection-lesion-localization/tbx_yolo/labels/train/tb0378.txt,475,8152960231767438064,2,0.031396892961,0.048137062974,2 lesions,Q1,512,512,131.35799407958984,72.47958617232267,228.60578785836697,7.630112648010254,test
tb1196.png,/kaggle/input/notebooks/abdelazizomarrr/tuberculosis-detection-lesion-localization/tbx_yolo/images/train/tb1196.png,/kaggle/input/notebooks/abdelazizomarrr/tuberculosis-detection-lesion-localization/tbx_yolo/labels/train/tb1196.txt,476,17318229743817117872,2,0.057941887254,0.059805254568,2 lesions,Q3,512,512,141.56157684326172,59.63113218324351,106.50501369847916,7.3665032386779785,train
tb0853.png,/kaggle/input/notebooks/abdelazizomarrr/tuberculosis-detection-lesion-localization/tbx_yolo/images/train/tb0853.png,/kaggle/input/notebooks/abdelazizomarrr/tuberculosis-detection-lesion-localization/tbx_yolo/labels/train/tb0853.txt,477,3496647984294162800,1,0.041400476928,0.041400476928,1 lesion,Q2,512,512,125.98495101928711,78.93575483993297,326.48116876183485,7.533080577850342,train
tb0026.png,/kaggle/input/notebooks/abdelazizomarrr/tuberculosis-detection-lesion-localization/tbx_yolo/images/train/tb0026.png,/kaggle/input/notebooks/abdelazizomarrr/tuberculosis-detection-lesion-localization/tbx_yolo/labels/train/tb0026.txt,478,3482711411936834032,1,0.03711279235,0.03711279235,1 lesion,Q2,512,512,110.74894332885742,65.17797115409797,100.42209845408797,7.364948749542236,train
tb0066.png,/kaggle/input/notebooks/abdelazizomarrr/tuberculosis-detection-lesion-localization/tbx_yolo/images/train/tb0066.png,/kaggle/input/notebooks/abdelazizomarrr/tuberculosis-detection-lesion-localization/tbx_yolo/labels/train/tb0066.txt,479,8094431652625904096,2,0.203485658106,0.213599517108,2 lesions,Q4,512,512,145.6995620727539,61.82813407305118,384.9703140728525,7.388581275939941,train
tb1057.png,/kaggle/input/notebooks/abdelazizomarrr/tuberculosis-detection-lesion-localization/tbx_yolo/images/train/tb1057.png,/kaggle/input/notebooks/abdelazizomarrr/tuberculosis-detection-lesion-localization/tbx_yolo/labels/train/tb1057.txt,480,12876446203779856888,1,0.09018917673999999,0.09018917673999999,1 lesion,Q4,512,512,128.985595703125,77.17762342539393,298.1755366964353,7.5428996086120605,train
tb0324.png,/kaggle/input/notebooks/abdelazizomarrr/tuberculosis-detection-lesion-localization/tbx_yolo/images/train/tb0324.png,/kaggle/input/notebooks/abdelazizomarrr/tuberculosis-detection-lesion-localization/tbx_yolo/labels/train/tb0324.txt,481,12922963350009344228,1,0.047563161365,0.047563161365,1 lesion,Q2,512,512,134.45415878295898,62.21626848135424,91.48529898747802,7.638737678527832,train
tb0082.png,/kaggle/input/notebooks/abdelazizomarrr/tuberculosis-detection-lesion-localization/tbx_yolo/images/train/tb0082.png,/kaggle/input/notebooks/abdelazizomarrr/tuberculosis-detection-lesion-localization/tbx_yolo/labels/train/tb0082.txt,65,8252448924010475752,1,0.035351361574,0.035351361574,1 lesion,Q2,512,512,132.6661148071289,69.65982998997822,109.45020581035351,7.595708847045898,train
tb0677.png,/kaggle/input/notebooks/abdelazizomarrr/tuberculosis-detection-lesion-localization/tbx_yolo/images/train/tb0677.png,/kaggle/input/notebooks/abdelazizomarrr/tuberculosis-detection-lesion-localization/tbx_yolo/labels/train/tb0677.txt,482,4060726899552941300,1,0.013108218438,0.013108218438,1 lesion,Q1,512,512,140.27645874023438,76.86889024927626,216.85501953121275,7.455785751342773,train
tb0071.png,/kaggle/input/notebooks/abdelazizomarrr/tuberculosis-detection-lesion-localization/tbx_yolo/images/train/tb0071.png,/kaggle/input/notebooks/abdelazizomarrr/tuberculosis-detection-lesion-localization/tbx_yolo/labels/train/tb0071.txt,483,3527609964408517232,1,0.05995877454,0.05995877454,1 lesion,Q3,512,512,85.9024658203125,67.67981494579801,76.03784986492246,6.77126407623291,val
tb0346.png,/kaggle/input/notebooks/abdelazizomarrr/tuberculosis-detection-lesion-localization/tbx_yolo/images/train/tb0346.png,/kaggle/input/notebooks/abdelazizomarrr/tuberculosis-detection-lesion-localization/tbx_yolo/labels/train/tb0346.txt,484,3484294841791340784,1,0.10896011875,0.10896011875,1 lesion,Q4,512,512,127.8583869934082,69.11688399725148,77.36067070480203,7.101902961730957,test
tb0907.png,/kaggle/input/notebooks/abdelazizomarrr/tuberculosis-detection-lesion-localization/tbx_yolo/images/train/tb0907.png,/kaggle/input/notebooks/abdelazizomarrr/tuberculosis-detection-lesion-localization/tbx_yolo/labels/train/tb0907.txt,485,12940586875335307762,1,0.034358601360000005,0.034358601360000005,1 lesion,Q2,512,512,117.91181564331055,51.565224701707116,172.57030304298678,7.553284645080566,train
tb0209.png,/kaggle/input/notebooks/abdelazizomarrr/tuberculosis-detection-lesion-localization/tbx_yolo/images/train/tb0209.png,/kaggle/input/notebooks/abdelazizomarrr/tuberculosis-detection-lesion-localization/tbx_yolo/labels/train/tb0209.txt,336,16733039421094426864,2,0.104536585434,0.109901918728,2 lesions,Q4,512,512,150.05215454101562,77.23454710198585,209.6782294742152,7.3292236328125,train
tb0862.png,/kaggle/input/notebooks/abdelazizomarrr/tuberculosis-detection-lesion-localization/tbx_yolo/images/train/tb0862.png,/kaggle/input/notebooks/abdelazizomarrr/tuberculosis-detection-lesion-localization/tbx_yolo/labels/train/tb0862.txt,65,17335924740659929848,2,0.192153552266,0.22848522872400004,2 lesions,Q4,512,512,132.4850616455078,64.14836380586483,89.57077344272693,7.214771747589111,train
tb1126.png,/kaggle/input/notebooks/abdelazizomarrr/tuberculosis-detection-lesion-localization/tbx_yolo/images/train/tb1126.png,/kaggle/input/notebooks/abdelazizomarrr/tuberculosis-detection-lesion-localization/tbx_yolo/labels/train/tb1126.txt,486,8111716968227793016,1,0.039438264743999994,0.039438264743999994,1 lesion,Q2,512,512,126.28141021728516,78.32968285709276,248.4872113979509,7.522138595581055,train
tb0007.png,/kaggle/input/notebooks/abdelazizomarrr/tuberculosis-detection-lesion-localization/tbx_yolo/images/train/tb0007.png,/kaggle/input/notebooks/abdelazizomarrr/tuberculosis-detection-lesion-localization/tbx_yolo/labels/train/tb0007.txt,487,4096547073368910544,2,0.0658637729645,0.0757842456,2 lesions,Q3,512,512,133.85520935058594,78.00785216706159,214.5595194096095,7.357176780700684,train
tb1179.png,/kaggle/input/notebooks/abdelazizomarrr/tuberculosis-detection-lesion-localization/tbx_yolo/images/train/tb1179.png,/kaggle/input/notebooks/abdelazizomarrr/tuberculosis-detection-lesion-localization/tbx_yolo/labels/train/tb1179.txt,65,17777597457714180336,2,0.045019677141,0.049617680791000006,2 lesions,Q2,512,512,138.11988067626953,67.4148523982284,171.56307828040735,7.650957107543945,train
tb0484.png,/kaggle/input/notebooks/abdelazizomarrr/tuberculosis-detection-lesion-localization/tbx_yolo/images/train/tb0484.png,/kaggle/input/notebooks/abdelazizomarrr/tuberculosis-detection-lesion-localization/tbx_yolo/labels/train/tb0484.txt,488,17353939139127521750,2,0.014297610108,0.024155123342,2 lesions,Q1,512,512,134.2774429321289,68.75634024984687,236.76327974157175,7.72569465637207,val
tb0075.png,/kaggle/input/notebooks/abdelazizomarrr/tuberculosis-detection-lesion-localization/tbx_yolo/images/train/tb0075.png,/kaggle/input/notebooks/abdelazizomarrr/tuberculosis-detection-lesion-localization/tbx_yolo/labels/train/tb0075.txt,489,17344127096841232634,1,0.052174184719999996,0.052174184719999996,1 lesion,Q2,512,512,142.76311874389648,73.09462294585977,227.29550944268703,7.600386142730713,val
tb0688.png,/kaggle/input/notebooks/abdelazizomarrr/tuberculosis-detection-lesion-localization/tbx_yolo/images/train/tb0688.png,/kaggle/input/notebooks/abdelazizomarrr/tuberculosis-detection-lesion-localization/tbx_yolo/labels/train/tb0688.txt,490,8166736636801118432,1,0.049520084943999995,0.049520084943999995,1 lesion,Q2,512,512,108.43621444702148,68.28659505820288,85.43960856553167,7.325549125671387,train
tb0418.png,/kaggle/input/notebooks/abdelazizomarrr/tuberculosis-detection-lesion-localization/tbx_yolo/images/train/tb0418.png,/kaggle/input/notebooks/abdelazizomarrr/tuberculosis-detection-lesion-localization/tbx_yolo/labels/train/tb0418.txt,491,8112551599979950304,2,0.0486653546,0.06332581024,2 lesions,Q2,512,512,140.92367935180664,68.28598342802951,56.15076172439149,6.948581218719482,train
tb1044.png,/kaggle/input/notebooks/abdelazizomarrr/tuberculosis-detection-lesion-localization/tbx_yolo/images/train/tb1044.png,/kaggle/input/notebooks/abdelazizomarrr/tuberculosis-detection-lesion-localization/tbx_yolo/labels/train/tb1044.txt,492,17353093748926640224,1,0.049372813404,0.049372813404,1 lesion,Q2,512,512,91.76412963867188,69.73050293224534,107.39161783839518,6.924853324890137,test
tb0624.png,/kaggle/input/notebooks/abdelazizomarrr/tuberculosis-detection-lesion-localization/tbx_yolo/images/train/tb0624.png,/kaggle/input/notebooks/abdelazizomarrr/tuberculosis-detection-lesion-localization/tbx_yolo/labels/train/tb0624.txt,493,3526350609661128944,2,0.0737407936375,0.08239994775000001,2 lesions,Q3,512,512,138.91215133666992,72.02832575909966,200.16635606354976,7.482872009277344,train
tb0364.png,/kaggle/input/notebooks/abdelazizomarrr/tuberculosis-detection-lesion-localization/tbx_yolo/images/train/tb0364.png,/kaggle/input/notebooks/abdelazizomarrr/tuberculosis-detection-lesion-localization/tbx_yolo/labels/train/tb0364.txt,494,3554773537148547306,1,0.034653973811,0.034653973811,1 lesion,Q2,512,512,120.46062850952148,67.61090650796369,55.92625227198005,7.34824275970459,train
tb0524.png,/kaggle/input/notebooks/abdelazizomarrr/tuberculosis-detection-lesion-localization/tbx_yolo/images/train/tb0524.png,/kaggle/input/notebooks/abdelazizomarrr/tuberculosis-detection-lesion-localization/tbx_yolo/labels/train/tb0524.txt,65,17371956831897964784,1,0.059826567824000004,0.059826567824000004,1 lesion,Q3,512,512,123.77239227294922,66.57991926208847,54.3196960107889,7.356482028961182,train
tb0592.png,/kaggle/input/notebooks/abdelazizomarrr/tuberculosis-detection-lesion-localization/tbx_yolo/images/train/tb0592.png,/kaggle/input/notebooks/abdelazizomarrr/tuberculosis-detection-lesion-localization/tbx_yolo/labels/train/tb0592.txt,495,15608240026188181752,1,0.034132682612000004,0.034132682612000004,1 lesion,Q1,512,512,138.90382766723633,65.65429923976338,61.88550130627118,7.066061496734619,train
tb1049.png,/kaggle/input/notebooks/abdelazizomarrr/tuberculosis-detection-lesion-localization/tbx_yolo/images/train/tb1049.png,/kaggle/input/notebooks/abdelazizomarrr/tuberculosis-detection-lesion-localization/tbx_yolo/labels/train/tb1049.txt,65,8129722677380378864,1,0.07611408266,0.07611408266,1 lesion,Q3,512,512,133.17074966430664,63.2488988267621,72.8822513139894,7.160961627960205,train
tb0962.png,/kaggle/input/notebooks/abdelazizomarrr/tuberculosis-detection-lesion-localization/tbx_yolo/images/train/tb0962.png,/kaggle/input/notebooks/abdelazizomarrr/tuberculosis-detection-lesion-localization/tbx_yolo/labels/train/tb0962.txt,496,17318336400750399712,2,0.0499770389345,0.059248734920999996,2 lesions,Q2,512,512,151.24038314819336,70.80202863275942,228.1083461025264,7.543783187866211,train
tb0542.png,/kaggle/input/notebooks/abdelazizomarrr/tuberculosis-detection-lesion-localization/tbx_yolo/images/train/tb0542.png,/kaggle/input/notebooks/abdelazizomarrr/tuberculosis-detection-lesion-localization/tbx_yolo/labels/train/tb0542.txt,497,12877681063135179184,1,0.017645559978000002,0.017645559978000002,1 lesion,Q1,512,512,130.49564743041992,77.71035356884487,214.7193991066306,7.529912948608398,train
tb0051.png,/kaggle/input/notebooks/abdelazizomarrr/tuberculosis-detection-lesion-localization/tbx_yolo/images/train/tb0051.png,/kaggle/input/notebooks/abdelazizomarrr/tuberculosis-detection-lesion-localization/tbx_yolo/labels/train/tb0051.txt,498,17335924603198025968,2,0.05636705603850001,0.05685366069,2 lesions,Q3,512,512,105.91296005249023,66.26420133024676,86.05386936891591,7.233199119567871,test
tb0317.png,/kaggle/input/notebooks/abdelazizomarrr/tuberculosis-detection-lesion-localization/tbx_yolo/images/train/tb0317.png,/kaggle/input/notebooks/abdelazizomarrr/tuberculosis-detection-lesion-localization/tbx_yolo/labels/train/tb0317.txt,499,17300317604160852210,1,0.029506643334,0.029506643334,1 lesion,Q1,512,512,152.52367401123047,66.86826466175631,192.48884417487716,7.557259559631348,val
tb0760.png,/kaggle/input/notebooks/abdelazizomarrr/tuberculosis-detection-lesion-localization/tbx_yolo/images/train/tb0760.png,/kaggle/input/notebooks/abdelazizomarrr/tuberculosis-detection-lesion-localization/tbx_yolo/labels/train/tb0760.txt,500,7202563829789938928,1,0.02054163412,0.02054163412,1 lesion,Q1,512,512,140.87999725341797,69.75493976106156,119.98080950876465,7.389378547668457,train
tb0391.png,/kaggle/input/notebooks/abdelazizomarrr/tuberculosis-detection-lesion-localization/tbx_yolo/images/train/tb0391.png,/kaggle/input/notebooks/abdelazizomarrr/tuberculosis-detection-lesion-localization/tbx_yolo/labels/train/tb0391.txt,501,17308199451137996904,1,0.05119454996600001,0.05119454996600001,1 lesion,Q2,512,512,167.58837509155273,49.01278810090035,396.047256646154,7.374558448791504,train
tb0395.png,/kaggle/input/notebooks/abdelazizomarrr/tuberculosis-detection-lesion-localization/tbx_yolo/images/train/tb0395.png,/kaggle/input/notebooks/abdelazizomarrr/tuberculosis-detection-lesion-localization/tbx_yolo/labels/train/tb0395.txt,502,17482009011904182376,3,0.04679596082066667,0.051415451972,3+ lesions,Q2,512,512,101.21949768066406,66.6272761860654,93.88106751719897,7.3471879959106445,train
tb1010.png,/kaggle/input/notebooks/abdelazizomarrr/tuberculosis-detection-lesion-localization/tbx_yolo/images/train/tb1010.png,/kaggle/input/notebooks/abdelazizomarrr/tuberculosis-detection-lesion-localization/tbx_yolo/labels/train/tb1010.txt,503,8091026499612831968,1,0.04189518466,0.04189518466,1 lesion,Q2,512,512,139.31889724731445,75.15277043708137,231.30281537771225,7.525136947631836,train
tb0376.png,/kaggle/input/notebooks/abdelazizomarrr/tuberculosis-detection-lesion-localization/tbx_yolo/images/train/tb0376.png,/kaggle/input/notebooks/abdelazizomarrr/tuberculosis-detection-lesion-localization/tbx_yolo/labels/train/tb0376.txt,32,17308374137126318320,2,0.044904368106,0.04881175,2 lesions,Q2,512,512,132.88240814208984,72.99897987785309,54.832256011184654,7.006209373474121,test
tb0192.png,/kaggle/input/notebooks/abdelazizomarrr/tuberculosis-detection-lesion-localization/tbx_yolo/images/train/tb0192.png,/kaggle/input/notebooks/abdelazizomarrr/tuberculosis-detection-lesion-localization/tbx_yolo/labels/train/tb0192.txt,504,8229820560242307796,2,0.053003469504,0.066879902024,2 lesions,Q3,512,512,135.27731704711914,74.2481556385926,204.95785140618682,7.595709800720215,train
tb0027.png,/kaggle/input/notebooks/abdelazizomarrr/tuberculosis-detection-lesion-localization/tbx_yolo/images/train/tb0027.png,/kaggle/input/notebooks/abdelazizomarrr/tuberculosis-detection-lesion-localization/tbx_yolo/labels/train/tb0027.txt,505,3508897414791739560,1,0.024013200068000003,0.024013200068000003,1 lesion,Q1,512,512,152.01790237426758,71.6494674828981,174.32143595715752,7.349888801574707,train
tb0301.png,/kaggle/input/notebooks/abdelazizomarrr/tuberculosis-detection-lesion-localization/tbx_yolo/images/train/tb0301.png,/kaggle/input/notebooks/abdelazizomarrr/tuberculosis-detection-lesion-localization/tbx_yolo/labels/train/tb0301.txt,506,4079025083735274096,2,0.085247703758,0.08914275126599999,2 lesions,Q4,512,512,123.064208984375,70.5261698973503,89.00424508539436,7.113946914672852,val
tb0893.png,/kaggle/input/notebooks/abdelazizomarrr/tuberculosis-detection-lesion-localization/tbx_yolo/images/train/tb0893.png,/kaggle/input/notebooks/abdelazizomarrr/tuberculosis-detection-lesion-localization/tbx_yolo/labels/train/tb0893.txt,507,3526488463219683936,1,0.06925933290200001,0.06925933290200001,1 lesion,Q3,512,512,95.40036010742188,71.59169362135141,80.90179970917234,6.792425155639648,train
tb0329.png,/kaggle/input/notebooks/abdelazizomarrr/tuberculosis-detection-lesion-localization/tbx_yolo/images/val/tb0329.png,/kaggle/input/notebooks/abdelazizomarrr/tuberculosis-detection-lesion-localization/tbx_yolo/labels/val/tb0329.txt,508,16191204497606887889,1,0.04707886398200001,0.04707886398200001,1 lesion,Q2,512,512,120.10649108886719,58.666562090234564,493.09338306878635,7.363601207733154,test
tb0733.png,/kaggle/input/notebooks/abdelazizomarrr/tuberculosis-detection-lesion-localization/tbx_yolo/images/val/tb0733.png,/kaggle/input/notebooks/abdelazizomarrr/tuberculosis-detection-lesion-localization/tbx_yolo/labels/val/tb0733.txt,509,17947569315269100244,1,0.038863626910000004,0.038863626910000004,1 lesion,Q2,512,512,144.85809326171875,72.93652492337122,263.8410159610212,7.590490341186523,train
tb0544.png,/kaggle/input/notebooks/abdelazizomarrr/tuberculosis-detection-lesion-localization/tbx_yolo/images/val/tb0544.png,/kaggle/input/notebooks/abdelazizomarrr/tuberculosis-detection-lesion-localization/tbx_yolo/labels/val/tb0544.txt,510,17894827939362599124,1,0.08048974609899999,0.08048974609899999,1 lesion,Q4,512,512,144.44686889648438,70.56306872183411,252.22530424501747,7.64025354385376,train
tb1124.png,/kaggle/input/notebooks/abdelazizomarrr/tuberculosis-detection-lesion-localization/tbx_yolo/images/val/tb1124.png,/kaggle/input/notebooks/abdelazizomarrr/tuberculosis-detection-lesion-localization/tbx_yolo/labels/val/tb1124.txt,511,18001611973400260848,1,0.031831283244,0.031831283244,1 lesion,Q1,512,512,134.93611526489258,80.70917953418127,188.99524688138627,7.430569171905518,train
tb1024.png,/kaggle/input/notebooks/abdelazizomarrr/tuberculosis-detection-lesion-localization/tbx_yolo/images/val/tb1024.png,/kaggle/input/notebooks/abdelazizomarrr/tuberculosis-detection-lesion-localization/tbx_yolo/labels/val/tb1024.txt,65,17339622393948205296,2,0.063276571743,0.076768231848,2 lesions,Q3,512,512,140.46058654785156,71.84168615854405,263.0226498506963,7.728085517883301,train
tb0951.png,/kaggle/input/notebooks/abdelazizomarrr/tuberculosis-detection-lesion-localization/tbx_yolo/images/val/tb0951.png,/kaggle/input/notebooks/abdelazizomarrr/tuberculosis-detection-lesion-localization/tbx_yolo/labels/val/tb0951.txt,512,8707348911455662308,2,0.07151853346050001,0.125380236345,2 lesions,Q3,512,512,132.39836502075195,75.36504044253358,219.72572449872678,7.472067356109619,train
tb0024.png,/kaggle/input/notebooks/abdelazizomarrr/tuberculosis-detection-lesion-localization/tbx_yolo/images/val/tb0024.png,/kaggle/input/notebooks/abdelazizomarrr/tuberculosis-detection-lesion-localization/tbx_yolo/labels/val/tb0024.txt,513,11687740649132683472,1,0.02413473374,0.02413473374,1 lesion,Q1,512,512,142.95702362060547,71.38864459152309,237.32254658819875,7.634307384490967,val
tb0463.png,/kaggle/input/notebooks/abdelazizomarrr/tuberculosis-detection-lesion-localization/tbx_yolo/images/val/tb0463.png,/kaggle/input/notebooks/abdelazizomarrr/tuberculosis-detection-lesion-localization/tbx_yolo/labels/val/tb0463.txt,432,8076140724819783920,1,0.028627702704000002,0.028627702704000002,1 lesion,Q1,512,512,126.5337142944336,67.60414921912891,88.29898612292891,7.214618682861328,val
tb0241.png,/kaggle/input/notebooks/abdelazizomarrr/tuberculosis-detection-lesion-localization/tbx_yolo/images/val/tb0241.png,/kaggle/input/notebooks/abdelazizomarrr/tuberculosis-detection-lesion-localization/tbx_yolo/labels/val/tb0241.txt,514,17299332854054998224,1,0.012266676864,0.012266676864,1 lesion,Q1,512,512,133.66377639770508,69.31959260989005,230.36396986780164,7.680955410003662,val
tb0465.png,/kaggle/input/notebooks/abdelazizomarrr/tuberculosis-detection-lesion-localization/tbx_yolo/images/val/tb0465.png,/kaggle/input/notebooks/abdelazizomarrr/tuberculosis-detection-lesion-localization/tbx_yolo/labels/val/tb0465.txt,515,8111610972197417208,1,0.043805343749999996,0.043805343749999996,1 lesion,Q2,512,512,137.6279640197754,64.3762382742874,67.98850289493566,7.124013900756836,val
tb0402.png,/kaggle/input/notebooks/abdelazizomarrr/tuberculosis-detection-lesion-localization/tbx_yolo/images/val/tb0402.png,/kaggle/input/notebooks/abdelazizomarrr/tuberculosis-detection-lesion-localization/tbx_yolo/labels/val/tb0402.txt,516,8098935800968966352,1,0.092681642214,0.092681642214,1 lesion,Q4,512,512,141.4173469543457,70.87647740020684,204.09629883278103,7.55617094039917,train
tb0124.png,/kaggle/input/notebooks/abdelazizomarrr/tuberculosis-detection-lesion-localization/tbx_yolo/images/val/tb0124.png,/kaggle/input/notebooks/abdelazizomarrr/tuberculosis-detection-lesion-localization/tbx_yolo/labels/val/tb0124.txt,517,11571637188377637064,1,0.036677158167000005,0.036677158167000005,1 lesion,Q2,512,512,146.73032760620117,60.44577045677197,142.5251152975834,7.501979827880859,test
tb0644.png,/kaggle/input/notebooks/abdelazizomarrr/tuberculosis-detection-lesion-localization/tbx_yolo/images/val/tb0644.png,/kaggle/input/notebooks/abdelazizomarrr/tuberculosis-detection-lesion-localization/tbx_yolo/labels/val/tb0644.txt,518,6936729458666828001,1,0.02481125192,0.02481125192,1 lesion,Q1,512,512,126.79993057250977,68.09910116285158,94.32868792173394,7.581687927246094,train
tb0019.png,/kaggle/input/notebooks/abdelazizomarrr/tuberculosis-detection-lesion-localization/tbx_yolo/images/val/tb0019.png,/kaggle/input/notebooks/abdelazizomarrr/tuberculosis-detection-lesion-localization/tbx_yolo/labels/val/tb0019.txt,65,8112731387310698736,1,0.04843456267,0.04843456267,1 lesion,Q2,512,512,132.42156982421875,80.87729825406787,288.67060555465287,7.35076379776001,train
tb0456.png,/kaggle/input/notebooks/abdelazizomarrr/tuberculosis-detection-lesion-localization/tbx_yolo/images/val/tb0456.png,/kaggle/input/notebooks/abdelazizomarrr/tuberculosis-detection-lesion-localization/tbx_yolo/labels/val/tb0456.txt,519,17336063824032362737,1,0.082639824966,0.082639824966,1 lesion,Q4,512,512,136.6056137084961,69.80287271995648,124.0971750869503,7.40201473236084,train
tb0345.png,/kaggle/input/notebooks/abdelazizomarrr/tuberculosis-detection-lesion-localization/tbx_yolo/images/val/tb0345.png,/kaggle/input/notebooks/abdelazizomarrr/tuberculosis-detection-lesion-localization/tbx_yolo/labels/val/tb0345.txt,520,8103302525113921760,1,0.080194893168,0.080194893168,1 lesion,Q4,512,512,85.35850524902344,67.30107921388853,112.74814561787935,6.858302116394043,val
tb0004.png,/kaggle/input/notebooks/abdelazizomarrr/tuberculosis-detection-lesion-localization/tbx_yolo/images/val/tb0004.png,/kaggle/input/notebooks/abdelazizomarrr/tuberculosis-detection-lesion-localization/tbx_yolo/labels/val/tb0004.txt,521,8130851733549216480,2,0.038969443492,0.04215913812,2 lesions,Q2,512,512,133.42682266235352,69.79527738927825,204.28506647743052,7.512483596801758,train
tb0455.png,/kaggle/input/notebooks/abdelazizomarrr/tuberculosis-detection-lesion-localization/tbx_yolo/images/val/tb0455.png,/kaggle/input/notebooks/abdelazizomarrr/tuberculosis-detection-lesion-localization/tbx_yolo/labels/val/tb0455.txt,279,17326673993107951824,2,0.027281795735,0.032939242262,2 lesions,Q1,512,512,132.6791534423828,58.86181727062983,49.66570307867369,7.425446510314941,train
tb1012.png,/kaggle/input/notebooks/abdelazizomarrr/tuberculosis-detection-lesion-localization/tbx_yolo/images/val/tb1012.png,/kaggle/input/notebooks/abdelazizomarrr/tuberculosis-detection-lesion-localization/tbx_yolo/labels/val/tb1012.txt,522,10437316006160494832,1,0.046787220225,0.046787220225,1 lesion,Q2,512,512,105.89944076538086,58.74073478713282,316.18501726827526,7.382762432098389,val
tb0196.png,/kaggle/input/notebooks/abdelazizomarrr/tuberculosis-detection-lesion-localization/tbx_yolo/images/val/tb0196.png,/kaggle/input/notebooks/abdelazizomarrr/tuberculosis-detection-lesion-localization/tbx_yolo/labels/val/tb0196.txt,65,3509873742875652336,2,0.086979924703,0.09155036475,2 lesions,Q4,512,512,94.28607177734375,67.78949312547782,102.21365936752409,7.025688648223877,train
tb0563.png,/kaggle/input/notebooks/abdelazizomarrr/tuberculosis-detection-lesion-localization/tbx_yolo/images/val/tb0563.png,/kaggle/input/notebooks/abdelazizomarrr/tuberculosis-detection-lesion-localization/tbx_yolo/labels/val/tb0563.txt,523,8111989611555779696,2,0.0200719224675,0.02597838264,2 lesions,Q1,512,512,127.91410446166992,82.8592774654674,179.2273718641227,7.216634750366211,train
tb0995.png,/kaggle/input/notebooks/abdelazizomarrr/tuberculosis-detection-lesion-localization/tbx_yolo/images/val/tb0995.png,/kaggle/input/notebooks/abdelazizomarrr/tuberculosis-detection-lesion-localization/tbx_yolo/labels/val/tb0995.txt,524,12724523499449872881,2,0.036355538772,0.038083911894000004,2 lesions,Q2,512,512,120.28500747680664,67.13841193803049,104.37618105480215,7.472390651702881,train
tb1188.png,/kaggle/input/notebooks/abdelazizomarrr/tuberculosis-detection-lesion-localization/tbx_yolo/images/val/tb1188.png,/kaggle/input/notebooks/abdelazizomarrr/tuberculosis-detection-lesion-localization/tbx_yolo/labels/val/tb1188.txt,525,8119315697403228276,2,0.0432115251965,0.049154062928,2 lesions,Q2,512,512,121.89689254760742,61.29673809031111,60.73766791504749,7.125054359436035,train
tb0638.png,/kaggle/input/notebooks/abdelazizomarrr/tuberculosis-detection-lesion-localization/tbx_yolo/images/val/tb0638.png,/kaggle/input/notebooks/abdelazizomarrr/tuberculosis-detection-lesion-localization/tbx_yolo/labels/val/tb0638.txt,526,8082162098758202612,1,0.014343848414999999,0.014343848414999999,1 lesion,Q1,512,512,155.34430313110352,65.73769374404085,180.2780729921069,7.379988670349121,train
tb0934.png,/kaggle/input/notebooks/abdelazizomarrr/tuberculosis-detection-lesion-localization/tbx_yolo/images/val/tb0934.png,/kaggle/input/notebooks/abdelazizomarrr/tuberculosis-detection-lesion-localization/tbx_yolo/labels/val/tb0934.txt,527,14156702808624124112,4,0.045343183674000004,0.046046102959999995,3+ lesions,Q2,512,512,113.26026153564453,55.91920226125908,464.97210747835913,7.328116416931152,val
tb0668.png,/kaggle/input/notebooks/abdelazizomarrr/tuberculosis-detection-lesion-localization/tbx_yolo/images/val/tb0668.png,/kaggle/input/notebooks/abdelazizomarrr/tuberculosis-detection-lesion-localization/tbx_yolo/labels/val/tb0668.txt,528,8121175893204066528,2,0.025661055052,0.048030852848,2 lesions,Q1,512,512,133.02110290527344,68.9864481805859,61.64762878132751,6.9069695472717285,train
tb0606.png,/kaggle/input/notebooks/abdelazizomarrr/tuberculosis-detection-lesion-localization/tbx_yolo/images/val/tb0606.png,/kaggle/input/notebooks/abdelazizomarrr/tuberculosis-detection-lesion-localization/tbx_yolo/labels/val/tb0606.txt,529,17335254581855318740,1,0.03251798963,0.03251798963,1 lesion,Q1,512,512,137.39995956420898,72.8157450186709,200.34994319803081,7.628237247467041,val
tb0201.png,/kaggle/input/notebooks/abdelazizomarrr/tuberculosis-detection-lesion-localization/tbx_yolo/images/val/tb0201.png,/kaggle/input/notebooks/abdelazizomarrr/tuberculosis-detection-lesion-localization/tbx_yolo/labels/val/tb0201.txt,530,3596918917357039816,2,0.0607632115845,0.06501101275599999,2 lesions,Q3,512,512,110.66152954101562,64.39612880566364,194.98368350736564,7.385265827178955,test
tb0147.png,/kaggle/input/notebooks/abdelazizomarrr/tuberculosis-detection-lesion-localization/tbx_yolo/images/val/tb0147.png,/kaggle/input/notebooks/abdelazizomarrr/tuberculosis-detection-lesion-localization/tbx_yolo/labels/val/tb0147.txt,531,4084998734682837738,2,0.1377843320845,0.1968164433,2 lesions,Q4,512,512,127.49518203735352,80.81209781637901,296.8788755107089,7.288778305053711,train
tb0029.png,/kaggle/input/notebooks/abdelazizomarrr/tuberculosis-detection-lesion-localization/tbx_yolo/images/val/tb0029.png,/kaggle/input/notebooks/abdelazizomarrr/tuberculosis-detection-lesion-localization/tbx_yolo/labels/val/tb0029.txt,532,12814173134071592146,2,0.0278446043895,0.030309048045,2 lesions,Q1,512,512,136.49399185180664,77.67138987365664,226.88675381965004,7.617377281188965,train
tb1031.png,/kaggle/input/notebooks/abdelazizomarrr/tuberculosis-detection-lesion-localization/tbx_yolo/images/val/tb1031.png,/kaggle/input/notebooks/abdelazizomarrr/tuberculosis-detection-lesion-localization/tbx_yolo/labels/val/tb1031.txt,533,3488772057606512880,2,0.082281330165,0.111514851294,2 lesions,Q4,512,512,130.56378936767578,67.47268585596142,89.42580397467827,7.009030818939209,train
tb0564.png,/kaggle/input/notebooks/abdelazizomarrr/tuberculosis-detection-lesion-localization/tbx_yolo/images/val/tb0564.png,/kaggle/input/notebooks/abdelazizomarrr/tuberculosis-detection-lesion-localization/tbx_yolo/labels/val/tb0564.txt,534,3591218929859621104,1,0.043213770102,0.043213770102,1 lesion,Q2,512,512,102.02502822875977,60.322910142998204,458.53010223706946,7.301236152648926,train
tb0206.png,/kaggle/input/notebooks/abdelazizomarrr/tuberculosis-detection-lesion-localization/tbx_yolo/images/val/tb0206.png,/kaggle/input/notebooks/abdelazizomarrr/tuberculosis-detection-lesion-localization/tbx_yolo/labels/val/tb0206.txt,535,1699988680559883480,1,0.019348130347,0.019348130347,1 lesion,Q1,512,512,143.52182388305664,74.51524993541172,199.13531576060632,7.569825172424316,train
tb1059.png,/kaggle/input/notebooks/abdelazizomarrr/tuberculosis-detection-lesion-localization/tbx_yolo/images/val/tb1059.png,/kaggle/input/notebooks/abdelazizomarrr/tuberculosis-detection-lesion-localization/tbx_yolo/labels/val/tb1059.txt,536,16299146287783178720,1,0.06166756590499999,0.06166756590499999,1 lesion,Q3,512,512,148.62985229492188,63.99993574103112,213.98613035306334,7.588024139404297,train
tb0749.png,/kaggle/input/notebooks/abdelazizomarrr/tuberculosis-detection-lesion-localization/tbx_yolo/images/val/tb0749.png,/kaggle/input/notebooks/abdelazizomarrr/tuberculosis-detection-lesion-localization/tbx_yolo/labels/val/tb0749.txt,65,3517895784025683184,1,0.03537181075,0.03537181075,1 lesion,Q2,512,512,134.54705429077148,74.94821784145387,242.07459939963883,7.540623664855957,train
tb0473.png,/kaggle/input/notebooks/abdelazizomarrr/tuberculosis-detection-lesion-localization/tbx_yolo/images/val/tb0473.png,/kaggle/input/notebooks/abdelazizomarrr/tuberculosis-detection-lesion-localization/tbx_yolo/labels/val/tb0473.txt,537,17299336287910678760,1,0.012214191223,0.012214191223,1 lesion,Q1,512,512,156.05635452270508,69.59474991899985,186.3373507127253,7.482926845550537,train
tb0842.png,/kaggle/input/notebooks/abdelazizomarrr/tuberculosis-detection-lesion-localization/tbx_yolo/images/val/tb0842.png,/kaggle/input/notebooks/abdelazizomarrr/tuberculosis-detection-lesion-localization/tbx_yolo/labels/val/tb0842.txt,538,17389720011321626840,2,0.05469809240699999,0.07180844638799999,2 lesions,Q3,512,512,155.6886100769043,69.13530453112186,216.48214211848972,7.492061138153076,val
tb0348.png,/kaggle/input/notebooks/abdelazizomarrr/tuberculosis-detection-lesion-localization/tbx_yolo/images/val/tb0348.png,/kaggle/input/notebooks/abdelazizomarrr/tuberculosis-detection-lesion-localization/tbx_yolo/labels/val/tb0348.txt,539,3526674319322757612,2,0.155394327015,0.16977636939,2 lesions,Q4,512,512,133.08447265625,74.6210778370215,190.1041716299951,7.545654296875,val
tb0575.png,/kaggle/input/notebooks/abdelazizomarrr/tuberculosis-detection-lesion-localization/tbx_yolo/images/val/tb0575.png,/kaggle/input/notebooks/abdelazizomarrr/tuberculosis-detection-lesion-localization/tbx_yolo/labels/val/tb0575.txt,540,3716485176188007668,1,0.05064490457,0.05064490457,1 lesion,Q2,512,512,101.8838005065918,63.18032380953722,82.44608283042908,7.583796977996826,train
tb0647.png,/kaggle/input/notebooks/abdelazizomarrr/tuberculosis-detection-lesion-localization/tbx_yolo/images/val/tb0647.png,/kaggle/input/notebooks/abdelazizomarrr/tuberculosis-detection-lesion-localization/tbx_yolo/labels/val/tb0647.txt,541,4607343168477851888,2,0.19729467736,0.231973289154,2 lesions,Q4,512,512,145.8892364501953,53.03775334742309,38.838653326034546,7.0864105224609375,train
tb0634.png,/kaggle/input/notebooks/abdelazizomarrr/tuberculosis-detection-lesion-localization/tbx_yolo/images/val/tb0634.png,/kaggle/input/notebooks/abdelazizomarrr/tuberculosis-detection-lesion-localization/tbx_yolo/labels/val/tb0634.txt,65,8094818693622722800,2,0.020334995801000004,0.02108020035,2 lesions,Q1,512,512,129.91277694702148,79.79250527097496,226.5423201173544,7.400367736816406,train
tb1068.png,/kaggle/input/notebooks/abdelazizomarrr/tuberculosis-detection-lesion-localization/tbx_yolo/images/val/tb1068.png,/kaggle/input/notebooks/abdelazizomarrr/tuberculosis-detection-lesion-localization/tbx_yolo/labels/val/tb1068.txt,65,17335677208793247984,2,0.1636544950475,0.16904468971699999,2 lesions,Q4,512,512,126.82575225830078,76.42206155474828,235.25347068341216,7.5223188400268555,train
tb1019.png,/kaggle/input/notebooks/abdelazizomarrr/tuberculosis-detection-lesion-localization/tbx_yolo/images/val/tb1019.png,/kaggle/input/notebooks/abdelazizomarrr/tuberculosis-detection-lesion-localization/tbx_yolo/labels/val/tb1019.txt,542,17479761627253371121,1,0.069153187424,0.069153187424,1 lesion,Q3,512,512,128.7050666809082,70.78851650855916,94.63131707138382,7.477476596832275,train
tb0503.png,/kaggle/input/notebooks/abdelazizomarrr/tuberculosis-detection-lesion-localization/tbx_yolo/images/val/tb0503.png,/kaggle/input/notebooks/abdelazizomarrr/tuberculosis-detection-lesion-localization/tbx_yolo/labels/val/tb0503.txt,543,17300181816643351752,1,0.05709403068200001,0.05709403068200001,1 lesion,Q3,512,512,135.70135498046875,74.38367478704036,262.13900190754794,7.62164306640625,train
tb0832.png,/kaggle/input/notebooks/abdelazizomarrr/tuberculosis-detection-lesion-localization/tbx_yolo/images/val/tb0832.png,/kaggle/input/notebooks/abdelazizomarrr/tuberculosis-detection-lesion-localization/tbx_yolo/labels/val/tb0832.txt,181,8166595890737443568,2,0.078518864863,0.09111078807999999,2 lesions,Q4,512,512,140.0225830078125,62.827807522535856,585.9822519139852,7.419416427612305,train
tb0191.png,/kaggle/input/notebooks/abdelazizomarrr/tuberculosis-detection-lesion-localization/tbx_yolo/images/val/tb0191.png,/kaggle/input/notebooks/abdelazizomarrr/tuberculosis-detection-lesion-localization/tbx_yolo/labels/val/tb0191.txt,544,17337657467335926896,1,0.046630211500000004,0.046630211500000004,1 lesion,Q2,512,512,137.34947204589844,78.3610461446431,266.6364475457085,7.451630592346191,train
tb0162.png,/kaggle/input/notebooks/abdelazizomarrr/tuberculosis-detection-lesion-localization/tbx_yolo/images/val/tb0162.png,/kaggle/input/notebooks/abdelazizomarrr/tuberculosis-detection-lesion-localization/tbx_yolo/labels/val/tb0162.txt,545,17444609266038198472,1,0.065668534722,0.065668534722,1 lesion,Q3,512,512,146.16565322875977,71.96092312108162,189.50118465161358,7.569851875305176,train
tb0927.png,/kaggle/input/notebooks/abdelazizomarrr/tuberculosis-detection-lesion-localization/tbx_yolo/images/val/tb0927.png,/kaggle/input/notebooks/abdelazizomarrr/tuberculosis-detection-lesion-localization/tbx_yolo/labels/val/tb0927.txt,546,13021791716280107008,1,0.009204630023000001,0.009204630023000001,1 lesion,Q1,512,512,85.96921157836914,91.44337742795398,245.34810638427734,5.346019744873047,train
tb1154.png,/kaggle/input/notebooks/abdelazizomarrr/tuberculosis-detection-lesion-localization/tbx_yolo/images/val/tb1154.png,/kaggle/input/notebooks/abdelazizomarrr/tuberculosis-detection-lesion-localization/tbx_yolo/labels/val/tb1154.txt,547,8175214431936106712,1,0.019993828432,0.019993828432,1 lesion,Q1,512,512,141.4921531677246,60.25629135331628,91.94105016368849,7.379276275634766,train
tb0033.png,/kaggle/input/notebooks/abdelazizomarrr/tuberculosis-detection-lesion-localization/tbx_yolo/images/val/tb0033.png,/kaggle/input/notebooks/abdelazizomarrr/tuberculosis-detection-lesion-localization/tbx_yolo/labels/val/tb0033.txt,548,17325504527208723188,2,0.067036738336,0.076330316216,2 lesions,Q3,512,512,112.06234359741211,79.29412446446251,244.14117728591373,7.537912368774414,train
tb1052.png,/kaggle/input/notebooks/abdelazizomarrr/tuberculosis-detection-lesion-localization/tbx_yolo/images/val/tb1052.png,/kaggle/input/notebooks/abdelazizomarrr/tuberculosis-detection-lesion-localization/tbx_yolo/labels/val/tb1052.txt,549,15318592479791474928,1,0.005083630956000001,0.005083630956000001,1 lesion,Q1,512,512,134.07110977172852,75.94550878274978,546.3114699204307,7.51448392868042,train
tb0846.png,/kaggle/input/notebooks/abdelazizomarrr/tuberculosis-detection-lesion-localization/tbx_yolo/images/val/tb0846.png,/kaggle/input/notebooks/abdelazizomarrr/tuberculosis-detection-lesion-localization/tbx_yolo/labels/val/tb0846.txt,65,8112274385608569056,1,0.023471929456,0.023471929456,1 lesion,Q1,512,512,109.11492156982422,70.78979537270364,92.24342998558132,7.2881927490234375,train
tb0135.png,/kaggle/input/notebooks/abdelazizomarrr/tuberculosis-detection-lesion-localization/tbx_yolo/images/val/tb0135.png,/kaggle/input/notebooks/abdelazizomarrr/tuberculosis-detection-lesion-localization/tbx_yolo/labels/val/tb0135.txt,103,8094431100722598098,3,0.033923298365,0.048201811739999996,3+ lesions,Q1,512,512,151.62853240966797,70.78236579548398,211.2387889339443,7.544334888458252,train
tb0695.png,/kaggle/input/notebooks/abdelazizomarrr/tuberculosis-detection-lesion-localization/tbx_yolo/images/val/tb0695.png,/kaggle/input/notebooks/abdelazizomarrr/tuberculosis-detection-lesion-localization/tbx_yolo/labels/val/tb0695.txt,550,17336222704233144544,2,0.08266504834300001,0.097774474356,2 lesions,Q4,512,512,127.308837890625,73.95266535817828,62.746294557102374,6.802496910095215,train
tb1080.png,/kaggle/input/notebooks/abdelazizomarrr/tuberculosis-detection-lesion-localization/tbx_yolo/images/val/tb1080.png,/kaggle/input/notebooks/abdelazizomarrr/tuberculosis-detection-lesion-localization/tbx_yolo/labels/val/tb1080.txt,551,17353384877480797426,1,0.028640056060000002,0.028640056060000002,1 lesion,Q1,512,512,133.80451583862305,78.03472732328507,189.67183998500695,7.426259517669678,test
tb0555.png,/kaggle/input/notebooks/abdelazizomarrr/tuberculosis-detection-lesion-localization/tbx_yolo/images/val/tb0555.png,/kaggle/input/notebooks/abdelazizomarrr/tuberculosis-detection-lesion-localization/tbx_yolo/labels/val/tb0555.txt,552,17309078510688721624,1,0.038784422016,0.038784422016,1 lesion,Q2,512,512,150.19485473632812,73.36307073369038,206.3525309318211,7.492531776428223,test
tb0239.png,/kaggle/input/notebooks/abdelazizomarrr/tuberculosis-detection-lesion-localization/tbx_yolo/images/val/tb0239.png,/kaggle/input/notebooks/abdelazizomarrr/tuberculosis-detection-lesion-localization/tbx_yolo/labels/val/tb0239.txt,553,12728499342691922144,1,0.068598853601,0.068598853601,1 lesion,Q3,512,512,115.29263687133789,67.31733061329068,63.36118034050742,7.500567436218262,test
tb0743.png,/kaggle/input/notebooks/abdelazizomarrr/tuberculosis-detection-lesion-localization/tbx_yolo/images/val/tb0743.png,/kaggle/input/notebooks/abdelazizomarrr/tuberculosis-detection-lesion-localization/tbx_yolo/labels/val/tb0743.txt,554,3554631717865321184,2,0.099902081448,0.10361903759999999,2 lesions,Q4,512,512,106.86941146850586,64.74451722494993,166.61890909295468,7.462502479553223,train
tb0870.png,/kaggle/input/notebooks/abdelazizomarrr/tuberculosis-detection-lesion-localization/tbx_yolo/images/val/tb0870.png,/kaggle/input/notebooks/abdelazizomarrr/tuberculosis-detection-lesion-localization/tbx_yolo/labels/val/tb0870.txt,555,17313864135065334962,2,0.1098968728925,0.12878491742700002,2 lesions,Q4,512,512,151.55204010009766,71.90292336297223,234.52263591013616,7.5608930587768555,train
tb1133.png,/kaggle/input/notebooks/abdelazizomarrr/tuberculosis-detection-lesion-localization/tbx_yolo/images/val/tb1133.png,/kaggle/input/notebooks/abdelazizomarrr/tuberculosis-detection-lesion-localization/tbx_yolo/labels/val/tb1133.txt,556,8094828464793301488,2,0.09283974326300001,0.11608255875000001,2 lesions,Q4,512,512,147.450439453125,70.09006771487057,177.39625563692243,7.5103864669799805,train
tb1067.png,/kaggle/input/notebooks/abdelazizomarrr/tuberculosis-detection-lesion-localization/tbx_yolo/images/val/tb1067.png,/kaggle/input/notebooks/abdelazizomarrr/tuberculosis-detection-lesion-localization/tbx_yolo/labels/val/tb1067.txt,557,3491321717540428016,2,0.0479117672555,0.051241582545999996,2 lesions,Q2,512,512,84.421142578125,66.07513473962835,89.93980125778762,6.968388557434082,test
tb0521.png,/kaggle/input/notebooks/abdelazizomarrr/tuberculosis-detection-lesion-localization/tbx_yolo/images/val/tb0521.png,/kaggle/input/notebooks/abdelazizomarrr/tuberculosis-detection-lesion-localization/tbx_yolo/labels/val/tb0521.txt,65,8111707175051653328,2,0.1107091355005,0.126441839,2 lesions,Q4,512,512,135.68341827392578,67.39204626730952,376.50255123757233,7.360389709472656,train
tb0145.png,/kaggle/input/notebooks/abdelazizomarrr/tuberculosis-detection-lesion-localization/tbx_yolo/images/val/tb0145.png,/kaggle/input/notebooks/abdelazizomarrr/tuberculosis-detection-lesion-localization/tbx_yolo/labels/val/tb0145.txt,558,12723674944397013104,1,0.047475380763,0.047475380763,1 lesion,Q2,512,512,95.95626068115234,69.96589038002269,83.04064765200019,6.911520957946777,train
tb0553.png,/kaggle/input/notebooks/abdelazizomarrr/tuberculosis-detection-lesion-localization/tbx_yolo/images/val/tb0553.png,/kaggle/input/notebooks/abdelazizomarrr/tuberculosis-detection-lesion-localization/tbx_yolo/labels/val/tb0553.txt,559,3665254557809228272,1,0.080979160098,0.080979160098,1 lesion,Q4,512,512,125.75014114379883,76.90482739139377,260.40523642218614,7.450483798980713,train
tb0498.png,/kaggle/input/notebooks/abdelazizomarrr/tuberculosis-detection-lesion-localization/tbx_yolo/images/val/tb0498.png,/kaggle/input/notebooks/abdelazizomarrr/tuberculosis-detection-lesion-localization/tbx_yolo/labels/val/tb0498.txt,560,17334974210664157588,1,0.073377699359,0.073377699359,1 lesion,Q3,512,512,152.7405662536621,65.50001150729086,196.91304919030517,7.613559246063232,val
tb0849.png,/kaggle/input/notebooks/abdelazizomarrr/tuberculosis-detection-lesion-localization/tbx_yolo/images/val/tb0849.png,/kaggle/input/notebooks/abdelazizomarrr/tuberculosis-detection-lesion-localization/tbx_yolo/labels/val/tb0849.txt,561,8084677781498753252,2,0.0628582501625,0.08207089793,2 lesions,Q3,512,512,130.22387313842773,72.12443641580249,222.14432511752238,7.689992427825928,train
tb0494.png,/kaggle/input/notebooks/abdelazizomarrr/tuberculosis-detection-lesion-localization/tbx_yolo/images/val/tb0494.png,/kaggle/input/notebooks/abdelazizomarrr/tuberculosis-detection-lesion-localization/tbx_yolo/labels/val/tb0494.txt,562,8283305223161835728,1,0.015195686946,0.015195686946,1 lesion,Q1,512,512,131.2808380126953,78.34066864285154,648.1607800449563,7.593496799468994,train
tb0404.png,/kaggle/input/notebooks/abdelazizomarrr/tuberculosis-detection-lesion-localization/tbx_yolo/images/val/tb0404.png,/kaggle/input/notebooks/abdelazizomarrr/tuberculosis-detection-lesion-localization/tbx_yolo/labels/val/tb0404.txt,563,17480610467456086260,2,0.058193623648500004,0.060808716310000004,2 lesions,Q3,512,512,121.44731903076172,65.29453089466638,84.22752879787004,7.598753452301025,train
tb0863.png,/kaggle/input/notebooks/abdelazizomarrr/tuberculosis-detection-lesion-localization/tbx_yolo/images/val/tb0863.png,/kaggle/input/notebooks/abdelazizomarrr/tuberculosis-detection-lesion-localization/tbx_yolo/labels/val/tb0863.txt,564,3508466372298002656,1,0.089790448011,0.089790448011,1 lesion,Q4,512,512,130.88734817504883,65.82077250508527,87.19004758236406,7.057576656341553,train
tb0393.png,/kaggle/input/notebooks/abdelazizomarrr/tuberculosis-detection-lesion-localization/tbx_yolo/images/val/tb0393.png,/kaggle/input/notebooks/abdelazizomarrr/tuberculosis-detection-lesion-localization/tbx_yolo/labels/val/tb0393.txt,565,10634611404129300704,2,0.183960304744,0.25810368866399996,2 lesions,Q4,512,512,137.84062576293945,53.61602695694838,80.27351278705464,7.333951473236084,train
tb0286.png,/kaggle/input/notebooks/abdelazizomarrr/tuberculosis-detection-lesion-localization/tbx_yolo/images/val/tb0286.png,/kaggle/input/notebooks/abdelazizomarrr/tuberculosis-detection-lesion-localization/tbx_yolo/labels/val/tb0286.txt,566,8079206704519180528,2,0.046647226498999994,0.049415467648,2 lesions,Q2,512,512,143.97511672973633,57.4639481243624,82.4038123885257,7.196445465087891,test
tb1021.png,/kaggle/input/notebooks/abdelazizomarrr/tuberculosis-detection-lesion-localization/tbx_yolo/images/val/tb1021.png,/kaggle/input/notebooks/abdelazizomarrr/tuberculosis-detection-lesion-localization/tbx_yolo/labels/val/tb1021.txt,567,3635586559525450420,2,0.024775545572,0.037928985623999996,2 lesions,Q1,512,512,125.69229888916016,67.79929988277357,47.96836872305721,7.303598403930664,train
tb0619.png,/kaggle/input/notebooks/abdelazizomarrr/tuberculosis-detection-lesion-localization/tbx_yolo/images/val/tb0619.png,/kaggle/input/notebooks/abdelazizomarrr/tuberculosis-detection-lesion-localization/tbx_yolo/labels/val/tb0619.txt,65,8111708137137107184,2,0.037199809594500005,0.061168701055000003,2 lesions,Q2,512,512,129.09041595458984,75.62365819730071,245.48936874872015,7.625445365905762,train
tb0266.png,/kaggle/input/notebooks/abdelazizomarrr/tuberculosis-detection-lesion-localization/tbx_yolo/images/val/tb0266.png,/kaggle/input/notebooks/abdelazizomarrr/tuberculosis-detection-lesion-localization/tbx_yolo/labels/val/tb0266.txt,568,8202940251873931456,1,0.053849399802,0.053849399802,1 lesion,Q3,512,512,107.55232620239258,63.86690737949493,448.12874583801016,7.412757873535156,train
tb0408.png,/kaggle/input/notebooks/abdelazizomarrr/tuberculosis-detection-lesion-localization/tbx_yolo/images/val/tb0408.png,/kaggle/input/notebooks/abdelazizomarrr/tuberculosis-detection-lesion-localization/tbx_yolo/labels/val/tb0408.txt,569,17300352784229789936,1,0.02992814766,0.02992814766,1 lesion,Q1,512,512,145.96862030029297,60.19914859760848,70.98140615131706,7.103774070739746,train
tb0965.png,/kaggle/input/notebooks/abdelazizomarrr/tuberculosis-detection-lesion-localization/tbx_yolo/images/val/tb0965.png,/kaggle/input/notebooks/abdelazizomarrr/tuberculosis-detection-lesion-localization/tbx_yolo/labels/val/tb0965.txt,570,17310214321224601840,3,0.05844184197866667,0.12141655917600001,3+ lesions,Q3,512,512,125.68466186523438,62.69321571188383,55.02740633575013,7.216983795166016,train
tb0485.png,/kaggle/input/notebooks/abdelazizomarrr/tuberculosis-detection-lesion-localization/tbx_yolo/images/val/tb0485.png,/kaggle/input/notebooks/abdelazizomarrr/tuberculosis-detection-lesion-localization/tbx_yolo/labels/val/tb0485.txt,571,1790984950732320880,1,0.048313078009,0.048313078009,1 lesion,Q2,512,512,115.73256301879883,73.74150175614385,71.78544618724845,6.80795955657959,val
tb0884.png,/kaggle/input/notebooks/abdelazizomarrr/tuberculosis-detection-lesion-localization/tbx_yolo/images/val/tb0884.png,/kaggle/input/notebooks/abdelazizomarrr/tuberculosis-detection-lesion-localization/tbx_yolo/labels/val/tb0884.txt,572,4078743496549855480,2,0.059837737941,0.06520596228,2 lesions,Q3,512,512,135.62090682983398,67.72198407791329,71.51948462426662,7.1360321044921875,train
tb0659.png,/kaggle/input/notebooks/abdelazizomarrr/tuberculosis-detection-lesion-localization/tbx_yolo/images/val/tb0659.png,/kaggle/input/notebooks/abdelazizomarrr/tuberculosis-detection-lesion-localization/tbx_yolo/labels/val/tb0659.txt,573,3473035847055569008,1,0.077940484375,0.077940484375,1 lesion,Q4,512,512,129.24647903442383,63.01868613460788,72.16958125038946,7.189368724822998,train
tb1167.png,/kaggle/input/notebooks/abdelazizomarrr/tuberculosis-detection-lesion-localization/tbx_yolo/images/val/tb1167.png,/kaggle/input/notebooks/abdelazizomarrr/tuberculosis-detection-lesion-localization/tbx_yolo/labels/val/tb1167.txt,574,8328479182391734512,1,0.059494827866,0.059494827866,1 lesion,Q3,512,512,113.0666389465332,68.69294471117364,394.49814411786787,7.463224411010742,train
tb1132.png,/kaggle/input/notebooks/abdelazizomarrr/tuberculosis-detection-lesion-localization/tbx_yolo/images/val/tb1132.png,/kaggle/input/notebooks/abdelazizomarrr/tuberculosis-detection-lesion-localization/tbx_yolo/labels/val/tb1132.txt,575,3613635633373305049,1,0.09273344499,0.09273344499,1 lesion,Q4,512,512,157.1020622253418,65.77116936070746,215.29434095323086,7.532289028167725,val
tb0725.png,/kaggle/input/notebooks/abdelazizomarrr/tuberculosis-detection-lesion-localization/tbx_yolo/images/val/tb0725.png,/kaggle/input/notebooks/abdelazizomarrr/tuberculosis-detection-lesion-localization/tbx_yolo/labels/val/tb0725.txt,65,17489327499143868656,2,0.061602754647000005,0.067230455634,2 lesions,Q3,512,512,147.33544921875,71.6437124454387,187.39276208750377,7.663597106933594,train
tb0264.png,/kaggle/input/notebooks/abdelazizomarrr/tuberculosis-detection-lesion-localization/tbx_yolo/images/val/tb0264.png,/kaggle/input/notebooks/abdelazizomarrr/tuberculosis-detection-lesion-localization/tbx_yolo/labels/val/tb0264.txt,122,3482746183425847536,2,0.0884232797175,0.105508810953,2 lesions,Q4,512,512,116.38106918334961,65.93070941960339,93.49296651557961,7.36318302154541,train
tb0754.png,/kaggle/input/notebooks/abdelazizomarrr/tuberculosis-detection-lesion-localization/tbx_yolo/images/val/tb0754.png,/kaggle/input/notebooks/abdelazizomarrr/tuberculosis-detection-lesion-localization/tbx_yolo/labels/val/tb0754.txt,65,17480355484257153264,2,0.06677548788599999,0.069521442384,2 lesions,Q3,512,512,130.82537460327148,66.41518250967415,99.21676283887064,7.691366672515869,train
tb0566.png,/kaggle/input/notebooks/abdelazizomarrr/tuberculosis-detection-lesion-localization/tbx_yolo/images/val/tb0566.png,/kaggle/input/notebooks/abdelazizomarrr/tuberculosis-detection-lesion-localization/tbx_yolo/labels/val/tb0566.txt,576,8302023309117149649,1,0.09191871876099998,0.09191871876099998,1 lesion,Q4,512,512,131.86557388305664,70.48327059349509,117.91723358718446,7.542354106903076,train
tb1085.png,/kaggle/input/notebooks/abdelazizomarrr/tuberculosis-detection-lesion-localization/tbx_yolo/images/val/tb1085.png,/kaggle/input/notebooks/abdelazizomarrr/tuberculosis-detection-lesion-localization/tbx_yolo/labels/val/tb1085.txt,577,17335083627636387952,1,0.039654065056,0.039654065056,1 lesion,Q2,512,512,134.99784469604492,75.13983662274165,666.4825669940182,7.576252460479736,train
tb0469.png,/kaggle/input/notebooks/abdelazizomarrr/tuberculosis-detection-lesion-localization/tbx_yolo/images/val/tb0469.png,/kaggle/input/notebooks/abdelazizomarrr/tuberculosis-detection-lesion-localization/tbx_yolo/labels/val/tb0469.txt,578,13067495805977679056,2,0.04562062081150001,0.061859399210000006,2 lesions,Q2,512,512,155.45753860473633,59.41287062472444,282.5666012205038,7.584591865539551,train
tb0691.png,/kaggle/input/notebooks/abdelazizomarrr/tuberculosis-detection-lesion-localization/tbx_yolo/images/val/tb0691.png,/kaggle/input/notebooks/abdelazizomarrr/tuberculosis-detection-lesion-localization/tbx_yolo/labels/val/tb0691.txt,579,8139608382114017520,1,0.076796911752,0.076796911752,1 lesion,Q3,512,512,129.41646575927734,66.44950793401128,80.37827250896953,7.587907791137695,train
tb1160.png,/kaggle/input/notebooks/abdelazizomarrr/tuberculosis-detection-lesion-localization/tbx_yolo/images/val/tb1160.png,/kaggle/input/notebooks/abdelazizomarrr/tuberculosis-detection-lesion-localization/tbx_yolo/labels/val/tb1160.txt,580,7544253622001264240,1,0.00204717315,0.00204717315,1 lesion,Q1,512,512,142.47147750854492,76.70319369995076,218.0057750865235,7.493702411651611,train
tb0234.png,/kaggle/input/notebooks/abdelazizomarrr/tuberculosis-detection-lesion-localization/tbx_yolo/images/val/tb0234.png,/kaggle/input/notebooks/abdelazizomarrr/tuberculosis-detection-lesion-localization/tbx_yolo/labels/val/tb0234.txt,581,17497490411981140080,2,0.0462167756275,0.050201055125000005,2 lesions,Q2,512,512,103.75492477416992,69.08301730719535,107.50480099440028,7.35108757019043,train
tb1148.png,/kaggle/input/notebooks/abdelazizomarrr/tuberculosis-detection-lesion-localization/tbx_yolo/images/val/tb1148.png,/kaggle/input/notebooks/abdelazizomarrr/tuberculosis-detection-lesion-localization/tbx_yolo/labels/val/tb1148.txt,582,12705800459857879782,1,0.033702728647,0.033702728647,1 lesion,Q1,512,512,150.28246307373047,77.19513377974432,178.8267179147806,7.448009490966797,train
tb0569.png,/kaggle/input/notebooks/abdelazizomarrr/tuberculosis-detection-lesion-localization/tbx_yolo/images/val/tb0569.png,/kaggle/input/notebooks/abdelazizomarrr/tuberculosis-detection-lesion-localization/tbx_yolo/labels/val/tb0569.txt,583,8147877830541226164,2,0.164128791946,0.205692765672,2 lesions,Q4,512,512,130.99878311157227,66.83747037767596,66.28631562260853,7.379146575927734,train
tb0514.png,/kaggle/input/notebooks/abdelazizomarrr/tuberculosis-detection-lesion-localization/tbx_yolo/images/val/tb0514.png,/kaggle/input/notebooks/abdelazizomarrr/tuberculosis-detection-lesion-localization/tbx_yolo/labels/val/tb0514.txt,584,17300357114386117360,1,0.03627957816,0.03627957816,1 lesion,Q2,512,512,138.44781112670898,73.35839515505245,248.64711653528502,7.587438106536865,train
tb1042.png,/kaggle/input/notebooks/abdelazizomarrr/tuberculosis-detection-lesion-localization/tbx_yolo/images/val/tb1042.png,/kaggle/input/notebooks/abdelazizomarrr/tuberculosis-detection-lesion-localization/tbx_yolo/labels/val/tb1042.txt,585,12741486620426166480,1,0.01481734651,0.01481734651,1 lesion,Q1,512,512,126.38990020751953,90.1500853928949,227.979554295016,7.12007999420166,train
tb0507.png,/kaggle/input/notebooks/abdelazizomarrr/tuberculosis-detection-lesion-localization/tbx_yolo/images/val/tb0507.png,/kaggle/input/notebooks/abdelazizomarrr/tuberculosis-detection-lesion-localization/tbx_yolo/labels/val/tb0507.txt,586,17317803133321267920,1,0.010859341692,0.010859341692,1 lesion,Q1,512,512,159.0688591003418,63.95330215602932,143.77252299127576,7.474478244781494,train
tb0256.png,/kaggle/input/notebooks/abdelazizomarrr/tuberculosis-detection-lesion-localization/tbx_yolo/images/val/tb0256.png,/kaggle/input/notebooks/abdelazizomarrr/tuberculosis-detection-lesion-localization/tbx_yolo/labels/val/tb0256.txt,587,8148900904627786480,2,0.07661443328,0.08431686766400001,2 lesions,Q3,512,512,134.31549835205078,61.97847079885688,54.700759999395814,7.434662818908691,train
tb1136.png,/kaggle/input/notebooks/abdelazizomarrr/tuberculosis-detection-lesion-localization/tbx_yolo/images/val/tb1136.png,/kaggle/input/notebooks/abdelazizomarrr/tuberculosis-detection-lesion-localization/tbx_yolo/labels/val/tb1136.txt,588,8112868259330058480,2,0.043243257441,0.0471332,2 lesions,Q2,512,512,123.74347305297852,75.35583577209236,66.57252418622375,6.7136430740356445,test
tb0356.png,/kaggle/input/notebooks/abdelazizomarrr/tuberculosis-detection-lesion-localization/tbx_yolo/images/val/tb0356.png,/kaggle/input/notebooks/abdelazizomarrr/tuberculosis-detection-lesion-localization/tbx_yolo/labels/val/tb0356.txt,589,17462204195472069812,3,0.049281865181333324,0.070794475596,3+ lesions,Q2,512,512,129.38042068481445,76.43505090758359,255.7360831277765,7.562759876251221,train
tb0365.png,/kaggle/input/notebooks/abdelazizomarrr/tuberculosis-detection-lesion-localization/tbx_yolo/images/val/tb0365.png,/kaggle/input/notebooks/abdelazizomarrr/tuberculosis-detection-lesion-localization/tbx_yolo/labels/val/tb0365.txt,65,8111707174512816368,2,0.042070547098,0.0496860167,2 lesions,Q2,512,512,143.04590225219727,75.72255359772566,198.10904795651732,7.430685997009277,train
tb0781.png,/kaggle/input/notebooks/abdelazizomarrr/tuberculosis-detection-lesion-localization/tbx_yolo/images/val/tb0781.png,/kaggle/input/notebooks/abdelazizomarrr/tuberculosis-detection-lesion-localization/tbx_yolo/labels/val/tb0781.txt,590,17300494077966545136,1,0.06298503757200001,0.06298503757200001,1 lesion,Q3,512,512,148.63055801391602,72.12867068073854,200.5206829904928,7.579832077026367,train
tb0155.png,/kaggle/input/notebooks/abdelazizomarrr/tuberculosis-detection-lesion-localization/tbx_yolo/images/val/tb0155.png,/kaggle/input/notebooks/abdelazizomarrr/tuberculosis-detection-lesion-localization/tbx_yolo/labels/val/tb0155.txt,591,8094396468274722020,1,0.061518524646,0.061518524646,1 lesion,Q3,512,512,138.34934997558594,73.76129918660018,201.75127376975433,7.523921012878418,train
tb1090.png,/kaggle/input/notebooks/abdelazizomarrr/tuberculosis-detection-lesion-localization/tbx_yolo/images/val/tb1090.png,/kaggle/input/notebooks/abdelazizomarrr/tuberculosis-detection-lesion-localization/tbx_yolo/labels/val/tb1090.txt,592,17336103956170207472,2,0.07842406573249999,0.090605275,2 lesions,Q4,512,512,132.98442459106445,71.65176933658462,55.13019943119434,6.977397441864014,train
tb1113.png,/kaggle/input/notebooks/abdelazizomarrr/tuberculosis-detection-lesion-localization/tbx_yolo/images/val/tb1113.png,/kaggle/input/notebooks/abdelazizomarrr/tuberculosis-detection-lesion-localization/tbx_yolo/labels/val/tb1113.txt,65,17407422541524431088,1,0.033556148136,0.033556148136,1 lesion,Q1,512,512,132.28509902954102,73.15068903365356,560.8401896131691,7.728096008300781,train
tb0500.png,/kaggle/input/notebooks/abdelazizomarrr/tuberculosis-detection-lesion-localization/tbx_yolo/images/val/tb0500.png,/kaggle/input/notebooks/abdelazizomarrr/tuberculosis-detection-lesion-localization/tbx_yolo/labels/val/tb0500.txt,65,3518036656809701616,2,0.0722542410105,0.082652636532,2 lesions,Q3,512,512,138.23884201049805,65.35466054228866,63.30821746349102,7.1339006423950195,train
tb0585.png,/kaggle/input/notebooks/abdelazizomarrr/tuberculosis-detection-lesion-localization/tbx_yolo/images/val/tb0585.png,/kaggle/input/notebooks/abdelazizomarrr/tuberculosis-detection-lesion-localization/tbx_yolo/labels/val/tb0585.txt,593,8111882036162183408,1,0.040724297908,0.040724297908,1 lesion,Q2,512,512,146.34576797485352,68.3415948485607,180.03813284053467,7.5204620361328125,train
tb1030.png,/kaggle/input/notebooks/abdelazizomarrr/tuberculosis-detection-lesion-localization/tbx_yolo/images/val/tb1030.png,/kaggle/input/notebooks/abdelazizomarrr/tuberculosis-detection-lesion-localization/tbx_yolo/labels/val/tb1030.txt,594,8094406256084248676,2,0.023388660332999998,0.034177017899999995,2 lesions,Q1,512,512,126.42145919799805,79.71158449332296,257.4532939832279,7.462897300720215,train
tb0287.png,/kaggle/input/notebooks/abdelazizomarrr/tuberculosis-detection-lesion-localization/tbx_yolo/images/val/tb0287.png,/kaggle/input/notebooks/abdelazizomarrr/tuberculosis-detection-lesion-localization/tbx_yolo/labels/val/tb0287.txt,595,1302582302678774008,1,0.09714321425200001,0.09714321425200001,1 lesion,Q4,512,512,146.97471618652344,61.56456284276903,68.47448816563701,7.0970048904418945,train
tb1028.png,/kaggle/input/notebooks/abdelazizomarrr/tuberculosis-detection-lesion-localization/tbx_yolo/images/val/tb1028.png,/kaggle/input/notebooks/abdelazizomarrr/tuberculosis-detection-lesion-localization/tbx_yolo/labels/val/tb1028.txt,30,12705981344517379284,1,0.021762922959999997,0.021762922959999997,1 lesion,Q1,512,512,128.03081130981445,83.67059848669032,242.25856934854528,7.369388103485107,val
tb0274.png,/kaggle/input/notebooks/abdelazizomarrr/tuberculosis-detection-lesion-localization/tbx_yolo/images/val/tb0274.png,/kaggle/input/notebooks/abdelazizomarrr/tuberculosis-detection-lesion-localization/tbx_yolo/labels/val/tb0274.txt,596,5808407234362265840,2,0.0306786258385,0.031450423655,2 lesions,Q1,512,512,116.72327423095703,70.20424537969996,78.2789079251088,7.531973838806152,train
tb1157.png,/kaggle/input/notebooks/abdelazizomarrr/tuberculosis-detection-lesion-localization/tbx_yolo/images/val/tb1157.png,/kaggle/input/notebooks/abdelazizomarrr/tuberculosis-detection-lesion-localization/tbx_yolo/labels/val/tb1157.txt,65,17335360686883270896,1,0.012530784824999999,0.012530784824999999,1 lesion,Q1,512,512,136.6894187927246,73.18676039219828,475.2307333039208,7.658474922180176,train
tb0474.png,/kaggle/input/notebooks/abdelazizomarrr/tuberculosis-detection-lesion-localization/tbx_yolo/images/val/tb0474.png,/kaggle/input/notebooks/abdelazizomarrr/tuberculosis-detection-lesion-localization/tbx_yolo/labels/val/tb0474.txt,597,17355355301015319284,1,0.013976933256,0.013976933256,1 lesion,Q1,512,512,131.71699905395508,72.6442107173148,249.20695456466638,7.642862796783447,val
tb0006.png,/kaggle/input/notebooks/abdelazizomarrr/tuberculosis-detection-lesion-localization/tbx_yolo/images/val/tb0006.png,/kaggle/input/notebooks/abdelazizomarrr/tuberculosis-detection-lesion-localization/tbx_yolo/labels/val/tb0006.txt,598,8094995702095139824,2,0.169476776481,0.19334766568200001,2 lesions,Q4,512,512,99.26150894165039,68.13129897865227,148.54210173658794,7.576858043670654,val
tb0208.png,/kaggle/input/notebooks/abdelazizomarrr/tuberculosis-detection-lesion-localization/tbx_yolo/images/val/tb0208.png,/kaggle/input/notebooks/abdelazizomarrr/tuberculosis-detection-lesion-localization/tbx_yolo/labels/val/tb0208.txt,599,17480320162987044976,2,0.055484349019499994,0.07593184907699999,2 lesions,Q3,512,512,119.98848342895508,66.75542082849482,62.37333098471572,7.255821228027344,train
tb1065.png,/kaggle/input/notebooks/abdelazizomarrr/tuberculosis-detection-lesion-localization/tbx_yolo/images/val/tb1065.png,/kaggle/input/notebooks/abdelazizomarrr/tuberculosis-detection-lesion-localization/tbx_yolo/labels/val/tb1065.txt,600,17336486449351152840,1,0.037671897578,0.037671897578,1 lesion,Q2,512,512,143.44540405273438,76.46276040382071,101.64783503905346,7.486244201660156,train
tb0680.png,/kaggle/input/notebooks/abdelazizomarrr/tuberculosis-detection-lesion-localization/tbx_yolo/images/val/tb0680.png,/kaggle/input/notebooks/abdelazizomarrr/tuberculosis-detection-lesion-localization/tbx_yolo/labels/val/tb0680.txt,601,16593009468469474528,2,0.07087750481999999,0.081513246432,2 lesions,Q3,512,512,144.33415985107422,56.35170317821398,105.13901586538123,7.452967643737793,test
tb1192.png,/kaggle/input/notebooks/abdelazizomarrr/tuberculosis-detection-lesion-localization/tbx_yolo/images/val/tb1192.png,/kaggle/input/notebooks/abdelazizomarrr/tuberculosis-detection-lesion-localization/tbx_yolo/labels/val/tb1192.txt,602,17481761789144330480,2,0.0633624681905,0.065018461212,2 lesions,Q3,512,512,140.62397384643555,62.91769958310331,71.4528056265408,7.158502101898193,train
tb1161.png,/kaggle/input/notebooks/abdelazizomarrr/tuberculosis-detection-lesion-localization/tbx_yolo/images/val/tb1161.png,/kaggle/input/notebooks/abdelazizomarrr/tuberculosis-detection-lesion-localization/tbx_yolo/labels/val/tb1161.txt,65,17408548441435598960,2,0.070807297325,0.07545618032800001,2 lesions,Q3,512,512,108.32346725463867,63.32826518927528,263.85664389975136,7.272837162017822,train
tb0980.png,/kaggle/input/notebooks/abdelazizomarrr/tuberculosis-detection-lesion-localization/tbx_yolo/images/val/tb0980.png,/kaggle/input/notebooks/abdelazizomarrr/tuberculosis-detection-lesion-localization/tbx_yolo/labels/val/tb0980.txt,603,8076531624943612152,2,0.057457688935500004,0.069513665823,2 lesions,Q3,512,512,137.97257232666016,64.26150305211642,75.64740370794607,7.163051605224609,train
tb0577.png,/kaggle/input/notebooks/abdelazizomarrr/tuberculosis-detection-lesion-localization/tbx_yolo/images/val/tb0577.png,/kaggle/input/notebooks/abdelazizomarrr/tuberculosis-detection-lesion-localization/tbx_yolo/labels/val/tb0577.txt,604,8121452970160214256,2,0.08438233155649999,0.100356261576,2 lesions,Q4,512,512,130.96842575073242,69.45601128254059,78.35594936250709,6.987578868865967,val
tb0792.png,/kaggle/input/notebooks/abdelazizomarrr/tuberculosis-detection-lesion-localization/tbx_yolo/images/val/tb0792.png,/kaggle/input/notebooks/abdelazizomarrr/tuberculosis-detection-lesion-localization/tbx_yolo/labels/val/tb0792.txt,463,17343980308289089777,1,0.074279569825,0.074279569825,1 lesion,Q3,512,512,132.04873657226562,69.21070698229573,62.71919110318413,7.070448875427246,val
tb0297.png,/kaggle/input/notebooks/abdelazizomarrr/tuberculosis-detection-lesion-localization/tbx_yolo/images/val/tb0297.png,/kaggle/input/notebooks/abdelazizomarrr/tuberculosis-detection-lesion-localization/tbx_yolo/labels/val/tb0297.txt,65,17317632178576879856,2,0.039752159765,0.05066293653,2 lesions,Q2,512,512,119.25472259521484,62.62353834181524,87.86097412038362,7.424319267272949,train
tb0134.png,/kaggle/input/notebooks/abdelazizomarrr/tuberculosis-detection-lesion-localization/tbx_yolo/images/val/tb0134.png,/kaggle/input/notebooks/abdelazizomarrr/tuberculosis-detection-lesion-localization/tbx_yolo/labels/val/tb0134.txt,605,17317804789015310564,2,0.0385916402735,0.054772733449,2 lesions,Q2,512,512,140.9214630126953,62.925971272338046,91.31990831135772,7.355352878570557,val
tb0751.png,/kaggle/input/notebooks/abdelazizomarrr/tuberculosis-detection-lesion-localization/tbx_yolo/images/val/tb0751.png,/kaggle/input/notebooks/abdelazizomarrr/tuberculosis-detection-lesion-localization/tbx_yolo/labels/val/tb0751.txt,606,10561669632410183920,2,0.035078256190000004,0.05123169585,2 lesions,Q2,512,512,123.70952224731445,66.36291175410078,51.30616222321987,7.366753578186035,train
tb0762.png,/kaggle/input/notebooks/abdelazizomarrr/tuberculosis-detection-lesion-localization/tbx_yolo/images/val/tb0762.png,/kaggle/input/notebooks/abdelazizomarrr/tuberculosis-detection-lesion-localization/tbx_yolo/labels/val/tb0762.txt,607,6932348462028735204,1,0.10571776573399999,0.10571776573399999,1 lesion,Q4,512,512,141.16964721679688,71.8744803354859,188.6197915216908,7.5662431716918945,train
tb0397.png,/kaggle/input/notebooks/abdelazizomarrr/tuberculosis-detection-lesion-localization/tbx_yolo/images/val/tb0397.png,/kaggle/input/notebooks/abdelazizomarrr/tuberculosis-detection-lesion-localization/tbx_yolo/labels/val/tb0397.txt,608,12876972844482082032,1,0.034527503799,0.034527503799,1 lesion,Q2,512,512,145.89518356323242,70.62195765489959,177.762280678362,7.533149719238281,train
tb0326.png,/kaggle/input/notebooks/abdelazizomarrr/tuberculosis-detection-lesion-localization/tbx_yolo/images/val/tb0326.png,/kaggle/input/notebooks/abdelazizomarrr/tuberculosis-detection-lesion-localization/tbx_yolo/labels/val/tb0326.txt,255,3519165853087101144,1,0.031578912074,0.031578912074,1 lesion,Q1,512,512,109.97454833984375,72.48686294411299,80.7006450980989,7.024979114532471,train
tb0009.png,/kaggle/input/notebooks/abdelazizomarrr/tuberculosis-detection-lesion-localization/tbx_yolo/images/val/tb0009.png,/kaggle/input/notebooks/abdelazizomarrr/tuberculosis-detection-lesion-localization/tbx_yolo/labels/val/tb0009.txt,65,12850059132022092016,1,0.045605682315,0.045605682315,1 lesion,Q2,512,512,114.3818244934082,71.0088027827225,346.1342044479534,7.306368827819824,train
tb1177.png,/kaggle/input/notebooks/abdelazizomarrr/tuberculosis-detection-lesion-localization/tbx_yolo/images/val/tb1177.png,/kaggle/input/notebooks/abdelazizomarrr/tuberculosis-detection-lesion-localization/tbx_yolo/labels/val/tb1177.txt,609,12805901649279512808,1,0.014980028382000002,0.014980028382000002,1 lesion,Q1,512,512,145.82881546020508,71.39305720336763,225.6559993519768,7.53327751159668,train
tb1120.png,/kaggle/input/notebooks/abdelazizomarrr/tuberculosis-detection-lesion-localization/tbx_yolo/images/val/tb1120.png,/kaggle/input/notebooks/abdelazizomarrr/tuberculosis-detection-lesion-localization/tbx_yolo/labels/val/tb1120.txt,610,3490488390798991584,1,0.043798398318,0.043798398318,1 lesion,Q2,512,512,108.40850448608398,74.67698975943262,68.7325306202838,7.007526397705078,val
tb0252.png,/kaggle/input/notebooks/abdelazizomarrr/tuberculosis-detection-lesion-localization/tbx_yolo/images/val/tb0252.png,/kaggle/input/notebooks/abdelazizomarrr/tuberculosis-detection-lesion-localization/tbx_yolo/labels/val/tb0252.txt,611,3509872643902863584,1,0.05128230738399999,0.05128230738399999,1 lesion,Q2,512,512,94.78575897216797,68.01980700077097,95.36627965793014,7.023313522338867,test
tb0860.png,/kaggle/input/notebooks/abdelazizomarrr/tuberculosis-detection-lesion-localization/tbx_yolo/images/val/tb0860.png,/kaggle/input/notebooks/abdelazizomarrr/tuberculosis-detection-lesion-localization/tbx_yolo/labels/val/tb0860.txt,612,8157767381426557632,1,0.0366435034,0.0366435034,1 lesion,Q2,512,512,136.64551544189453,63.68148769845208,96.77379216230474,7.436993598937988,val
tb0859.png,/kaggle/input/notebooks/abdelazizomarrr/tuberculosis-detection-lesion-localization/tbx_yolo/images/val/tb0859.png,/kaggle/input/notebooks/abdelazizomarrr/tuberculosis-detection-lesion-localization/tbx_yolo/labels/val/tb0859.txt,613,17300493525490983156,2,0.047071812346,0.061834686913999994,2 lesions,Q2,512,512,164.2760467529297,63.583228112846356,190.91143038496375,7.376935958862305,train
tb0467.png,/kaggle/input/notebooks/abdelazizomarrr/tuberculosis-detection-lesion-localization/tbx_yolo/images/val/tb0467.png,/kaggle/input/notebooks/abdelazizomarrr/tuberculosis-detection-lesion-localization/tbx_yolo/labels/val/tb0467.txt,65,8256948263030157553,1,0.03969666792,0.03969666792,1 lesion,Q2,512,512,134.49676513671875,74.07342616759448,677.1278282569255,7.646919250488281,train
tb0635.png,/kaggle/input/notebooks/abdelazizomarrr/tuberculosis-detection-lesion-localization/tbx_yolo/images/val/tb0635.png,/kaggle/input/notebooks/abdelazizomarrr/tuberculosis-detection-lesion-localization/tbx_yolo/labels/val/tb0635.txt,65,17335370449339740400,1,0.013088989914,0.013088989914,1 lesion,Q1,512,512,142.31118774414062,68.5319210925511,401.56482339602366,7.7247161865234375,train
tb0912.png,/kaggle/input/notebooks/abdelazizomarrr/tuberculosis-detection-lesion-localization/tbx_yolo/images/val/tb0912.png,/kaggle/input/notebooks/abdelazizomarrr/tuberculosis-detection-lesion-localization/tbx_yolo/labels/val/tb0912.txt,614,16157009124999094434,2,0.080720969037,0.09826165790000001,2 lesions,Q4,512,512,157.07866287231445,67.13639348102556,164.49309072823962,7.453155040740967,train
tb1011.png,/kaggle/input/notebooks/abdelazizomarrr/tuberculosis-detection-lesion-localization/tbx_yolo/images/val/tb1011.png,/kaggle/input/notebooks/abdelazizomarrr/tuberculosis-detection-lesion-localization/tbx_yolo/labels/val/tb1011.txt,615,8094679042763123432,2,0.11718005604750001,0.142194935781,2 lesions,Q4,512,512,135.3616828918457,76.38511829836186,245.0776831627445,7.570843696594238,train
tb0472.png,/kaggle/input/notebooks/abdelazizomarrr/tuberculosis-detection-lesion-localization/tbx_yolo/images/val/tb0472.png,/kaggle/input/notebooks/abdelazizomarrr/tuberculosis-detection-lesion-localization/tbx_yolo/labels/val/tb0472.txt,616,17341553135834034420,2,0.078617567881,0.08045771485799999,2 lesions,Q4,512,512,129.1772804260254,68.0132315678333,93.16603953199228,7.4583563804626465,test
tb0987.png,/kaggle/input/notebooks/abdelazizomarrr/tuberculosis-detection-lesion-localization/tbx_yolo/images/val/tb0987.png,/kaggle/input/notebooks/abdelazizomarrr/tuberculosis-detection-lesion-localization/tbx_yolo/labels/val/tb0987.txt,617,8166915869544345808,2,0.050970431779,0.05856514480800001,2 lesions,Q2,512,512,106.18891143798828,62.23651261053853,521.3998140687472,7.144654273986816,test
tb0938.png,/kaggle/input/notebooks/abdelazizomarrr/tuberculosis-detection-lesion-localization/tbx_yolo/images/val/tb0938.png,/kaggle/input/notebooks/abdelazizomarrr/tuberculosis-detection-lesion-localization/tbx_yolo/labels/val/tb0938.txt,618,16759609119036469488,1,0.060004131604,0.060004131604,1 lesion,Q3,512,512,139.78182220458984,61.88173142746034,97.05520020931726,7.453429698944092,train
tb0610.png,/kaggle/input/notebooks/abdelazizomarrr/tuberculosis-detection-lesion-localization/tbx_yolo/images/val/tb0610.png,/kaggle/input/notebooks/abdelazizomarrr/tuberculosis-detection-lesion-localization/tbx_yolo/labels/val/tb0610.txt,619,8094995152358271216,2,0.06586472485400001,0.087198001344,2 lesions,Q3,512,512,141.10977172851562,77.63847303464004,258.87120034928375,7.446138381958008,train
tb0108.png,/kaggle/input/notebooks/abdelazizomarrr/tuberculosis-detection-lesion-localization/tbx_yolo/images/val/tb0108.png,/kaggle/input/notebooks/abdelazizomarrr/tuberculosis-detection-lesion-localization/tbx_yolo/labels/val/tb0108.txt,620,17407419380412039912,2,0.06392122831399999,0.097436248536,2 lesions,Q3,512,512,155.618408203125,71.97425680381355,217.76767983274476,7.475803852081299,train
tb0917.png,/kaggle/input/notebooks/abdelazizomarrr/tuberculosis-detection-lesion-localization/tbx_yolo/images/val/tb0917.png,/kaggle/input/notebooks/abdelazizomarrr/tuberculosis-detection-lesion-localization/tbx_yolo/labels/val/tb0917.txt,621,17345106210349831364,2,0.10032441150999999,0.10101072553599999,2 lesions,Q4,512,512,173.70183944702148,58.03089458409798,410.5405994675675,7.253244876861572,test
tb0343.png,/kaggle/input/notebooks/abdelazizomarrr/tuberculosis-detection-lesion-localization/tbx_yolo/images/val/tb0343.png,/kaggle/input/notebooks/abdelazizomarrr/tuberculosis-detection-lesion-localization/tbx_yolo/labels/val/tb0343.txt,622,3579432284390994160,2,0.099569421036,0.115109021704,2 lesions,Q4,512,512,91.30310821533203,67.13935524161953,102.98019504999684,7.277665138244629,train
tb0950.png,/kaggle/input/notebooks/abdelazizomarrr/tuberculosis-detection-lesion-localization/tbx_yolo/images/val/tb0950.png,/kaggle/input/notebooks/abdelazizomarrr/tuberculosis-detection-lesion-localization/tbx_yolo/labels/val/tb0950.txt,623,12845875490276434152,2,0.044289341995500005,0.07204023666,2 lesions,Q2,512,512,139.39054489135742,82.51459539150406,310.4358586571034,7.403203964233398,train
tb0446.png,/kaggle/input/notebooks/abdelazizomarrr/tuberculosis-detection-lesion-localization/tbx_yolo/images/val/tb0446.png,/kaggle/input/notebooks/abdelazizomarrr/tuberculosis-detection-lesion-localization/tbx_yolo/labels/val/tb0446.txt,624,8132264607556365552,2,0.11079476475399999,0.125171751383,2 lesions,Q4,512,512,139.08322143554688,67.75371162526666,56.20712650216592,7.030691623687744,train
tb0960.png,/kaggle/input/notebooks/abdelazizomarrr/tuberculosis-detection-lesion-localization/tbx_yolo/images/val/tb0960.png,/kaggle/input/notebooks/abdelazizomarrr/tuberculosis-detection-lesion-localization/tbx_yolo/labels/val/tb0960.txt,625,17477234139445360744,1,0.07950206269200001,0.07950206269200001,1 lesion,Q4,512,512,131.76235961914062,65.77406978478139,126.06418930715881,7.580929279327393,val
tb0090.png,/kaggle/input/notebooks/abdelazizomarrr/tuberculosis-detection-lesion-localization/tbx_yolo/images/val/tb0090.png,/kaggle/input/notebooks/abdelazizomarrr/tuberculosis-detection-lesion-localization/tbx_yolo/labels/val/tb0090.txt,626,8662554803979739376,1,0.068670113277,0.068670113277,1 lesion,Q3,512,512,136.5728874206543,78.12979285444882,207.89639610970335,7.38426399230957,train
tb0898.png,/kaggle/input/notebooks/abdelazizomarrr/tuberculosis-detection-lesion-localization/tbx_yolo/images/val/tb0898.png,/kaggle/input/notebooks/abdelazizomarrr/tuberculosis-detection-lesion-localization/tbx_yolo/labels/val/tb0898.txt,627,12831762163296302320,1,0.025213013678,0.025213013678,1 lesion,Q1,512,512,157.80353927612305,70.45090368803358,196.80983005171583,7.405587196350098,test
tb0413.png,/kaggle/input/notebooks/abdelazizomarrr/tuberculosis-detection-lesion-localization/tbx_yolo/images/val/tb0413.png,/kaggle/input/notebooks/abdelazizomarrr/tuberculosis-detection-lesion-localization/tbx_yolo/labels/val/tb0413.txt,628,17309081824247600338,2,0.0471442967185,0.056255662957,2 lesions,Q2,512,512,135.27756118774414,62.05453717860898,58.0802233278373,7.441494464874268,train
tb0905.png,/kaggle/input/notebooks/abdelazizomarrr/tuberculosis-detection-lesion-localization/tbx_yolo/images/val/tb0905.png,/kaggle/input/notebooks/abdelazizomarrr/tuberculosis-detection-lesion-localization/tbx_yolo/labels/val/tb0905.txt,629,8084438756229198161,1,0.061232528705999996,0.061232528705999996,1 lesion,Q3,512,512,140.18437957763672,67.06185193768128,253.2293746513169,7.645360469818115,test
tb1183.png,/kaggle/input/notebooks/abdelazizomarrr/tuberculosis-detection-lesion-localization/tbx_yolo/images/val/tb1183.png,/kaggle/input/notebooks/abdelazizomarrr/tuberculosis-detection-lesion-localization/tbx_yolo/labels/val/tb1183.txt,630,4096757895593060840,2,0.096168716234,0.120099249192,2 lesions,Q4,512,512,128.87005996704102,68.39359313374199,93.45345305558294,7.029510974884033,train
tb0679.png,/kaggle/input/notebooks/abdelazizomarrr/tuberculosis-detection-lesion-localization/tbx_yolo/images/val/tb0679.png,/kaggle/input/notebooks/abdelazizomarrr/tuberculosis-detection-lesion-localization/tbx_yolo/labels/val/tb0679.txt,65,8130851871510423792,1,0.01378003266,0.01378003266,1 lesion,Q1,512,512,141.82989883422852,74.73669983846959,442.61228838282113,7.628364086151123,train
tb0642.png,/kaggle/input/notebooks/abdelazizomarrr/tuberculosis-detection-lesion-localization/tbx_yolo/images/val/tb0642.png,/kaggle/input/notebooks/abdelazizomarrr/tuberculosis-detection-lesion-localization/tbx_yolo/labels/val/tb0642.txt,631,3573204650032164068,1,0.05343346926,0.05343346926,1 lesion,Q3,512,512,141.82180404663086,76.99251829515633,219.8864268031757,7.479194164276123,train
tb1173.png,/kaggle/input/notebooks/abdelazizomarrr/tuberculosis-detection-lesion-localization/tbx_yolo/images/val/tb1173.png,/kaggle/input/notebooks/abdelazizomarrr/tuberculosis-detection-lesion-localization/tbx_yolo/labels/val/tb1173.txt,65,17425190649429291248,2,0.222969316046,0.22435311115800002,2 lesions,Q4,512,512,139.05896377563477,61.97808486249889,121.7521442532161,7.471039295196533,train
tb0735.png,/kaggle/input/notebooks/abdelazizomarrr/tuberculosis-detection-lesion-localization/tbx_yolo/images/val/tb0735.png,/kaggle/input/notebooks/abdelazizomarrr/tuberculosis-detection-lesion-localization/tbx_yolo/labels/val/tb0735.txt,632,3516075027235174520,2,0.0306656374985,0.038258433204000006,2 lesions,Q1,512,512,102.3494873046875,70.03320781951267,100.54553334391676,7.152891635894775,val
tb0523.png,/kaggle/input/notebooks/abdelazizomarrr/tuberculosis-detection-lesion-localization/tbx_yolo/images/val/tb0523.png,/kaggle/input/notebooks/abdelazizomarrr/tuberculosis-detection-lesion-localization/tbx_yolo/labels/val/tb0523.txt,633,12725646268478648568,2,0.063982547179,0.067351870988,2 lesions,Q3,512,512,132.15449905395508,68.49126433293458,63.03481001824548,7.365035533905029,test
tb1060.png,/kaggle/input/notebooks/abdelazizomarrr/tuberculosis-detection-lesion-localization/tbx_yolo/images/val/tb1060.png,/kaggle/input/notebooks/abdelazizomarrr/tuberculosis-detection-lesion-localization/tbx_yolo/labels/val/tb1060.txt,634,17345252020683042928,2,0.03957059488800001,0.042626684784,2 lesions,Q2,512,512,90.92570495605469,70.3196711574663,112.39097833255073,6.556234359741211,test
tb0526.png,/kaggle/input/notebooks/abdelazizomarrr/tuberculosis-detection-lesion-localization/tbx_yolo/images/val/tb0526.png,/kaggle/input/notebooks/abdelazizomarrr/tuberculosis-detection-lesion-localization/tbx_yolo/labels/val/tb0526.txt,635,12728459605620081393,2,0.06251053901999999,0.118435919004,2 lesions,Q3,512,512,137.02965927124023,79.14691500791584,188.04586537828436,7.403625965118408,train
tb0515.png,/kaggle/input/notebooks/abdelazizomarrr/tuberculosis-detection-lesion-localization/tbx_yolo/images/val/tb0515.png,/kaggle/input/notebooks/abdelazizomarrr/tuberculosis-detection-lesion-localization/tbx_yolo/labels/val/tb0515.txt,604,8122016743673614576,2,0.17266514079099998,0.172665419784,2 lesions,Q4,512,512,133.42216873168945,64.76032301481838,88.87436815723777,7.140776634216309,val
tb0812.png,/kaggle/input/notebooks/abdelazizomarrr/tuberculosis-detection-lesion-localization/tbx_yolo/images/val/tb0812.png,/kaggle/input/notebooks/abdelazizomarrr/tuberculosis-detection-lesion-localization/tbx_yolo/labels/val/tb0812.txt,636,17317100551790522852,1,0.054668568924,0.054668568924,1 lesion,Q3,512,512,138.05730056762695,68.2664695203983,236.7668361281394,7.7301130294799805,test
tb1056.png,/kaggle/input/notebooks/abdelazizomarrr/tuberculosis-detection-lesion-localization/tbx_yolo/images/val/tb1056.png,/kaggle/input/notebooks/abdelazizomarrr/tuberculosis-detection-lesion-localization/tbx_yolo/labels/val/tb1056.txt,637,8130143648715305712,2,0.06401175723800001,0.074659264306,2 lesions,Q3,512,512,124.10834884643555,68.4124189727352,128.3129338005092,7.5747270584106445,test
tb1117.png,/kaggle/input/notebooks/abdelazizomarrr/tuberculosis-detection-lesion-localization/tbx_yolo/images/val/tb1117.png,/kaggle/input/notebooks/abdelazizomarrr/tuberculosis-detection-lesion-localization/tbx_yolo/labels/val/tb1117.txt,638,6959810968267317480,2,0.0797915540195,0.091508743338,2 lesions,Q4,512,512,155.17127990722656,66.48542882801715,279.9113727178774,7.362133026123047,test
tb0719.png,/kaggle/input/notebooks/abdelazizomarrr/tuberculosis-detection-lesion-localization/tbx_yolo/images/val/tb0719.png,/kaggle/input/notebooks/abdelazizomarrr/tuberculosis-detection-lesion-localization/tbx_yolo/labels/val/tb0719.txt,639,12884964090712488168,2,0.0204157664305,0.021594648735,2 lesions,Q1,512,512,129.28247833251953,82.51755060676544,233.37143728299998,7.4684672355651855,train
tb0493.png,/kaggle/input/notebooks/abdelazizomarrr/tuberculosis-detection-lesion-localization/tbx_yolo/images/val/tb0493.png,/kaggle/input/notebooks/abdelazizomarrr/tuberculosis-detection-lesion-localization/tbx_yolo/labels/val/tb0493.txt,640,3473738171902251217,1,0.077368756473,0.077368756473,1 lesion,Q4,512,512,139.46930694580078,63.76401156492166,119.72861286588886,7.463870048522949,train
tb0726.png,/kaggle/input/notebooks/abdelazizomarrr/tuberculosis-detection-lesion-localization/tbx_yolo/images/val/tb0726.png,/kaggle/input/notebooks/abdelazizomarrr/tuberculosis-detection-lesion-localization/tbx_yolo/labels/val/tb0726.txt,641,12885559063948218612,2,0.18524230739699998,0.221939132904,2 lesions,Q4,512,512,131.72532272338867,79.41706016996568,225.95224585405958,7.5699849128723145,test
tb0032.png,/kaggle/input/notebooks/abdelazizomarrr/tuberculosis-detection-lesion-localization/tbx_yolo/images/val/tb0032.png,/kaggle/input/notebooks/abdelazizomarrr/tuberculosis-detection-lesion-localization/tbx_yolo/labels/val/tb0032.txt,642,12727901190611972848,2,0.0583656093985,0.098562977932,2 lesions,Q3,512,512,110.61450576782227,64.40062909738234,123.54817820247263,7.538129806518555,train
tb0338.png,/kaggle/input/notebooks/abdelazizomarrr/tuberculosis-detection-lesion-localization/tbx_yolo/images/val/tb0338.png,/kaggle/input/notebooks/abdelazizomarrr/tuberculosis-detection-lesion-localization/tbx_yolo/labels/val/tb0338.txt,643,50301225449746672,2,0.088423022327,0.09353313221199999,2 lesions,Q4,512,512,110.68981170654297,76.25257502348592,71.96035291986482,6.625769138336182,train
tb0096.png,/kaggle/input/notebooks/abdelazizomarrr/tuberculosis-detection-lesion-localization/tbx_yolo/images/val/tb0096.png,/kaggle/input/notebooks/abdelazizomarrr/tuberculosis-detection-lesion-localization/tbx_yolo/labels/val/tb0096.txt,644,4083317740876163704,2,0.06588144898500001,0.12272274180600001,2 lesions,Q3,512,512,124.34798049926758,79.40090432867274,228.54582160239806,7.453079700469971,train
tb0015.png,/kaggle/input/notebooks/abdelazizomarrr/tuberculosis-detection-lesion-localization/tbx_yolo/images/val/tb0015.png,/kaggle/input/notebooks/abdelazizomarrr/tuberculosis-detection-lesion-localization/tbx_yolo/labels/val/tb0015.txt,65,17354223770389377264,1,0.038402685476999994,0.038402685476999994,1 lesion,Q2,512,512,146.05247116088867,71.77596983323623,274.98768446779286,7.647104740142822,train
tb0506.png,/kaggle/input/notebooks/abdelazizomarrr/tuberculosis-detection-lesion-localization/tbx_yolo/images/val/tb0506.png,/kaggle/input/notebooks/abdelazizomarrr/tuberculosis-detection-lesion-localization/tbx_yolo/labels/val/tb0506.txt,645,3524090995160576240,2,0.0240588183615,0.043862012928,2 lesions,Q1,512,512,124.3309097290039,80.4789085219904,237.55709405051311,7.24078369140625,test
tb0713.png,/kaggle/input/notebooks/abdelazizomarrr/tuberculosis-detection-lesion-localization/tbx_yolo/images/val/tb0713.png,/kaggle/input/notebooks/abdelazizomarrr/tuberculosis-detection-lesion-localization/tbx_yolo/labels/val/tb0713.txt,646,3509204692216500436,3,0.062747015995,0.104508687084,3+ lesions,Q3,512,512,140.5019302368164,71.94424003951292,195.7883261366369,7.553703784942627,train
tb1099.png,/kaggle/input/notebooks/abdelazizomarrr/tuberculosis-detection-lesion-localization/tbx_yolo/images/val/tb1099.png,/kaggle/input/notebooks/abdelazizomarrr/tuberculosis-detection-lesion-localization/tbx_yolo/labels/val/tb1099.txt,647,2500663508060128464,1,0.050361779620000005,0.050361779620000005,1 lesion,Q2,512,512,114.85065078735352,71.19647127657224,94.04254783269425,7.1809401512146,train
tb0767.png,/kaggle/input/notebooks/abdelazizomarrr/tuberculosis-detection-lesion-localization/tbx_yolo/images/val/tb0767.png,/kaggle/input/notebooks/abdelazizomarrr/tuberculosis-detection-lesion-localization/tbx_yolo/labels/val/tb0767.txt,648,3600859189734434929,2,0.062766739837,0.063622592138,2 lesions,Q3,512,512,121.86551284790039,79.2631666071627,341.3178540328372,7.41748046875,train
tb1093.png,/kaggle/input/notebooks/abdelazizomarrr/tuberculosis-detection-lesion-localization/tbx_yolo/images/val/tb1093.png,/kaggle/input/notebooks/abdelazizomarrr/tuberculosis-detection-lesion-localization/tbx_yolo/labels/val/tb1093.txt,432,16151375246110417136,2,0.058679698589999996,0.08266943927999999,2 lesions,Q3,512,512,129.7644920349121,66.04115328585112,75.62366015346197,7.144602298736572,val
tb0103.png,/kaggle/input/notebooks/abdelazizomarrr/tuberculosis-detection-lesion-localization/tbx_yolo/images/val/tb0103.png,/kaggle/input/notebooks/abdelazizomarrr/tuberculosis-detection-lesion-localization/tbx_yolo/labels/val/tb0103.txt,649,8276128178224951540,2,0.087660051953,0.1071021861,2 lesions,Q4,512,512,130.12475204467773,79.51381882901113,211.94977276719874,7.3666605949401855,train
tb0372.png,/kaggle/input/notebooks/abdelazizomarrr/tuberculosis-detection-lesion-localization/tbx_yolo/images/val/tb0372.png,/kaggle/input/notebooks/abdelazizomarrr/tuberculosis-detection-lesion-localization/tbx_yolo/labels/val/tb0372.txt,650,12723956005958119620,1,0.03689264808,0.03689264808,1 lesion,Q2,512,512,148.30300903320312,68.85227514943023,224.06136851698102,7.606269836425781,test
tb1168.png,/kaggle/input/notebooks/abdelazizomarrr/tuberculosis-detection-lesion-localization/tbx_yolo/images/val/tb1168.png,/kaggle/input/notebooks/abdelazizomarrr/tuberculosis-detection-lesion-localization/tbx_yolo/labels/val/tb1168.txt,651,17317245956861780176,1,0.077741618688,0.077741618688,1 lesion,Q4,512,512,136.24798965454102,65.31106292576176,82.5488350152591,7.110438823699951,train
tb0918.png,/kaggle/input/notebooks/abdelazizomarrr/tuberculosis-detection-lesion-localization/tbx_yolo/images/val/tb0918.png,/kaggle/input/notebooks/abdelazizomarrr/tuberculosis-detection-lesion-localization/tbx_yolo/labels/val/tb0918.txt,652,12805161674207178960,2,0.131151871779,0.143339853328,2 lesions,Q4,512,512,135.3001251220703,73.345544400094,263.2887312973471,7.623284339904785,train
tb0389.png,/kaggle/input/notebooks/abdelazizomarrr/tuberculosis-detection-lesion-localization/tbx_yolo/images/val/tb0389.png,/kaggle/input/notebooks/abdelazizomarrr/tuberculosis-detection-lesion-localization/tbx_yolo/labels/val/tb0389.txt,653,3473144711570714848,1,0.073643521428,0.073643521428,1 lesion,Q3,512,512,97.90235137939453,65.70602264410275,103.67226474067138,7.197159290313721,val
tb0667.png,/kaggle/input/notebooks/abdelazizomarrr/tuberculosis-detection-lesion-localization/tbx_yolo/images/val/tb0667.png,/kaggle/input/notebooks/abdelazizomarrr/tuberculosis-detection-lesion-localization/tbx_yolo/labels/val/tb0667.txt,654,11669485197703895489,2,0.042008931971500005,0.049748897211,2 lesions,Q2,512,512,111.02471542358398,66.43734993455709,287.99858784582466,7.449291229248047,train
tb0433.png,/kaggle/input/notebooks/abdelazizomarrr/tuberculosis-detection-lesion-localization/tbx_yolo/images/val/tb0433.png,/kaggle/input/notebooks/abdelazizomarrr/tuberculosis-detection-lesion-localization/tbx_yolo/labels/val/tb0433.txt,366,17317663495318294720,1,0.029632210846000002,0.029632210846000002,1 lesion,Q1,512,512,148.3909034729004,67.22883329427484,179.3295159151312,7.569682598114014,train
tb0231.png,/kaggle/input/notebooks/abdelazizomarrr/tuberculosis-detection-lesion-localization/tbx_yolo/images/val/tb0231.png,/kaggle/input/notebooks/abdelazizomarrr/tuberculosis-detection-lesion-localization/tbx_yolo/labels/val/tb0231.txt,65,8112552699489349872,1,0.005187966279999999,0.005187966279999999,1 lesion,Q1,512,512,126.43374252319336,63.07598947946797,95.62129763554549,7.5513505935668945,train
tb0548.png,/kaggle/input/notebooks/abdelazizomarrr/tuberculosis-detection-lesion-localization/tbx_yolo/images/val/tb0548.png,/kaggle/input/notebooks/abdelazizomarrr/tuberculosis-detection-lesion-localization/tbx_yolo/labels/val/tb0548.txt,655,17315104388573427960,1,0.07199390480000001,0.07199390480000001,1 lesion,Q3,512,512,137.8751335144043,68.95648501192889,223.8754841228365,7.66337776184082,train
tb0156.png,/kaggle/input/notebooks/abdelazizomarrr/tuberculosis-detection-lesion-localization/tbx_yolo/images/val/tb0156.png,/kaggle/input/notebooks/abdelazizomarrr/tuberculosis-detection-lesion-localization/tbx_yolo/labels/val/tb0156.txt,656,8165770174703919344,1,0.037897988424999994,0.037897988424999994,1 lesion,Q2,512,512,128.62370681762695,79.31068090811056,280.31607563198486,7.520848274230957,train
tb0501.png,/kaggle/input/notebooks/abdelazizomarrr/tuberculosis-detection-lesion-localization/tbx_yolo/images/val/tb0501.png,/kaggle/input/notebooks/abdelazizomarrr/tuberculosis-detection-lesion-localization/tbx_yolo/labels/val/tb0501.txt,657,11080152067786010736,2,0.10418832579699999,0.13573613093399997,2 lesions,Q4,512,512,148.41707611083984,73.59682650670875,207.71966146765044,7.500826835632324,val
tb0716.png,/kaggle/input/notebooks/abdelazizomarrr/tuberculosis-detection-lesion-localization/tbx_yolo/images/val/tb0716.png,/kaggle/input/notebooks/abdelazizomarrr/tuberculosis-detection-lesion-localization/tbx_yolo/labels/val/tb0716.txt,658,3526413700606178002,1,0.014273134821000002,0.014273134821000002,1 lesion,Q1,512,512,124.02873992919922,75.21692575632356,205.52489517359936,7.376574516296387,train
tb0183.png,/kaggle/input/notebooks/abdelazizomarrr/tuberculosis-detection-lesion-localization/tbx_yolo/images/val/tb0183.png,/kaggle/input/notebooks/abdelazizomarrr/tuberculosis-detection-lesion-localization/tbx_yolo/labels/val/tb0183.txt,659,12887246694037770480,2,0.084410144444,0.09981727079199999,2 lesions,Q4,512,512,139.47489166259766,73.42782569923737,306.3201055433019,7.7053141593933105,train
tb0362.png,/kaggle/input/notebooks/abdelazizomarrr/tuberculosis-detection-lesion-localization/tbx_yolo/images/val/tb0362.png,/kaggle/input/notebooks/abdelazizomarrr/tuberculosis-detection-lesion-localization/tbx_yolo/labels/val/tb0362.txt,660,3524127396882178784,2,0.030622807428,0.035161608762,2 lesions,Q1,512,512,129.54697799682617,76.86273014720825,204.12325804469583,7.50175666809082,val
tb0963.png,/kaggle/input/notebooks/abdelazizomarrr/tuberculosis-detection-lesion-localization/tbx_yolo/images/val/tb0963.png,/kaggle/input/notebooks/abdelazizomarrr/tuberculosis-detection-lesion-localization/tbx_yolo/labels/val/tb0963.txt,661,17913968651725542640,1,0.061371262607,0.061371262607,1 lesion,Q3,512,512,141.6180305480957,71.24134881262947,198.91699716611765,7.516249656677246,train
tb0370.png,/kaggle/input/notebooks/abdelazizomarrr/tuberculosis-detection-lesion-localization/tbx_yolo/images/val/tb0370.png,/kaggle/input/notebooks/abdelazizomarrr/tuberculosis-detection-lesion-localization/tbx_yolo/labels/val/tb0370.txt,65,8111606019442929904,1,0.0241476856,0.0241476856,1 lesion,Q1,512,512,145.74855422973633,77.01042706503907,226.23770928288286,7.4379777908325195,train
tb0003.png,/kaggle/input/notebooks/abdelazizomarrr/tuberculosis-detection-lesion-localization/tbx_yolo/images/val/tb0003.png,/kaggle/input/notebooks/abdelazizomarrr/tuberculosis-detection-lesion-localization/tbx_yolo/labels/val/tb0003.txt,662,3541719043966886305,2,0.0484502846855,0.05359361592,2 lesions,Q2,512,512,112.03942108154297,72.81691568428504,116.3119415640831,7.51391077041626,val
tb0357.png,/kaggle/input/notebooks/abdelazizomarrr/tuberculosis-detection-lesion-localization/tbx_yolo/images/val/tb0357.png,/kaggle/input/notebooks/abdelazizomarrr/tuberculosis-detection-lesion-localization/tbx_yolo/labels/val/tb0357.txt,663,8130149283584340208,1,0.06209730218400001,0.06209730218400001,1 lesion,Q3,512,512,123.0490951538086,70.35159617663237,75.85510943630652,7.3167924880981445,train
tb0824.png,/kaggle/input/notebooks/abdelazizomarrr/tuberculosis-detection-lesion-localization/tbx_yolo/images/val/tb0824.png,/kaggle/input/notebooks/abdelazizomarrr/tuberculosis-detection-lesion-localization/tbx_yolo/labels/val/tb0824.txt,432,17299934969836269808,1,0.037669844912,0.037669844912,1 lesion,Q2,512,512,136.9307403564453,73.13258524679077,245.86956070218002,7.636768341064453,val
tb0637.png,/kaggle/input/notebooks/abdelazizomarrr/tuberculosis-detection-lesion-localization/tbx_yolo/images/val/tb0637.png,/kaggle/input/notebooks/abdelazizomarrr/tuberculosis-detection-lesion-localization/tbx_yolo/labels/val/tb0637.txt,664,3591218912309115256,1,0.071063426724,0.071063426724,1 lesion,Q3,512,512,125.68003845214844,65.75282533631535,71.18457346403738,7.37447452545166,test
tb0582.png,/kaggle/input/notebooks/abdelazizomarrr/tuberculosis-detection-lesion-localization/tbx_yolo/images/val/tb0582.png,/kaggle/input/notebooks/abdelazizomarrr/tuberculosis-detection-lesion-localization/tbx_yolo/labels/val/tb0582.txt,665,4082674375591129288,2,0.0313089891225,0.031638534031999996,2 lesions,Q1,512,512,129.51539993286133,77.55717559000144,230.7259367587394,7.534405708312988,val
tb0014.png,/kaggle/input/notebooks/abdelazizomarrr/tuberculosis-detection-lesion-localization/tbx_yolo/images/val/tb0014.png,/kaggle/input/notebooks/abdelazizomarrr/tuberculosis-detection-lesion-localization/tbx_yolo/labels/val/tb0014.txt,666,17475820961397831025,2,0.031330524107,0.049643046318,2 lesions,Q1,512,512,126.6043586730957,60.20356376275494,683.2623366704211,7.399958610534668,train
tb1150.png,/kaggle/input/notebooks/abdelazizomarrr/tuberculosis-detection-lesion-localization/tbx_yolo/images/val/tb1150.png,/kaggle/input/notebooks/abdelazizomarrr/tuberculosis-detection-lesion-localization/tbx_yolo/labels/val/tb1150.txt,667,17308903142860112084,4,0.023071670208250003,0.032658411731,3+ lesions,Q1,512,512,143.3013153076172,72.20425798394209,243.79021030798322,7.554314613342285,val
tb0510.png,/kaggle/input/notebooks/abdelazizomarrr/tuberculosis-detection-lesion-localization/tbx_yolo/images/val/tb0510.png,/kaggle/input/notebooks/abdelazizomarrr/tuberculosis-detection-lesion-localization/tbx_yolo/labels/val/tb0510.txt,668,10440983146397331568,2,0.044450581046,0.0489285466,2 lesions,Q2,512,512,102.36401748657227,64.547415896322,241.05672436834718,7.388397216796875,train
tb0223.png,/kaggle/input/notebooks/abdelazizomarrr/tuberculosis-detection-lesion-localization/tbx_yolo/images/val/tb0223.png,/kaggle/input/notebooks/abdelazizomarrr/tuberculosis-detection-lesion-localization/tbx_yolo/labels/val/tb0223.txt,260,8094679042746283252,1,0.025603269396,0.025603269396,1 lesion,Q1,512,512,126.90842819213867,74.90082882316275,172.13267362372426,7.540075778961182,test
tb0352.png,/kaggle/input/notebooks/abdelazizomarrr/tuberculosis-detection-lesion-localization/tbx_yolo/images/val/tb0352.png,/kaggle/input/notebooks/abdelazizomarrr/tuberculosis-detection-lesion-localization/tbx_yolo/labels/val/tb0352.txt,669,8102599368323035880,1,0.059773287800000005,0.059773287800000005,1 lesion,Q3,512,512,143.18768310546875,72.27306333105749,213.1840492337942,7.5453267097473145,val
