image_name,prediction_id,class_id,confidence,x1,y1,x2,y2,selected
tb0005.png,0,0,0.29495933651924133,83.1952133178711,134.5603790283203,139.70677185058594,176.47068786621094,False
tb0005.png,1,0,0.16908788681030273,76.6504898071289,66.55244445800781,226.7051239013672,189.6153106689453,False
tb0005.png,2,0,0.0682983249425888,73.2541732788086,70.09600067138672,232.18472290039062,237.3778839111328,False
tb0005.png,3,0,0.021221553906798363,333.3055114746094,243.20408630371094,443.1355895996094,364.1753234863281,False
tb0005.png,4,0,0.014050173573195934,51.84431076049805,77.38848114013672,231.8727569580078,349.2946472167969,False
tb0005.png,5,0,0.006958344019949436,54.941017150878906,184.13328552246094,211.18301391601562,346.1897888183594,False
tb0005.png,6,0,0.0038428944535553455,60.628639221191406,64.26094055175781,237.8021697998047,287.17156982421875,False
tb0005.png,7,0,0.002351278904825449,93.22610473632812,138.77008056640625,140.84353637695312,170.71665954589844,False
tb0005.png,8,0,0.002293541096150875,325.5343933105469,236.2743682861328,435.2550354003906,343.208251953125,False
tb0005.png,9,0,0.0022925918456166983,71.93296813964844,125.63569641113281,213.5844268798828,246.6552734375,False
tb0005.png,10,0,0.002059879247099161,266.0091247558594,182.9434051513672,359.0164489746094,295.1400451660156,False
tb0005.png,11,0,0.0018925339682027698,289.8816833496094,84.44526672363281,440.1674499511719,278.3807067871094,False
tb0005.png,12,0,0.0018486196640878916,82.39224243164062,193.79318237304688,144.97862243652344,244.953125,False
tb0005.png,13,0,0.0017933105118572712,50.69758224487305,236.35533142089844,207.0227508544922,352.1051330566406,False
tb0005.png,14,0,0.0013542125234380364,320.1736755371094,154.20338439941406,449.7689514160156,380.9005432128906,False
tb0005.png,15,0,0.0010936142643913627,79.5916976928711,60.462825775146484,198.70835876464844,178.6912841796875,False
tb0005.png,16,0,0.0010360018350183964,104.8548355102539,68.9939956665039,235.3805389404297,217.96170043945312,False
tb0040.png,0,0,0.5590416789054871,142.0579071044922,130.06777954101562,251.7596893310547,225.31919860839844,True
tb0040.png,1,0,0.07061629742383957,137.482666015625,129.02529907226562,256.751708984375,260.95391845703125,False
tb0040.png,2,0,0.0251623447984457,210.69053649902344,54.6306037902832,275.3444519042969,122.08824920654297,False
tb0040.png,3,0,0.02404182404279709,141.96630859375,149.92495727539062,232.154541015625,215.1823272705078,False
tb0040.png,4,0,0.011986731551587582,131.38687133789062,122.55406951904297,262.8981018066406,304.7011413574219,False
tb0040.png,5,0,0.010332564823329449,174.84112548828125,134.2069549560547,251.09561157226562,206.7403564453125,False
tb0040.png,6,0,0.0049573383294045925,165.0384979248047,154.2908935546875,240.4298553466797,207.7457275390625,False
tb0040.png,7,0,0.004725400824099779,299.23516845703125,165.94921875,379.21142578125,230.0009307861328,False
tb0040.png,8,0,0.0036417734809219837,153.35704040527344,145.99658203125,244.700439453125,212.06382751464844,False
tb0040.png,9,0,0.003046985948458314,211.4581298828125,54.64590072631836,265.9580383300781,105.3965072631836,False
tb0040.png,10,0,0.0014604392927139997,155.2734375,147.83885192871094,221.68711853027344,211.1179962158203,False
tb0040.png,11,0,0.0012392522767186165,135.63674926757812,158.20201110839844,219.5939178466797,216.3935546875,False
tb0040.png,12,0,0.0011303453939035535,177.37789916992188,151.13418579101562,244.30796813964844,202.45994567871094,False
tb0040.png,13,0,0.0010319360299035907,292.7867736816406,150.79978942871094,383.0353088378906,238.5027618408203,False
tb0043.png,0,0,0.020437993109226227,347.9117126464844,139.211669921875,404.52325439453125,209.724853515625,False
tb0043.png,1,0,0.009898670949041843,336.9430847167969,132.8187255859375,406.7120056152344,220.30613708496094,False
tb0043.png,2,0,0.008823256939649582,118.6457290649414,79.5282974243164,185.2879180908203,131.4500274658203,False
tb0043.png,3,0,0.007779350969940424,116.7488784790039,83.79839324951172,187.8501434326172,145.92784118652344,False
tb0043.png,4,0,0.0064792754128575325,323.9490661621094,113.4945068359375,401.6441955566406,203.4275360107422,False
tb0043.png,5,0,0.006082458421587944,304.42657470703125,98.6241683959961,395.2671813964844,189.9374237060547,False
tb0043.png,6,0,0.00557418167591095,91.1941909790039,76.06383514404297,208.3495635986328,193.18064880371094,False
tb0043.png,7,0,0.004399759694933891,86.9813232421875,138.72274780273438,129.0213165283203,172.47740173339844,False
tb0043.png,8,0,0.0042572724632918835,108.85161590576172,89.48082733154297,184.9848175048828,159.27137756347656,False
tb0043.png,9,0,0.004196319729089737,97.8717269897461,144.93553161621094,129.52720642089844,172.6102752685547,False
tb0043.png,10,0,0.003813178976997733,90.8600845336914,140.1432647705078,137.36929321289062,195.92295837402344,False
tb0043.png,11,0,0.0038041777443140745,340.2466735839844,155.248046875,399.4809875488281,214.74290466308594,False
tb0043.png,12,0,0.0037788657937198877,327.161865234375,151.1747283935547,399.6238708496094,221.4029083251953,False
tb0043.png,13,0,0.0036371531896293163,96.45806121826172,150.2307586669922,135.4608917236328,192.802978515625,False
tb0043.png,14,0,0.0036208233796060085,343.84625244140625,128.47354125976562,404.01763916015625,199.75498962402344,False
tb0043.png,15,0,0.0034044140484184027,286.9952697753906,103.16755676269531,397.7071228027344,204.57347106933594,False
tb0043.png,16,0,0.0030995216220617294,93.1050033569336,128.3765869140625,167.67166137695312,192.45481872558594,False
tb0043.png,17,0,0.0030326982960104942,108.5767593383789,71.45157623291016,212.9185791015625,175.27899169921875,False
tb0043.png,18,0,0.0030193901620805264,300.0751037597656,83.6419906616211,363.1973571777344,155.9992218017578,False
tb0043.png,19,0,0.0027856368105858564,298.3571472167969,98.44357299804688,373.40704345703125,176.8632049560547,False
tb0043.png,20,0,0.002777616959065199,123.82378387451172,70.140380859375,207.50588989257812,158.97927856445312,False
tb0043.png,21,0,0.00268558319658041,319.71295166015625,142.85604858398438,390.4609375,202.34603881835938,False
tb0043.png,22,0,0.00260464777238667,97.47541809082031,147.6037139892578,131.95640563964844,180.64370727539062,False
tb0043.png,23,0,0.0025439769960939884,117.161376953125,55.904396057128906,221.53965759277344,161.96841430664062,False
tb0043.png,24,0,0.0025237638037651777,96.42062377929688,141.48477172851562,131.2518768310547,168.4806365966797,False
tb0043.png,25,0,0.0023439328651875257,333.1935729980469,133.5685272216797,388.05548095703125,181.08876037597656,False
tb0043.png,26,0,0.002309763105586171,81.09085083007812,135.76806640625,136.9473419189453,186.5212860107422,False
tb0043.png,27,0,0.0021638378966599703,306.7188415527344,126.0589828491211,406.43597412109375,225.37583923339844,False
tb0043.png,28,0,0.001839656149968505,94.0547103881836,123.83740234375,148.1305389404297,167.32827758789062,False
tb0043.png,29,0,0.0017722481861710548,350.8497619628906,143.0533447265625,392.5660705566406,179.8450164794922,False
tb0043.png,30,0,0.0017661714227870107,89.50557708740234,131.09445190429688,135.93963623046875,169.05381774902344,False
tb0043.png,31,0,0.0016690300544723868,287.7366638183594,128.5968475341797,412.338134765625,379.2463073730469,False
tb0043.png,32,0,0.0016486053355038166,341.80859375,137.5861053466797,389.8222351074219,178.0103302001953,False
tb0043.png,33,0,0.0015820354456081986,138.5061492919922,43.93986892700195,227.87022399902344,147.751220703125,False
tb0043.png,34,0,0.0014233941910788417,101.33113098144531,151.94863891601562,134.4154815673828,182.94970703125,False
tb0043.png,35,0,0.0013551737647503614,101.1772689819336,144.37998962402344,138.38682556152344,174.558349609375,False
tb0043.png,36,0,0.001159296021796763,352.872314453125,138.4868927001953,391.8622741699219,167.67874145507812,False
tb0043.png,37,0,0.00115416687913239,357.63043212890625,155.5317840576172,396.353759765625,190.7499542236328,False
tb0043.png,38,0,0.0011256448924541473,354.7127990722656,163.3396453857422,400.85009765625,205.234375,False
tb0043.png,39,0,0.0011104483855888247,338.4149169921875,145.51968383789062,390.5412292480469,200.2370147705078,False
tb0043.png,40,0,0.0011052691843360662,281.14862060546875,61.407814025878906,401.3943176269531,248.4723358154297,False
tb0043.png,41,0,0.0010914728045463562,353.85650634765625,150.9418182373047,392.5804138183594,184.61326599121094,False
tb0043.png,42,0,0.001078008208423853,306.8141174316406,82.88105010986328,375.4845275878906,161.99502563476562,False
tb0043.png,43,0,0.0010678813559934497,107.38179016113281,123.34114074707031,162.9834442138672,171.9612579345703,False
tb0043.png,44,0,0.0010054033482447267,347.6280822753906,165.3447723388672,400.7696228027344,213.05162048339844,False
tb0050.png,0,0,0.6877289414405823,78.57500457763672,110.90327453613281,222.2376251220703,214.31973266601562,True
tb0050.png,1,0,0.07257819175720215,73.35505676269531,66.91841125488281,243.25942993164062,325.8559265136719,False
tb0050.png,2,0,0.05435045436024666,79.1814956665039,116.2287826538086,187.4729461669922,210.6934356689453,False
tb0050.png,3,0,0.013653656467795372,83.03462219238281,137.5726318359375,155.3168182373047,194.56822204589844,False
tb0050.png,4,0,0.003359908936545253,378.3055114746094,147.6717987060547,450.7652282714844,238.028564453125,False
tb0050.png,5,0,0.002903732005506754,92.12793731689453,127.5365982055664,162.94737243652344,189.50747680664062,False
tb0050.png,6,0,0.0028551165014505386,361.51861572265625,91.194091796875,437.05670166015625,159.37869262695312,False
tb0050.png,7,0,0.0027342361863702536,355.0318298339844,174.5174560546875,454.9920349121094,297.9367370605469,False
tb0050.png,8,0,0.0026607494801282883,366.1759338378906,100.24960327148438,433.7604064941406,186.3629913330078,False
tb0050.png,9,0,0.0026494257617741823,383.08074951171875,177.5168914794922,452.0917053222656,249.25601196289062,False
tb0050.png,10,0,0.002449832856655121,78.7527084350586,144.8397216796875,147.02590942382812,204.92919921875,False
tb0050.png,11,0,0.002386201173067093,371.8741455078125,180.56387329101562,453.5008850097656,269.9264831542969,False
tb0050.png,12,0,0.001730788848362863,69.21492004394531,349.55755615234375,278.14752197265625,503.1882019042969,False
tb0050.png,13,0,0.0016539592761546373,347.3278503417969,133.8514862060547,455.4999084472656,332.5110778808594,False
tb0050.png,14,0,0.0014923923881724477,7.2994384765625,34.303245544433594,63.5413818359375,79.0937271118164,False
tb0050.png,15,0,0.0014800570206716657,313.8102722167969,65.58992767333984,409.412109375,143.6273193359375,False
tb0050.png,16,0,0.0011102564167231321,354.6756286621094,78.2869644165039,414.4073791503906,140.98179626464844,False
tb0050.png,17,0,0.0010802842443808913,358.71337890625,197.45933532714844,457.58526611328125,331.4071350097656,False
tb0051.png,0,0,0.3302058279514313,140.6029052734375,110.71843719482422,195.0848846435547,155.75833129882812,False
tb0051.png,1,0,0.22149519622325897,307.53204345703125,70.5413818359375,417.9396667480469,200.69900512695312,False
tb0051.png,2,0,0.2043411135673523,108.41291809082031,186.15234375,159.9840545654297,232.0775909423828,False
tb0051.png,3,0,0.04455503076314926,133.04443359375,110.3062973022461,193.9394073486328,167.3983917236328,False
tb0051.png,4,0,0.027592938393354416,348.93170166015625,91.20335388183594,419.212646484375,164.7515411376953,False
tb0051.png,5,0,0.025860289111733437,141.21775817871094,106.08577728271484,220.4325714111328,163.77655029296875,False
tb0051.png,6,0,0.015200200490653515,325.8876647949219,84.57210540771484,414.193603515625,188.0243377685547,False
tb0051.png,7,0,0.013221913017332554,337.7577209472656,80.29594421386719,414.1869812011719,160.943359375,False
tb0051.png,8,0,0.01279506552964449,109.0982437133789,182.3218231201172,180.51536560058594,236.64561462402344,False
tb0051.png,9,0,0.010209936648607254,107.16692352294922,177.68565368652344,204.91604614257812,238.7436981201172,False
tb0051.png,10,0,0.010189669206738472,117.98384094238281,190.17759704589844,159.0021514892578,227.2812042236328,False
tb0051.png,11,0,0.008670885115861893,308.8612976074219,70.08674621582031,399.6250305175781,155.86856079101562,False
tb0051.png,12,0,0.00732105178758502,144.4779815673828,112.211669921875,211.443115234375,156.91162109375,False
tb0051.png,13,0,0.006631618831306696,103.46589660644531,192.99169921875,154.8370819091797,234.93359375,False
tb0051.png,14,0,0.0062639303505420685,341.6803283691406,97.6899185180664,418.5122985839844,190.7218017578125,False
tb0051.png,15,0,0.0062561919912695885,150.2356414794922,108.8447036743164,197.31407165527344,147.833251953125,False
tb0051.png,16,0,0.005798259284347296,319.4503479003906,75.65231323242188,411.1575622558594,165.58889770507812,False
tb0051.png,17,0,0.005766918882727623,119.88427734375,187.03880310058594,182.3589324951172,228.6054229736328,False
tb0051.png,18,0,0.005672228056937456,125.2079086303711,183.58157348632812,196.4073944091797,229.9081268310547,False
tb0051.png,19,0,0.0033527903724461794,147.9625244140625,161.68174743652344,211.2743377685547,213.7812957763672,False
tb0051.png,20,0,0.003058039117604494,138.516845703125,82.19036102294922,232.33999633789062,163.058349609375,False
tb0051.png,21,0,0.0025280925910919905,302.8981018066406,69.5977554321289,367.8431091308594,151.70640563964844,False
tb0051.png,22,0,0.002404914703220129,100.74665832519531,180.6020965576172,164.47683715820312,235.5238800048828,False
tb0051.png,23,0,0.002297947881743312,142.18862915039062,172.3802947998047,212.55191040039062,225.78782653808594,False
tb0051.png,24,0,0.0022152122110128403,314.0175476074219,64.72183990478516,383.0772399902344,143.53610229492188,False
tb0051.png,25,0,0.002184028271585703,129.8414764404297,99.64929962158203,203.88052368164062,166.0890350341797,False
tb0051.png,26,0,0.002001080894842744,305.7843322753906,64.31005096435547,365.9700622558594,135.1802978515625,False
tb0051.png,27,0,0.00196469877846539,139.2169189453125,112.4036636352539,224.17361450195312,181.07969665527344,False
tb0051.png,28,0,0.0018412373028695583,350.7273864746094,106.49324035644531,397.72479248046875,149.6673126220703,False
tb0051.png,29,0,0.0017752269050106406,301.002685546875,77.38658905029297,404.060302734375,177.4607391357422,False
tb0051.png,30,0,0.0016777311684563756,104.8409652709961,140.1394500732422,218.53257751464844,234.94961547851562,False
tb0051.png,31,0,0.0015656912000849843,123.50176239013672,191.6774139404297,166.2548370361328,233.0032958984375,False
tb0051.png,32,0,0.0013250905321910977,129.3762664794922,171.504150390625,202.4412078857422,227.35240173339844,False
tb0079.png,0,0,0.7156606316566467,327.048095703125,96.9055404663086,448.308349609375,236.02468872070312,True
tb0079.png,1,0,0.630974292755127,91.5646743774414,48.9438591003418,236.5053253173828,189.99969482421875,True
tb0079.png,2,0,0.1318114995956421,310.8815002441406,95.74544525146484,464.3932800292969,335.7110900878906,False
tb0079.png,3,0,0.10430707037448883,355.0445861816406,104.5160140991211,449.4989929199219,217.2541961669922,False
tb0079.png,4,0,0.07600163668394089,81.6041030883789,45.712867736816406,258.1243591308594,299.7972106933594,False
tb0079.png,5,0,0.009991948492825031,85.3255844116211,97.17528533935547,239.591796875,288.6883239746094,False
tb0079.png,6,0,0.007046598941087723,321.1234436035156,57.5340576171875,451.2139587402344,226.2848358154297,False
tb0079.png,7,0,0.0032326874788850546,86.8335189819336,190.42208862304688,223.36900329589844,281.59521484375,False
tb0079.png,8,0,0.002802097937092185,88.1314926147461,182.2316131591797,241.88818359375,299.69537353515625,False
tb0079.png,9,0,0.0022897329181432724,355.9508972167969,129.3797607421875,433.7694396972656,189.0397186279297,False
tb0079.png,10,0,0.0021480403374880552,350.252685546875,97.97845458984375,438.3390808105469,195.23023986816406,False
tb0079.png,11,0,0.0016142443055287004,158.9822540283203,54.46198654174805,229.95068359375,114.69792938232422,False
tb0079.png,12,0,0.0013738058041781187,63.712257385253906,398.14300537109375,302.9879455566406,505.67071533203125,False
tb0079.png,13,0,0.0012207493418827653,75.19418334960938,395.43408203125,245.24331665039062,506.8633728027344,False
tb0080.png,0,0,0.650185227394104,86.91649627685547,45.53483963012695,247.83413696289062,220.0939483642578,True
tb0080.png,1,0,0.4889082610607147,292.68975830078125,120.6512680053711,466.1376953125,383.6629333496094,True
tb0080.png,2,0,0.48452866077423096,61.37820053100586,38.80781173706055,247.7325439453125,343.5406799316406,True
tb0080.png,3,0,0.01034990418702364,59.72429275512695,151.9261932373047,240.2965850830078,377.6502685546875,False
tb0080.png,4,0,0.008468246087431908,114.8855972290039,44.49908447265625,245.2637176513672,145.47988891601562,False
tb0080.png,5,0,0.007505773566663265,290.11846923828125,87.8355484008789,463.0302734375,328.9604187011719,False
tb0080.png,6,0,0.005862399935722351,291.1065979003906,51.93571853637695,458.6112365722656,285.1470642089844,False
tb0080.png,7,0,0.00491631543263793,295.60504150390625,127.0069580078125,456.6266174316406,289.7945556640625,False
tb0080.png,8,0,0.004872348625212908,60.71489334106445,215.5869140625,231.4586181640625,377.4394226074219,False
tb0080.png,9,0,0.004058915190398693,309.580078125,192.683837890625,442.86968994140625,309.9293518066406,False
tb0080.png,10,0,0.0030032179784029722,385.8075866699219,142.2698974609375,452.5785217285156,211.36575317382812,False
tb0080.png,11,0,0.002536055399104953,101.12981414794922,43.48849105834961,245.59947204589844,181.10484313964844,False
tb0080.png,12,0,0.0022517305333167315,50.53091049194336,95.38042449951172,257.6530456542969,394.66650390625,False
tb0080.png,13,0,0.0018761917017400265,394.3795166015625,142.81924438476562,438.5595703125,176.00552368164062,False
tb0080.png,14,0,0.0018509976798668504,387.7080993652344,132.86097717285156,446.11749267578125,193.44149780273438,False
tb0080.png,15,0,0.0017841485096141696,53.4775390625,251.8179473876953,214.18887329101562,394.7409973144531,False
tb0080.png,16,0,0.0015839203260838985,7.627410888671875,162.49746704101562,66.58229064941406,219.52061462402344,False
tb0080.png,17,0,0.0013236500089988112,72.1156997680664,163.621337890625,233.5378875732422,314.4696960449219,False
tb0080.png,18,0,0.0010593038750812411,155.84133911132812,55.0796012878418,222.23875427246094,108.52371978759766,False
tb0080.png,19,0,0.0010053095174953341,43.926856994628906,155.95762634277344,288.3783264160156,511.9615783691406,False
tb0083.png,0,0,0.7557063698768616,303.6445007324219,44.972774505615234,417.3872985839844,216.81716918945312,True
tb0083.png,1,0,0.53766930103302,128.99839782714844,81.74799346923828,256.7850036621094,230.1943817138672,True
tb0083.png,2,0,0.020351283252239227,145.2406768798828,103.31682586669922,210.021240234375,162.59341430664062,False
tb0083.png,3,0,0.013554216362535954,302.8246154785156,39.6717529296875,426.6800231933594,267.0127868652344,False
tb0083.png,4,0,0.006035787984728813,112.4074935913086,84.46528625488281,265.4241638183594,312.9884338378906,False
tb0083.png,5,0,0.005040920805186033,151.83154296875,100.4364242553711,208.27403259277344,150.818115234375,False
tb0083.png,6,0,0.0036415294744074345,143.76345825195312,95.1646957397461,244.00401306152344,202.7271728515625,False
tb0083.png,7,0,0.0015476782573387027,143.58457946777344,90.58365631103516,232.603759765625,172.11204528808594,False
tb0084.png,0,0,0.7889861464500427,306.2970886230469,93.20211791992188,461.243408203125,288.2613525390625,True
tb0084.png,1,0,0.24388960003852844,78.56621551513672,82.72358703613281,260.26593017578125,343.15087890625,False
tb0084.png,2,0,0.11037838459014893,97.93736267089844,90.53218078613281,257.4972229003906,249.419921875,False
tb0084.png,3,0,0.030738109722733498,83.736328125,164.56649780273438,245.40611267089844,329.4061584472656,False
tb0084.png,4,0,0.022798482328653336,176.63243103027344,91.64409637451172,253.78477478027344,161.93798828125,False
tb0084.png,5,0,0.02228163555264473,306.4246520996094,90.01116943359375,424.0745544433594,194.70635986328125,False
tb0084.png,6,0,0.012082716450095177,372.572021484375,174.4326629638672,459.64263916015625,281.2488708496094,False
tb0084.png,7,0,0.006728276610374451,127.16455078125,87.70201873779297,255.8284149169922,220.64573669433594,False
tb0084.png,8,0,0.00600765785202384,149.90896606445312,78.9991683959961,252.2200927734375,171.39956665039062,False
tb0084.png,9,0,0.004161609802395105,87.16577911376953,254.0646209716797,237.37075805664062,334.91204833984375,False
tb0084.png,10,0,0.0036823032423853874,82.2226791381836,269.6354064941406,152.4203643798828,316.78228759765625,False
tb0084.png,11,0,0.0012526577338576317,65.05561828613281,403.05987548828125,297.6515197753906,505.31591796875,False
tb0084.png,12,0,0.0011385856196284294,52.22346115112305,268.12567138671875,129.7432861328125,333.3905029296875,False
tb0084.png,13,0,0.0011295919539406896,84.30880737304688,273.2649841308594,135.98953247070312,315.07672119140625,False
tb0084.png,14,0,0.001109456061385572,97.55370330810547,147.3459930419922,242.73403930664062,265.3483581542969,False
tb0084.png,15,0,0.0010478812037035823,312.5049743652344,104.75383758544922,483.1341857910156,349.2977294921875,False
tb0084.png,16,0,0.0010310864308848977,378.3719787597656,192.34213256835938,466.2738342285156,301.5579528808594,False
tb0085.png,0,0,0.7215229272842407,60.31306076049805,47.13850021362305,228.4312286376953,224.9393768310547,True
tb0085.png,1,0,0.08217443525791168,326.1617736816406,165.45106506347656,456.5043029785156,411.1003112792969,False
tb0085.png,2,0,0.07080293446779251,15.221832275390625,139.5183563232422,199.97622680664062,375.0197448730469,False
tb0085.png,3,0,0.06213220953941345,18.66900062561035,53.2884521484375,215.88858032226562,349.1126403808594,False
tb0085.png,4,0,0.046671442687511444,29.22370719909668,244.66880798339844,103.64703369140625,291.213623046875,False
tb0085.png,5,0,0.022853905335068703,78.82429504394531,48.2148551940918,232.35147094726562,188.48919677734375,False
tb0085.png,6,0,0.01972052827477455,19.009082794189453,215.891357421875,188.63987731933594,373.9230041503906,False
tb0085.png,7,0,0.012629348784685135,297.0780944824219,61.743507385253906,441.9167175292969,270.7655334472656,False
tb0085.png,8,0,0.0071976981125772,24.697187423706055,126.2669906616211,203.91799926757812,323.30419921875,False
tb0085.png,9,0,0.007078177761286497,294.4339904785156,62.738277435302734,404.3946228027344,193.32461547851562,False
tb0085.png,10,0,0.007022763602435589,318.80865478515625,74.33609771728516,459.2472229003906,394.0455627441406,False
tb0085.png,11,0,0.007007016334682703,28.878393173217773,229.20144653320312,168.48355102539062,318.7065124511719,False
tb0085.png,12,0,0.006699983961880207,28.407678604125977,194.762939453125,170.28807067871094,302.92144775390625,False
tb0085.png,13,0,0.005506604444235563,33.79043197631836,242.12754821777344,167.39813232421875,349.5835876464844,False
tb0085.png,14,0,0.004579220898449421,294.93017578125,55.47783279418945,427.43975830078125,209.22134399414062,False
tb0085.png,15,0,0.0032282008323818445,354.3732604980469,234.8256378173828,426.468017578125,283.0702819824219,False
tb0085.png,16,0,0.00289411679841578,7.645129680633545,365.9639892578125,189.72193908691406,512.0,False
tb0085.png,17,0,0.0026992589700967073,1.197509765625,400.672607421875,192.668701171875,506.01080322265625,False
tb0085.png,18,0,0.0016599384834989905,327.98931884765625,228.26016235351562,444.5328674316406,342.66455078125,False
tb0085.png,19,0,0.0013945995597168803,314.1825256347656,84.61116027832031,446.2167053222656,298.27099609375,False
tb0085.png,20,0,0.0010790203232318163,26.8356990814209,78.6077880859375,207.980712890625,294.2577209472656,False
tb0104.png,0,0,0.8258031010627747,297.33135986328125,79.67607879638672,430.8254089355469,259.3366394042969,True
tb0104.png,1,0,0.6087751984596252,303.388427734375,109.6513900756836,438.9433288574219,357.94720458984375,True
tb0104.png,2,0,0.5707330703735352,129.472900390625,76.32925415039062,242.0068359375,186.8979034423828,True
tb0104.png,3,0,0.06778557598590851,296.3614807128906,81.63250732421875,380.4459533691406,165.82830810546875,False
tb0104.png,4,0,0.031002478674054146,316.1437683105469,143.62583923339844,430.9418029785156,259.4598693847656,False
tb0104.png,5,0,0.016587218269705772,307.3250427246094,75.3736572265625,379.30010986328125,151.3678436279297,False
tb0104.png,6,0,0.0091535160318017,300.40118408203125,86.2548599243164,383.6036071777344,195.37962341308594,False
tb0104.png,7,0,0.0037026344798505306,299.9044494628906,88.3044204711914,416.006591796875,215.68118286132812,False
tb0104.png,8,0,0.003470624564215541,130.20164489746094,108.67413330078125,204.6164093017578,170.18247985839844,False
tb0104.png,9,0,0.001632626517675817,131.6574249267578,90.72024536132812,226.30996704101562,181.3511962890625,False
tb0104.png,10,0,0.0011160646099597216,113.8794937133789,66.11467742919922,258.28369140625,336.21356201171875,False
tb0104.png,11,0,0.001114540034905076,55.494850158691406,95.64061737060547,114.89796447753906,149.09902954101562,False
tb0124.png,0,0,0.7320513725280762,145.08499145507812,58.27093505859375,230.1009521484375,155.58261108398438,True
tb0124.png,1,0,0.04267542064189911,77.5971908569336,103.65278625488281,233.2775421142578,382.9609375,False
tb0124.png,2,0,0.009338634088635445,131.7558135986328,57.83944320678711,237.5077667236328,171.3446502685547,False
tb0124.png,3,0,0.008828253485262394,88.3702163696289,100.80858612060547,236.7509765625,298.5147399902344,False
tb0124.png,4,0,0.006084744818508625,81.1147232055664,211.22280883789062,227.22561645507812,374.4919128417969,False
tb0124.png,5,0,0.0060590291395783424,82.92024993896484,158.20498657226562,234.6193084716797,360.93804931640625,False
tb0124.png,6,0,0.004476217553019524,144.36668395996094,74.45706939697266,211.3512725830078,139.74217224121094,False
tb0124.png,7,0,0.0036214133724570274,96.68416595458984,176.6978302001953,228.8690185546875,280.3648681640625,False
tb0124.png,8,0,0.0035908257123082876,61.96589279174805,415.90338134765625,124.9317398071289,471.07135009765625,False
tb0124.png,9,0,0.002362891100347042,137.0033721923828,54.44377517700195,237.4764404296875,252.271484375,False
tb0124.png,10,0,0.002261995105072856,263.66925048828125,168.79351806640625,363.052734375,282.246826171875,False
tb0124.png,11,0,0.0021345599088817835,99.80514526367188,128.01023864746094,229.7305450439453,267.21368408203125,False
tb0124.png,12,0,0.001766696572303772,281.88330078125,80.17593383789062,348.404296875,153.362548828125,False
tb0124.png,13,0,0.0017109098844230175,282.0719909667969,157.3972625732422,372.2595520019531,279.1974792480469,False
tb0124.png,14,0,0.001571119762957096,93.8895034790039,198.95620727539062,213.7383270263672,279.7875061035156,False
tb0124.png,15,0,0.0015173533465713263,284.8963317871094,113.08980560302734,432.14459228515625,383.9482116699219,False
tb0124.png,16,0,0.0013959050411358476,289.64605712890625,88.60454559326172,415.64483642578125,274.4593505859375,False
tb0124.png,17,0,0.0012474950635805726,319.6896667480469,245.1864776611328,426.3537292480469,374.5418395996094,False
tb0124.png,18,0,0.0011761188507080078,156.0340576171875,53.01545333862305,230.3523712158203,129.41567993164062,False
tb0128.png,0,0,0.32681819796562195,92.50434112548828,79.8946533203125,229.77720642089844,217.3419647216797,False
tb0128.png,1,0,0.21067795157432556,92.8331298828125,113.45576477050781,220.50694274902344,222.0397491455078,False
tb0128.png,2,0,0.1132165864109993,95.0923843383789,158.5315399169922,157.94485473632812,205.2797393798828,False
tb0128.png,3,0,0.017144612967967987,311.5938415527344,88.67339324951172,383.3484802246094,164.11497497558594,False
tb0128.png,4,0,0.010964984074234962,101.8602523803711,159.9835968017578,153.1390380859375,197.7693328857422,False
tb0128.png,5,0,0.008889906108379364,67.29963684082031,66.8048095703125,237.46470642089844,356.2598876953125,False
tb0128.png,6,0,0.00853106752038002,334.20703125,175.41798400878906,454.6154479980469,378.5469665527344,False
tb0128.png,7,0,0.008516693487763405,92.1019058227539,147.24107360839844,212.3394317626953,224.21621704101562,False
tb0128.png,8,0,0.0075310575775802135,346.0836486816406,250.3728485107422,453.6551818847656,375.1957702636719,False
tb0128.png,9,0,0.007365790195763111,135.4772491455078,83.64927673339844,207.44876098632812,173.0845184326172,False
tb0128.png,10,0,0.005519417580217123,317.607421875,79.41893768310547,407.0868225097656,168.6725616455078,False
tb0128.png,11,0,0.003985177725553513,71.35796356201172,143.56759643554688,226.0907440185547,352.45361328125,False
tb0128.png,12,0,0.0032644630409777164,95.17729949951172,155.38369750976562,180.3334503173828,210.27476501464844,False
tb0128.png,13,0,0.002521843882277608,131.98355102539062,82.6380386352539,192.85098266601562,131.5869598388672,False
tb0128.png,14,0,0.001551179913803935,316.009765625,119.61954498291016,456.99444580078125,373.947265625,False
tb0128.png,15,0,0.0014099696418270469,135.8668212890625,76.76868438720703,202.1659698486328,149.7135467529297,False
tb0128.png,16,0,0.0013910061679780483,70.07817840576172,235.2759246826172,228.6083526611328,358.156494140625,False
tb0128.png,17,0,0.0012914789840579033,311.7125549316406,72.3489761352539,394.8475036621094,157.6496124267578,False
tb0128.png,18,0,0.001227776287123561,97.87859344482422,167.71775817871094,160.3645782470703,210.82481384277344,False
tb0128.png,19,0,0.0011530392803251743,88.208251953125,166.36328125,154.2200927734375,214.9390411376953,False
tb0128.png,20,0,0.0010570281883701682,96.23466491699219,160.3505096435547,223.4453582763672,231.8669891357422,False
tb0128.png,21,0,0.0010196543298661709,141.0438995361328,89.7275619506836,224.6979522705078,182.4698486328125,False
tb0146.png,0,0,0.27427107095718384,132.57275390625,140.423828125,168.6472625732422,172.544189453125,False
tb0146.png,1,0,0.11990711838006973,134.07574462890625,137.94537353515625,201.37486267089844,177.52450561523438,False
tb0146.png,2,0,0.0963287428021431,88.8392333984375,197.50704956054688,233.638916015625,344.39013671875,False
tb0146.png,3,0,0.07307072728872299,88.1494140625,138.21304321289062,231.82958984375,328.9258728027344,False
tb0146.png,4,0,0.023492995649576187,322.8424377441406,220.0264129638672,442.05938720703125,329.194091796875,False
tb0146.png,5,0,0.009473149664700031,89.53515625,213.1765899658203,223.05984497070312,313.4135437011719,False
tb0146.png,6,0,0.007676169276237488,92.33312225341797,236.2772674560547,141.5521240234375,274.18280029296875,False
tb0146.png,7,0,0.005392906721681356,128.1698760986328,138.1453094482422,179.73779296875,179.29515075683594,False
tb0146.png,8,0,0.00522206723690033,309.1176452636719,199.99380493164062,444.5478515625,391.4998474121094,False
tb0146.png,9,0,0.004921324085444212,340.59375,229.18740844726562,442.37628173828125,356.9031677246094,False
tb0146.png,10,0,0.004099039360880852,97.2889633178711,134.6355438232422,224.6759490966797,253.07542419433594,False
tb0146.png,11,0,0.004095475189387798,310.7892150878906,104.0895767211914,378.88238525390625,172.2545623779297,False
tb0146.png,12,0,0.0036999599542468786,319.419921875,204.24929809570312,434.5081481933594,298.1217041015625,False
tb0146.png,13,0,0.003608336905017495,130.2671661376953,125.31511688232422,219.3756103515625,191.2779083251953,False
tb0146.png,14,0,0.0035841406788676977,354.9747009277344,215.19346618652344,440.7964782714844,308.9771423339844,False
tb0146.png,15,0,0.0034234896302223206,292.8509216308594,186.03038024902344,384.42779541015625,290.0951232910156,False
tb0146.png,16,0,0.002716622781008482,139.87548828125,138.3386688232422,182.0082550048828,170.3318634033203,False
tb0146.png,17,0,0.0026040123775601387,118.3265609741211,129.4104461669922,218.75198364257812,215.1391143798828,False
tb0146.png,18,0,0.002603159286081791,127.23503875732422,128.9814453125,207.3129119873047,180.6868133544922,False
tb0146.png,19,0,0.002526923082768917,315.1894226074219,78.81194305419922,434.87969970703125,280.0440673828125,False
tb0146.png,20,0,0.0020259548909962177,347.00390625,251.7555694580078,447.1779479980469,387.3145446777344,False
tb0146.png,21,0,0.001779912505298853,93.0434341430664,232.27049255371094,212.6218719482422,338.3432312011719,False
tb0146.png,22,0,0.00167196209076792,126.72808074951172,135.97244262695312,196.3206024169922,185.74966430664062,False
tb0146.png,23,0,0.0016147901769727468,365.0033264160156,353.1443786621094,440.38818359375,417.2559509277344,False
tb0146.png,24,0,0.0015787978190928698,128.8072509765625,143.0277557373047,169.0559844970703,181.2613525390625,False
tb0146.png,25,0,0.0015428763581439853,271.28643798828125,183.03089904785156,373.7909851074219,294.9015197753906,False
tb0146.png,26,0,0.0013195618521422148,90.5110092163086,230.6845245361328,209.0831756591797,309.43603515625,False
tb0154.png,0,0,0.12241333723068237,332.0860900878906,128.8491668701172,398.1783752441406,177.70364379882812,False
tb0154.png,1,0,0.05839285999536514,286.0413513183594,62.24563217163086,346.5372314453125,134.88027954101562,False
tb0154.png,2,0,0.049563344568014145,83.91844940185547,125.9552230834961,192.40077209472656,204.2111358642578,False
tb0154.png,3,0,0.0360066257417202,321.2945861816406,127.646484375,409.3837585449219,207.17222595214844,False
tb0154.png,4,0,0.024867963045835495,334.9725036621094,130.1327667236328,402.0865783691406,191.4445343017578,False
tb0154.png,5,0,0.020963380113244057,318.4541931152344,125.8276138305664,397.7336120605469,185.2040252685547,False
tb0154.png,6,0,0.017937980592250824,328.1421813964844,136.65269470214844,424.22491455078125,242.42919921875,False
tb0154.png,7,0,0.01519228145480156,341.96466064453125,162.37657165527344,427.2325134277344,245.7418212890625,False
tb0154.png,8,0,0.011929654516279697,343.6274108886719,130.204833984375,398.2353210449219,167.88182067871094,False
tb0154.png,9,0,0.010277877561748028,316.10369873046875,116.60686492919922,404.5689392089844,193.3090057373047,False
tb0154.png,10,0,0.00886605679988861,100.91097259521484,133.95968627929688,192.1846923828125,194.72238159179688,False
tb0154.png,11,0,0.008613739162683487,80.4162368774414,83.21086883544922,213.2206268310547,208.6613006591797,False
tb0154.png,12,0,0.007992877624928951,98.32780456542969,138.8081512451172,168.7373809814453,190.70803833007812,False
tb0154.png,13,0,0.006040604319423437,352.6568603515625,132.7950439453125,396.9416809082031,163.9763641357422,False
tb0154.png,14,0,0.004487008322030306,352.6086120605469,180.9403076171875,424.8550720214844,249.2079315185547,False
tb0154.png,15,0,0.00448292912915349,338.7236328125,119.3010025024414,410.7643737792969,179.83865356445312,False
tb0154.png,16,0,0.0044076875783503056,359.6628112792969,122.36003875732422,393.1888122558594,157.8942108154297,False
tb0154.png,17,0,0.004126350395381451,293.2240905761719,61.775146484375,369.593505859375,139.48948669433594,False
tb0154.png,18,0,0.004120922181755304,362.4021911621094,122.20137023925781,396.31866455078125,147.71836853027344,False
tb0154.png,19,0,0.003809081856161356,48.57331466674805,73.5774154663086,223.0178680419922,343.9246826171875,False
tb0154.png,20,0,0.0036354446783661842,318.336181640625,86.73019409179688,412.80499267578125,180.9413299560547,False
tb0154.png,21,0,0.0030167659278959036,146.5702362060547,51.785621643066406,217.5991668701172,140.82933044433594,False
tb0154.png,22,0,0.002693269867449999,270.26416015625,55.2056999206543,339.7218322753906,137.1346435546875,False
tb0154.png,23,0,0.002667787717655301,293.8824157714844,102.39656066894531,401.6087951660156,197.9034423828125,False
tb0154.png,24,0,0.002627534558996558,80.72441864013672,96.62772369384766,194.6757049560547,195.4653778076172,False
tb0154.png,25,0,0.002421347890049219,350.0908203125,129.83169555664062,391.328125,160.98770141601562,False
tb0154.png,26,0,0.0021454000379890203,292.00933837890625,64.9567642211914,419.8424987792969,247.48867797851562,False
tb0154.png,27,0,0.0020017705392092466,107.4788818359375,80.64131164550781,208.74790954589844,192.197998046875,False
tb0154.png,28,0,0.0017847073031589389,286.25128173828125,40.98303985595703,416.02783203125,215.7879638671875,False
tb0154.png,29,0,0.0017359928460791707,338.8438415527344,169.59446716308594,422.42919921875,262.6961364746094,False
tb0154.png,30,0,0.0017254147678613663,96.04364776611328,134.8398895263672,214.236083984375,214.5402374267578,False
tb0154.png,31,0,0.0015929912915453315,353.3571472167969,92.01429748535156,409.5463562011719,159.13780212402344,False
tb0154.png,32,0,0.0014568474143743515,82.9996566772461,94.11370849609375,141.67080688476562,137.23777770996094,False
tb0154.png,33,0,0.00136326695792377,288.0257873535156,82.40875244140625,373.09912109375,155.11476135253906,False
tb0154.png,34,0,0.0013416997389867902,66.61961364746094,136.62828063964844,185.3373260498047,220.7390899658203,False
tb0154.png,35,0,0.0012355184881016612,92.91873931884766,95.49911499023438,138.94960021972656,132.2483367919922,False
tb0154.png,36,0,0.0011954609071835876,283.22564697265625,54.44379806518555,337.3993835449219,127.2237319946289,False
tb0154.png,37,0,0.001092396560125053,323.74609375,120.3050765991211,413.7524108886719,233.485107421875,False
tb0154.png,38,0,0.0010586739517748356,306.2610778808594,117.1206283569336,419.67803955078125,253.3451385498047,False
tb0154.png,39,0,0.0010526020778343081,328.0318298339844,153.73728942871094,397.41925048828125,201.6415252685547,False
tb0163.png,0,0,0.7020568251609802,321.9933776855469,123.65215301513672,428.37139892578125,243.49429321289062,True
tb0163.png,1,0,0.05073777586221695,372.0209655761719,228.20689392089844,475.2518005371094,344.0038757324219,False
tb0163.png,2,0,0.026515882462263107,316.55517578125,125.72798156738281,448.5682067871094,263.4201965332031,False
tb0163.png,3,0,0.016620200127363205,397.8256530761719,237.8008270263672,478.4030456542969,349.47711181640625,False
tb0163.png,4,0,0.013440413400530815,117.1551513671875,121.84272766113281,263.9418640136719,363.0132751464844,False
tb0163.png,5,0,0.011824609711766243,384.6009216308594,225.6997528076172,467.805908203125,313.58599853515625,False
tb0163.png,6,0,0.006359296850860119,329.74542236328125,122.5909652709961,469.7536315917969,331.56103515625,False
tb0163.png,7,0,0.0051623256877064705,140.2889862060547,141.57823181152344,241.27273559570312,243.141845703125,False
tb0163.png,8,0,0.004499276168644428,391.5433044433594,233.56497192382812,470.3446960449219,333.1877136230469,False
tb0163.png,9,0,0.0031786994077265263,361.7186279296875,218.0701141357422,468.2020568847656,318.5472717285156,False
tb0163.png,10,0,0.0022668701130896807,349.849853515625,195.37757873535156,469.2492370605469,338.5848083496094,False
tb0163.png,11,0,0.001976953586563468,373.9811706542969,214.69810485839844,466.44873046875,297.1274108886719,False
tb0163.png,12,0,0.0017741859192028642,332.9424743652344,122.43794250488281,423.453125,207.85903930664062,False
tb0164.png,0,0,0.5929210782051086,148.58914184570312,111.42170715332031,237.6881103515625,212.5486297607422,True
tb0164.png,1,0,0.5913558006286621,281.7319030761719,118.8766098022461,391.6873474121094,268.53460693359375,True
tb0164.png,2,0,0.09237606823444366,290.4818420410156,175.02696228027344,393.58740234375,273.9601745605469,False
tb0164.png,3,0,0.04884292185306549,121.7657241821289,105.9945297241211,239.6692352294922,305.6811218261719,False
tb0164.png,4,0,0.02250937931239605,139.8920135498047,110.9195327758789,239.00901794433594,244.3997802734375,False
tb0164.png,5,0,0.006625443696975708,297.5848083496094,198.04539489746094,380.1318054199219,267.4446716308594,False
tb0164.png,6,0,0.006463939789682627,345.01300048828125,206.95535278320312,377.881103515625,235.7288360595703,False
tb0164.png,7,0,0.0063969227485358715,289.5872497558594,144.59854125976562,392.8974304199219,255.74661254882812,False
tb0164.png,8,0,0.004816330503672361,274.5568542480469,118.4822769165039,348.4696960449219,186.3436737060547,False
tb0164.png,9,0,0.003268309636041522,86.15813446044922,345.4756774902344,297.4076232910156,512.0,False
tb0164.png,10,0,0.0026331862900406122,289.2996520996094,192.35801696777344,379.1917419433594,253.5778350830078,False
tb0164.png,11,0,0.002025267807766795,335.8854064941406,204.855224609375,378.5613708496094,236.83560180664062,False
tb0164.png,12,0,0.0017061064718291163,334.5611267089844,204.15786743164062,382.1943359375,264.16290283203125,False
tb0164.png,13,0,0.0014641950838267803,265.0083923339844,202.91162109375,442.2647399902344,505.158203125,False
tb0164.png,14,0,0.0013103998498991132,312.7082214355469,193.5557098388672,392.5682678222656,275.0452575683594,False
tb0166.png,0,0,0.6304864287376404,106.82868957519531,66.0489501953125,193.1998748779297,142.07823181152344,True
tb0166.png,1,0,0.04803512245416641,112.18379211425781,71.7336196899414,182.3878631591797,134.79991149902344,False
tb0166.png,2,0,0.004302571527659893,85.4437484741211,151.37124633789062,202.23619079589844,250.3051300048828,False
tb0166.png,3,0,0.0029545635916292667,283.8758239746094,82.56237030029297,347.2688903808594,150.3411102294922,False
tb0166.png,4,0,0.002695129020139575,101.18191528320312,61.77109909057617,210.67019653320312,155.60704040527344,False
tb0166.png,5,0,0.0020087221637368202,86.86093139648438,140.85508728027344,214.52549743652344,269.87432861328125,False
tb0166.png,6,0,0.0017160011921077967,80.14903259277344,73.99724578857422,216.6754913330078,318.4441833496094,False
tb0166.png,7,0,0.0013917589094489813,89.29717254638672,107.6838150024414,214.608154296875,252.82835388183594,False
tb0166.png,8,0,0.0010127152781933546,123.2884521484375,57.6862678527832,201.19790649414062,138.82693481445312,False
tb0176.png,0,0,0.7418283224105835,84.83635711669922,132.2919921875,234.0131378173828,254.86070251464844,True
tb0176.png,1,0,0.045897357165813446,295.1460876464844,109.82568359375,411.8393249511719,314.3063049316406,False
tb0176.png,2,0,0.04477643594145775,313.04620361328125,193.52920532226562,407.4814453125,311.047119140625,False
tb0176.png,3,0,0.02840881608426571,88.86009216308594,166.21556091308594,159.8133087158203,226.7067108154297,False
tb0176.png,4,0,0.006865527015179396,301.20782470703125,177.9120330810547,405.62286376953125,294.9812927246094,False
tb0176.png,5,0,0.006711065303534269,295.0038757324219,126.4462890625,369.08306884765625,208.88633728027344,False
tb0176.png,6,0,0.005367280915379524,67.3477554321289,107.1211166381836,238.2768096923828,346.2878723144531,False
tb0176.png,7,0,0.002084666397422552,54.544921875,363.345703125,225.63381958007812,503.4377136230469,False
tb0176.png,8,0,0.0016986050177365541,331.4100036621094,198.80508422851562,410.2259216308594,273.9755859375,False
tb0176.png,9,0,0.001664980547502637,78.47081756591797,169.4325714111328,155.82252502441406,237.67861938476562,False
tb0176.png,10,0,0.0012677484191954136,317.02728271484375,232.88377380371094,393.5432434082031,294.57073974609375,False
tb0176.png,11,0,0.0011119954288005829,303.55206298828125,215.68052673339844,410.89483642578125,325.2083435058594,False
tb0201.png,0,0,0.7953081130981445,275.4864807128906,100.2239761352539,406.353271484375,304.8771667480469,True
tb0201.png,1,0,0.531317412853241,103.68501281738281,97.5008544921875,247.29092407226562,311.8653869628906,True
tb0201.png,2,0,0.4457836151123047,112.8316650390625,95.57133483886719,246.2677001953125,218.1193389892578,True
tb0201.png,3,0,0.03934941440820694,278.3878479003906,105.0652084350586,401.7519226074219,255.7677764892578,False
tb0201.png,4,0,0.011262085288763046,291.0346374511719,106.46465301513672,366.5151062011719,179.06729125976562,False
tb0201.png,5,0,0.0051390016451478004,281.674560546875,107.8268051147461,380.2513122558594,213.4462432861328,False
tb0201.png,6,0,0.0017940113320946693,225.0383758544922,342.56982421875,428.738037109375,509.1822204589844,False
tb0201.png,7,0,0.0014643582981079817,296.6413269042969,111.71269989013672,374.0576171875,195.975830078125,False
tb0201.png,8,0,0.001288966042920947,195.1601104736328,303.97052001953125,421.3978576660156,512.0,False
tb0201.png,9,0,0.0011272404808551073,82.76580047607422,360.10986328125,293.06622314453125,511.9608459472656,False
tb0201.png,10,0,0.0010938773630186915,323.9203796386719,183.2579345703125,399.8544921875,248.68479919433594,False
tb0212.png,0,0,0.7226637005805969,127.10808563232422,53.609130859375,251.215576171875,222.2827911376953,True
tb0212.png,1,0,0.055811960250139236,163.61399841308594,56.055030822753906,250.8378448486328,135.32034301757812,False
tb0212.png,2,0,0.033552877604961395,121.84423828125,54.6234130859375,260.130859375,325.8619384765625,False
tb0212.png,3,0,0.013517230749130249,289.4085998535156,118.3700942993164,415.23907470703125,370.0903015136719,False
tb0212.png,4,0,0.009821482002735138,146.2528839111328,54.290870666503906,247.99913024902344,146.9164276123047,False
tb0212.png,5,0,0.002473004162311554,105.3606185913086,322.9242248535156,175.0305633544922,391.3088073730469,False
tb0212.png,6,0,0.001784273306839168,107.0779800415039,100.66401672363281,263.5792541503906,391.8611755371094,False
tb0212.png,7,0,0.0016926151001825929,92.35124206542969,416.64923095703125,289.1852722167969,505.1828308105469,False
tb0212.png,8,0,0.0013141875388100743,244.28965759277344,415.0773620605469,386.1976623535156,512.0,False
tb0212.png,9,0,0.0010411880211904645,288.6597595214844,50.320556640625,425.8788146972656,355.8420715332031,False
tb0223.png,0,0,0.39507970213890076,119.7794189453125,79.73406219482422,219.36453247070312,173.22154235839844,False
tb0223.png,1,0,0.1778167337179184,117.54582977294922,125.27626037597656,180.6558380126953,173.0138397216797,False
tb0223.png,2,0,0.03043924644589424,120.799072265625,74.46855926513672,248.16848754882812,178.81236267089844,False
tb0223.png,3,0,0.029105670750141144,363.0260314941406,218.4584197998047,424.6839904785156,264.1930847167969,False
tb0223.png,4,0,0.015919698402285576,314.763427734375,208.59463500976562,419.3942565917969,304.2887878417969,False
tb0223.png,5,0,0.013032707385718822,356.19384765625,211.1099090576172,437.8779296875,276.493896484375,False
tb0223.png,6,0,0.011012941598892212,344.6619567871094,287.5294494628906,452.0187683105469,398.858154296875,False
tb0223.png,7,0,0.009842943400144577,306.8451843261719,198.17434692382812,453.40142822265625,395.5234680175781,False
tb0223.png,8,0,0.009320640005171299,314.1520080566406,135.68699645996094,439.7877502441406,275.55352783203125,False
tb0223.png,9,0,0.007676742039620876,370.3846130371094,155.3001251220703,422.6332702636719,201.84207153320312,False
tb0223.png,10,0,0.005644557531923056,360.6520080566406,152.36460876464844,418.16314697265625,208.9006805419922,False
tb0223.png,11,0,0.005070473067462444,371.87091064453125,152.18418884277344,414.74102783203125,190.18307495117188,False
tb0223.png,12,0,0.004634515382349491,299.12310791015625,84.3367691040039,362.072021484375,138.81602478027344,False
tb0223.png,13,0,0.004609605297446251,140.9135284423828,86.86499786376953,228.08848571777344,157.83726501464844,False
tb0223.png,14,0,0.0038174649234861135,147.19493103027344,99.85070037841797,200.71543884277344,136.70162963867188,False
tb0223.png,15,0,0.0031125235836952925,331.8734436035156,212.7353515625,433.87139892578125,306.7486267089844,False
tb0223.png,16,0,0.00295314472168684,104.3243408203125,55.70307540893555,263.4513244628906,355.15997314453125,False
tb0223.png,17,0,0.0028901523910462856,393.8522033691406,181.5528564453125,429.46051025390625,208.4687042236328,False
tb0223.png,18,0,0.00234802532941103,378.5324401855469,160.68247985839844,429.6519470214844,197.88124084472656,False
tb0223.png,19,0,0.0021291805896908045,313.866943359375,278.281982421875,446.08770751953125,397.051025390625,False
tb0223.png,20,0,0.0019028752576559782,329.414794921875,166.13148498535156,450.6268615722656,272.726318359375,False
tb0223.png,21,0,0.0018952008103951812,133.2355499267578,131.7998504638672,185.6166534423828,196.64468383789062,False
tb0223.png,22,0,0.0017640573205426335,146.4336395263672,81.35069274902344,244.8637237548828,142.917236328125,False
tb0223.png,23,0,0.001645659445784986,384.4457092285156,156.5500030517578,435.8232421875,205.6780242919922,False
tb0223.png,24,0,0.0016285884194076061,385.8172912597656,181.5580291748047,438.19580078125,230.6713104248047,False
tb0223.png,25,0,0.0014833585591986775,130.8171844482422,127.66426086425781,181.52537536621094,170.2414093017578,False
tb0223.png,26,0,0.0014469228917732835,326.8522644042969,206.889404296875,432.6156311035156,270.40142822265625,False
tb0223.png,27,0,0.0013112793676555157,195.35398864746094,77.5752182006836,258.8774719238281,143.66397094726562,False
tb0223.png,28,0,0.0012477980926632881,346.2420349121094,215.77500915527344,419.2608947753906,267.0927734375,False
tb0223.png,29,0,0.001174216391518712,317.2276916503906,178.2404022216797,441.033935546875,282.1542663574219,False
tb0223.png,30,0,0.001133924350142479,103.875244140625,74.39619445800781,254.76318359375,271.6170349121094,False
tb0223.png,31,0,0.001068228972144425,377.6735534667969,161.1349334716797,437.4074401855469,227.1532440185547,False
tb0223.png,32,0,0.001041992800310254,361.478271484375,208.62722778320312,453.4669494628906,266.3594665527344,False
tb0223.png,33,0,0.0010380157036706805,375.2789001464844,150.3986053466797,415.6423034667969,179.9435577392578,False
tb0239.png,0,0,0.6582095623016357,117.6468734741211,87.81201171875,229.8908233642578,236.45469665527344,True
tb0239.png,1,0,0.10697583109140396,125.40364074707031,91.0389175415039,218.64529418945312,191.84214782714844,False
tb0239.png,2,0,0.05773259699344635,92.1666259765625,189.6874542236328,141.80027770996094,236.78408813476562,False
tb0239.png,3,0,0.05075014382600784,285.7865295410156,92.18505096435547,354.7424011230469,170.11656188964844,False
tb0239.png,4,0,0.045455701649188995,87.5023422241211,95.2513198852539,228.9495849609375,366.3348693847656,False
tb0239.png,5,0,0.002922356128692627,288.8782653808594,122.4483413696289,347.50323486328125,170.6370086669922,False
tb0239.png,6,0,0.0023414299357682467,295.6649475097656,92.55461120605469,377.2774353027344,173.1341094970703,False
tb0239.png,7,0,0.002106393687427044,94.03348541259766,180.6118927001953,151.56622314453125,237.12600708007812,False
tb0239.png,8,0,0.002038001548498869,247.9980926513672,197.4067840576172,336.5580749511719,300.95733642578125,False
tb0239.png,9,0,0.001953502418473363,83.84675598144531,154.4536590576172,211.6495361328125,386.5802307128906,False
tb0239.png,10,0,0.0012727476423606277,136.2783660888672,87.40841674804688,216.81228637695312,170.3743438720703,False
tb0239.png,11,0,0.0011290422407910228,94.13269805908203,184.97972106933594,158.0148162841797,248.72805786132812,False
tb0239.png,12,0,0.0010103557724505663,94.2308120727539,179.66758728027344,138.12217712402344,230.5305633544922,False
tb0242.png,0,0,0.8377599120140076,318.42657470703125,93.2847671508789,449.94537353515625,240.47691345214844,True
tb0242.png,1,0,0.019930358976125717,96.67229461669922,92.36018371582031,263.70697021484375,340.2590026855469,False
tb0242.png,2,0,0.00622559804469347,103.7758560180664,171.9137725830078,238.7201385498047,274.19091796875,False
tb0242.png,3,0,0.004730380140244961,99.5816421508789,149.52305603027344,257.4910583496094,331.2928771972656,False
tb0242.png,4,0,0.0025746868923306465,101.36076354980469,135.28207397460938,254.1580352783203,281.20318603515625,False
tb0242.png,5,0,0.001038063201121986,303.401611328125,89.0504379272461,453.7438049316406,365.7279357910156,False
tb0242.png,6,0,0.0010241206036880612,106.6416015625,141.5204620361328,239.2006072998047,246.34214782714844,False
tb0252.png,0,0,0.7442997097969055,148.3303985595703,79.0996322631836,246.1181640625,187.3387451171875,True
tb0252.png,1,0,0.005843464285135269,149.8462677001953,77.65898895263672,252.6878204345703,235.858154296875,False
tb0252.png,2,0,0.0036472638603299856,325.10382080078125,125.38813781738281,434.2900085449219,342.25244140625,False
tb0252.png,3,0,0.0021833833307027817,327.7948303222656,206.6992950439453,393.7933654785156,294.8592224121094,False
tb0252.png,4,0,0.00199913140386343,327.90557861328125,117.08110809326172,391.1885681152344,177.899169921875,False
tb0252.png,5,0,0.0016659043030813336,112.3703842163086,78.2214584350586,265.43572998046875,231.5386505126953,False
tb0252.png,6,0,0.001467867405153811,329.8946228027344,123.73479461669922,398.8304748535156,187.9764404296875,False
tb0252.png,7,0,0.001233047223649919,318.35693359375,196.28515625,397.91259765625,304.3359375,False
tb0252.png,8,0,0.0010760562727227807,124.49199676513672,75.6017837524414,260.95806884765625,351.3883972167969,False
tb0283.png,0,0,0.6338988542556763,57.46393966674805,135.0059051513672,231.3404541015625,345.8200378417969,True
tb0283.png,1,0,0.4587230682373047,58.86519241333008,188.28575134277344,223.93505859375,350.2176208496094,True
tb0283.png,2,0,0.3907691240310669,300.8170471191406,93.7153091430664,463.65850830078125,351.61810302734375,False
tb0283.png,3,0,0.2148628681898117,302.473388671875,115.57315826416016,444.61285400390625,321.2235412597656,False
tb0283.png,4,0,0.15799158811569214,70.3135986328125,86.488525390625,239.74356079101562,251.75743103027344,False
tb0283.png,5,0,0.12647007405757904,298.80615234375,107.4423599243164,439.58447265625,272.15350341796875,False
tb0283.png,6,0,0.0191184114664793,324.34796142578125,133.83737182617188,465.3983459472656,363.134521484375,False
tb0283.png,7,0,0.01434981171041727,351.119140625,273.1999206542969,457.3492126464844,346.4684753417969,False
tb0283.png,8,0,0.008383199572563171,291.0314025878906,88.7933578491211,430.5329284667969,240.2450714111328,False
tb0283.png,9,0,0.002668545348569751,45.491455078125,377.0438537597656,248.5641632080078,508.6696472167969,False
tb0283.png,10,0,0.0025821698363870382,334.1714782714844,166.10470581054688,471.33447265625,397.0411071777344,False
tb0283.png,11,0,0.0013544493122026324,32.8524169921875,406.8603820800781,212.3190155029297,506.72344970703125,False
tb0283.png,12,0,0.0011160285212099552,51.46169662475586,241.0353546142578,151.38717651367188,353.2341003417969,False
tb0283.png,13,0,0.0011059432290494442,40.97532272338867,246.7436065673828,125.3355712890625,355.5563049316406,False
tb0286.png,0,0,0.5305677056312561,324.3293151855469,59.8336296081543,421.9549865722656,144.63674926757812,True
tb0286.png,1,0,0.4099721908569336,116.9383773803711,93.38236236572266,246.89756774902344,177.89898681640625,True
tb0286.png,2,0,0.36964866518974304,118.17939758300781,103.79302978515625,208.2563018798828,166.47386169433594,False
tb0286.png,3,0,0.33991900086402893,117.3647689819336,113.28663635253906,183.70193481445312,165.03082275390625,False
tb0286.png,4,0,0.1328754425048828,69.1912841796875,94.37906646728516,252.7196044921875,333.27789306640625,False
tb0286.png,5,0,0.033297307789325714,322.85040283203125,62.00371170043945,435.6963806152344,170.8957977294922,False
tb0286.png,6,0,0.026016559451818466,77.49121856689453,176.5198516845703,232.31640625,326.50872802734375,False
tb0286.png,7,0,0.02133536897599697,82.33235168457031,101.7369384765625,235.8088836669922,256.897705078125,False
tb0286.png,8,0,0.019467048346996307,314.3510437011719,65.45391082763672,446.4337463378906,201.3682861328125,False
tb0286.png,9,0,0.018139377236366272,117.53252410888672,66.86346435546875,244.1611785888672,170.72181701660156,False
tb0286.png,10,0,0.006706851534545422,80.1167221069336,124.75581359863281,230.7576904296875,287.5520935058594,False
tb0286.png,11,0,0.0035743331536650658,179.11669921875,108.18896484375,248.42124938964844,160.62596130371094,False
tb0286.png,12,0,0.00304877245798707,182.55438232421875,97.38970184326172,257.9201354980469,171.25503540039062,False
tb0286.png,13,0,0.002480966504663229,323.99853515625,57.595916748046875,456.05523681640625,231.0391845703125,False
tb0286.png,14,0,0.0023360804188996553,33.96328353881836,340.3188171386719,205.712646484375,503.5339050292969,False
tb0286.png,15,0,0.0016525048995390534,348.6554870605469,76.04553985595703,425.305419921875,148.5655059814453,False
tb0286.png,16,0,0.0013317759148776531,341.7538757324219,68.4375,420.6513366699219,136.2975311279297,False
tb0286.png,17,0,0.001208711415529251,121.1525650024414,109.91020965576172,245.5295867919922,196.1886749267578,False
tb0286.png,18,0,0.0010722714941948652,91.98706817626953,190.69320678710938,208.63658142089844,281.02105712890625,False
tb0293.png,0,0,0.4133897125720978,121.15087890625,66.83502960205078,264.4046325683594,206.6571502685547,True
tb0293.png,1,0,0.2843279540538788,109.54192352294922,59.0330810546875,239.547119140625,260.0774841308594,False
tb0293.png,2,0,0.137924462556839,99.56084442138672,71.63665008544922,237.3419647216797,312.9583435058594,False
tb0293.png,3,0,0.05409431457519531,360.0035705566406,141.8499755859375,453.134765625,250.8818359375,False
tb0293.png,4,0,0.0240895114839077,357.2508239746094,102.20452117919922,447.91998291015625,261.6198425292969,False
tb0293.png,5,0,0.015309738926589489,360.61474609375,190.89443969726562,442.46759033203125,256.699462890625,False
tb0293.png,6,0,0.008889846503734589,323.5821838378906,67.28327941894531,451.83453369140625,260.0442199707031,False
tb0293.png,7,0,0.00842895545065403,378.10699462890625,197.7376708984375,447.115478515625,251.89085388183594,False
tb0293.png,8,0,0.00803876668214798,372.267333984375,149.3919677734375,441.5191345214844,199.6627960205078,False
tb0293.png,9,0,0.007646029349416494,369.5577697753906,172.05776977539062,453.1048278808594,285.7763366699219,False
tb0293.png,10,0,0.0054736207239329815,105.63130187988281,211.24868774414062,173.7273406982422,264.317138671875,False
tb0293.png,11,0,0.004012663383036852,350.435791015625,330.076171875,439.6109924316406,387.0630798339844,False
tb0293.png,12,0,0.003533481154590845,366.5806579589844,103.9415283203125,448.01910400390625,203.7418212890625,False
tb0293.png,13,0,0.0025207095313817263,360.06231689453125,94.2666244506836,441.211181640625,225.6417236328125,False
tb0293.png,14,0,0.002231513150036335,304.0049743652344,106.293212890625,459.3649597167969,378.8625183105469,False
tb0293.png,15,0,0.0018592929700389504,75.3609619140625,389.7315368652344,281.7180480957031,509.9717712402344,False
tb0293.png,16,0,0.0017808531410992146,370.38970947265625,142.87889099121094,446.622314453125,222.5665740966797,False
tb0293.png,17,0,0.001711706630885601,72.83633422851562,414.85009765625,248.33218383789062,506.5213928222656,False
tb0293.png,18,0,0.001514468458481133,353.8537292480469,131.8291778564453,445.41412353515625,231.737548828125,False
tb0293.png,19,0,0.0011529860785230994,319.708984375,316.6568298339844,423.1581115722656,386.9762268066406,False
tb0313.png,0,0,0.4898703694343567,64.02664184570312,43.69257736206055,224.5558319091797,296.20416259765625,True
tb0313.png,1,0,0.2158585488796234,128.207763671875,40.45266342163086,234.8112030029297,157.2039031982422,False
tb0313.png,2,0,0.2100602090358734,86.98491668701172,38.5850830078125,234.9946746826172,198.441650390625,False
tb0313.png,3,0,0.050731778144836426,57.62807846069336,90.4637451171875,214.19004821777344,313.9571228027344,False
tb0313.png,4,0,0.049268852919340134,272.303466796875,54.94269943237305,422.0902404785156,302.0412292480469,False
tb0313.png,5,0,0.04505757614970207,96.45057678222656,110.25554656982422,149.20162963867188,151.031982421875,False
tb0313.png,6,0,0.02906513772904873,276.8466491699219,131.2472686767578,415.8279724121094,306.9408264160156,False
tb0313.png,7,0,0.019261430948972702,141.87754821777344,42.05221176147461,242.57583618164062,141.19554138183594,False
tb0313.png,8,0,0.01575348526239395,85.77011108398438,83.9471435546875,206.8315887451172,199.17080688476562,False
tb0313.png,9,0,0.013603249564766884,90.72014617919922,111.87109375,150.458740234375,173.2729034423828,False
tb0313.png,10,0,0.012407292611896992,121.5589599609375,39.159828186035156,245.68057250976562,184.10621643066406,False
tb0313.png,11,0,0.01086543407291174,313.2294616699219,209.83042907714844,412.7006530761719,302.1925354003906,False
tb0313.png,12,0,0.010746613144874573,88.85262298583984,106.86052703857422,159.37802124023438,184.58323669433594,False
tb0313.png,13,0,0.002608179347589612,313.15252685546875,90.13986206054688,374.2680969238281,137.1114959716797,False
tb0313.png,14,0,0.002528741955757141,51.76821517944336,337.98443603515625,252.2672576904297,510.3046569824219,False
tb0313.png,15,0,0.002202749252319336,83.18038177490234,118.9170150756836,151.34535217285156,182.2759552001953,False
tb0313.png,16,0,0.001638826448470354,107.1828842163086,38.31254196166992,261.6632995605469,218.2626495361328,False
tb0313.png,17,0,0.0013956772163510323,30.99005126953125,270.1023864746094,114.86687469482422,338.46783447265625,False
tb0313.png,18,0,0.0013089434942230582,270.2283630371094,50.76250076293945,401.6609802246094,222.56704711914062,False
tb0313.png,19,0,0.0012381784617900848,75.38903045654297,99.0975570678711,213.2346954345703,234.7834930419922,False
tb0313.png,20,0,0.001173049327917397,49.6939697265625,89.24847412109375,225.6137237548828,403.0926208496094,False
tb0313.png,21,0,0.0011208944488316774,62.99492263793945,280.3455505371094,112.2522201538086,320.6195373535156,False
tb0313.png,22,0,0.0011033923365175724,276.546875,50.0258674621582,381.8816833496094,160.95335388183594,False
tb0313.png,23,0,0.0010200487449765205,47.961483001708984,262.1424255371094,249.3049774169922,473.2698669433594,False
tb0313.png,24,0,0.0010098913917317986,304.9867248535156,70.73240661621094,378.70489501953125,140.4591064453125,False
tb0321.png,0,0,0.5308104157447815,343.2181701660156,77.68673706054688,450.27740478515625,157.4574432373047,True
tb0321.png,1,0,0.0838117003440857,352.5138244628906,86.62943267822266,445.6549377441406,150.55511474609375,False
tb0321.png,2,0,0.04062383621931076,358.4584655761719,91.6867446899414,423.87921142578125,139.5572052001953,False
tb0321.png,3,0,0.010782867670059204,374.0420837402344,83.97354125976562,456.98614501953125,157.44985961914062,False
tb0321.png,4,0,0.008490805514156818,122.82598114013672,93.35906982421875,191.833740234375,151.40870666503906,False
tb0321.png,5,0,0.0065071601420640945,41.36330795288086,313.66558837890625,249.1374969482422,508.9449768066406,False
tb0321.png,6,0,0.00642236415296793,127.12324523925781,91.70967864990234,186.2683563232422,137.80148315429688,False
tb0321.png,7,0,0.005622024182230234,275.7662048339844,311.8346252441406,489.5101623535156,512.0,False
tb0321.png,8,0,0.004213104490190744,336.1399841308594,78.73504638671875,466.3619689941406,182.18881225585938,False
tb0321.png,9,0,0.003193018725141883,130.2630157470703,95.77899169921875,201.59666442871094,157.36761474609375,False
tb0321.png,10,0,0.002308247145265341,123.2906265258789,106.1383285522461,195.4197235107422,161.0013885498047,False
tb0321.png,11,0,0.0021322534885257483,359.0359802246094,56.259376525878906,454.6739196777344,155.9434051513672,False
tb0321.png,12,0,0.0020847038831561804,131.9833526611328,92.49396514892578,184.646484375,126.6054458618164,False
tb0321.png,13,0,0.0016803800826892257,219.52964782714844,297.5287780761719,456.9862976074219,512.0,False
tb0321.png,14,0,0.0016097573097795248,323.68408203125,77.45037078857422,411.25030517578125,160.3914794921875,False
tb0321.png,15,0,0.001189111266285181,323.33447265625,317.2699279785156,512.0,508.9546813964844,False
tb0321.png,16,0,0.0011391534935683012,116.07460021972656,113.3757095336914,184.02365112304688,162.5023651123047,False
tb0329.png,0,0,0.5994728803634644,274.770751953125,71.6190414428711,373.2201843261719,195.0186767578125,True
tb0329.png,1,0,0.12503036856651306,287.5452880859375,82.14680480957031,373.1679992675781,171.2440185546875,False
tb0329.png,2,0,0.02468348667025566,122.8734359741211,118.82991027832031,220.3617706298828,228.3275146484375,False
tb0329.png,3,0,0.019796714186668396,274.12615966796875,68.43212890625,365.8917236328125,161.2583465576172,False
tb0329.png,4,0,0.013279634527862072,126.31396484375,107.0913314819336,218.56411743164062,197.5950927734375,False
tb0329.png,5,0,0.009856857359409332,112.82246398925781,112.11763000488281,214.30276489257812,212.56094360351562,False
tb0329.png,6,0,0.009095181711018085,285.5374450683594,101.36296844482422,363.621826171875,162.9854736328125,False
tb0329.png,7,0,0.006701119709759951,129.4110870361328,129.91384887695312,219.50244140625,193.2541961669922,False
tb0329.png,8,0,0.005540563724935055,101.87955474853516,110.23998260498047,175.33111572265625,175.0828094482422,False
tb0329.png,9,0,0.004782878793776035,25.719507217407227,51.790199279785156,106.46785736083984,131.22671508789062,False
tb0329.png,10,0,0.003062893869355321,134.8551788330078,122.54890441894531,210.90054321289062,185.75254821777344,False
tb0329.png,11,0,0.0030252793803811073,100.2107925415039,107.28630828857422,218.60598754882812,240.9047393798828,False
tb0329.png,12,0,0.0023544577416032553,0.0,163.16897583007812,56.324012756347656,219.60427856445312,False
tb0329.png,13,0,0.002213132567703724,102.43688201904297,125.0195541381836,168.83334350585938,178.2229766845703,False
tb0329.png,14,0,0.0018157112644985318,121.1883773803711,94.14875030517578,212.5236358642578,179.90696716308594,False
tb0329.png,15,0,0.0012931696837767959,107.28645324707031,106.60601043701172,178.6553955078125,163.2811279296875,False
tb0329.png,16,0,0.0012257455382496119,260.9545593261719,67.9733657836914,322.8443908691406,123.6606674194336,False
tb0329.png,17,0,0.0011994346277788281,119.2631607055664,153.1558837890625,179.9110565185547,206.0770263671875,False
tb0329.png,18,0,0.0011842584935948253,92.36894989013672,87.8870620727539,221.6177215576172,263.71453857421875,False
tb0329.png,19,0,0.0010569064179435372,139.5176544189453,118.31526184082031,223.0502166748047,208.9896240234375,False
tb0329.png,20,0,0.0010488858679309487,276.83367919921875,63.546241760253906,354.23675537109375,145.0843505859375,False
tb0342.png,0,0,0.7309345006942749,301.53326416015625,180.20822143554688,432.27154541015625,292.3145446777344,True
tb0342.png,1,0,0.028237711638212204,91.08979797363281,147.931884765625,240.0030059814453,359.5978698730469,False
tb0342.png,2,0,0.011204816401004791,100.9046401977539,175.4671173095703,236.7487030029297,330.4770202636719,False
tb0342.png,3,0,0.0013158933725208044,108.7542953491211,179.59629821777344,225.3430938720703,286.012451171875,False
tb0342.png,4,0,0.0012623744551092386,429.24200439453125,374.86334228515625,473.9723815917969,412.7494812011719,False
tb0346.png,0,0,0.5066466927528381,56.505226135253906,99.6134262084961,231.3601531982422,367.36651611328125,True
tb0346.png,1,0,0.2709733545780182,88.4449234008789,94.86405944824219,225.1162109375,219.02066040039062,False
tb0346.png,2,0,0.20359663665294647,66.8514404296875,93.4393539428711,227.81973266601562,303.5455017089844,False
tb0346.png,3,0,0.056509748101234436,293.8525390625,99.7530746459961,452.2158203125,280.46044921875,False
tb0346.png,4,0,0.00868352223187685,59.07939529418945,219.0703582763672,231.3878631591797,370.424560546875,False
tb0346.png,5,0,0.005220900755375624,327.3800354003906,287.341796875,454.0130310058594,401.62237548828125,False
tb0346.png,6,0,0.005200432613492012,302.09326171875,121.62428283691406,463.4460144042969,389.3284606933594,False
tb0346.png,7,0,0.002545288996770978,295.851806640625,97.65791320800781,393.01324462890625,189.09512329101562,False
tb0346.png,8,0,0.0024725431576371193,291.7920837402344,97.22250366210938,435.4551696777344,228.3025360107422,False
tb0346.png,9,0,0.001426641014404595,357.7796325683594,147.0820770263672,445.7470703125,263.498046875,False
tb0346.png,10,0,0.0013156026834622025,289.1779479980469,101.341064453125,372.6366271972656,186.82688903808594,False
tb0346.png,11,0,0.0012229285202920437,16.831167221069336,272.2434997558594,100.37627410888672,402.2782897949219,False
tb0346.png,12,0,0.001182536594569683,126.816162109375,110.2464599609375,224.4407501220703,212.0352325439453,False
tb0346.png,13,0,0.0010686315363273025,365.0966796875,162.11471557617188,455.25,283.7945861816406,False
tb0372.png,0,0,0.4105689525604248,298.0281066894531,80.55818939208984,387.3826904296875,182.80128479003906,True
tb0372.png,1,0,0.24090442061424255,106.2889404296875,93.40094757080078,239.085693359375,228.7910919189453,False
tb0372.png,2,0,0.03929145261645317,91.57832336425781,86.91483306884766,249.4076385498047,325.1439514160156,False
tb0372.png,3,0,0.028940387070178986,144.4328155517578,93.47897338867188,239.67491149902344,197.2587127685547,False
tb0372.png,4,0,0.017034629359841347,158.9054412841797,98.83146667480469,228.0020294189453,169.9029083251953,False
tb0372.png,5,0,0.012416954152286053,370.4451599121094,205.93643188476562,443.359375,299.6593933105469,False
tb0372.png,6,0,0.009383835829794407,300.885986328125,71.80608367919922,440.772216796875,283.583984375,False
tb0372.png,7,0,0.007959110662341118,308.9522705078125,91.04341125488281,386.3891906738281,172.56582641601562,False
tb0372.png,8,0,0.007566480897367001,346.75738525390625,196.83383178710938,446.32476806640625,308.216552734375,False
tb0372.png,9,0,0.006964395754039288,104.3871841430664,176.99755859375,168.5107421875,230.1019744873047,False
tb0372.png,10,0,0.005305323284119368,296.4024963378906,81.1269302368164,410.7959899902344,205.2760467529297,False
tb0372.png,11,0,0.004176256712526083,107.38982391357422,184.69334411621094,172.2941131591797,237.53025817871094,False
tb0372.png,12,0,0.003003801917657256,291.81768798828125,85.9056396484375,427.1233825683594,245.04092407226562,False
tb0372.png,13,0,0.002346566878259182,92.81236267089844,164.76963806152344,241.8574676513672,315.353515625,False
tb0372.png,14,0,0.0023238281719386578,289.71160888671875,73.18647003173828,377.22747802734375,170.74462890625,False
tb0372.png,15,0,0.0022207542788237333,269.9714050292969,67.8026351928711,360.9236755371094,182.08779907226562,False
tb0372.png,16,0,0.0019645877182483673,327.337890625,184.81436157226562,442.71710205078125,296.22589111328125,False
tb0372.png,17,0,0.0018032987136393785,135.62088012695312,89.7270736694336,233.13279724121094,175.54296875,False
tb0372.png,18,0,0.001565250102430582,326.29937744140625,135.5889129638672,440.5406799316406,293.8831481933594,False
tb0372.png,19,0,0.0015607427340000868,361.2369689941406,214.00279235839844,448.9140319824219,329.0743713378906,False
tb0372.png,20,0,0.0014705529902130365,120.13362121582031,86.2846908569336,228.34622192382812,199.2555389404297,False
tb0372.png,21,0,0.0014559271512553096,128.9496307373047,112.68025970458984,205.58926391601562,170.59478759765625,False
tb0372.png,22,0,0.0011876068310812116,49.81731033325195,366.3691101074219,260.1698913574219,512.0,False
tb0372.png,23,0,0.0010171860922127962,354.16357421875,178.3936004638672,441.69970703125,280.6917419433594,False
tb0376.png,0,0,0.7841667532920837,123.26067352294922,30.490015029907227,241.4447784423828,136.72239685058594,True
tb0376.png,1,0,0.2315860539674759,284.4049377441406,42.20650100708008,411.833740234375,169.77598571777344,False
tb0376.png,2,0,0.08947434276342392,287.5610046386719,41.95549392700195,395.9860534667969,138.8047332763672,False
tb0376.png,3,0,0.013690880499780178,291.8667297363281,45.07258605957031,368.4659423828125,133.21189880371094,False
tb0376.png,4,0,0.006201982963830233,280.4365234375,38.2445068359375,418.5756530761719,218.26806640625,False
tb0376.png,5,0,0.0035908992867916822,297.0238342285156,37.54555892944336,380.5978698730469,108.5262680053711,False
tb0376.png,6,0,0.003543224185705185,325.80792236328125,190.15481567382812,406.2694396972656,253.6065673828125,False
tb0376.png,7,0,0.0027640657499432564,124.76897430419922,49.152259826660156,214.68692016601562,110.40450286865234,False
tb0376.png,8,0,0.002619541482999921,88.29743957519531,98.7886734008789,219.4284210205078,228.3614959716797,False
tb0376.png,9,0,0.002217887667939067,93.87590789794922,31.099390029907227,238.598388671875,154.0935821533203,False
tb0376.png,10,0,0.002014740137383342,85.51094055175781,44.547607421875,237.50454711914062,238.90469360351562,False
tb0376.png,11,0,0.0018469616770744324,310.3790283203125,45.736690521240234,387.44964599609375,114.8237533569336,False
tb0376.png,12,0,0.001395331579260528,288.86846923828125,26.746509552001953,382.9679870605469,117.77684783935547,False
tb0376.png,13,0,0.001129808253608644,154.970458984375,33.70746994018555,247.9794158935547,139.07286071777344,False
tb0378.png,0,0,0.7956163287162781,60.06401443481445,70.8395767211914,199.15664672851562,214.48828125,True
tb0378.png,1,0,0.03312484547495842,30.06879234313965,81.75263977050781,195.29112243652344,303.2277526855469,False
tb0378.png,2,0,0.008769512176513672,270.9352722167969,84.6856918334961,420.25567626953125,288.6259460449219,False
tb0378.png,3,0,0.004376008175313473,299.4906921386719,130.6117401123047,416.5572204589844,280.73419189453125,False
tb0378.png,4,0,0.004004241432994604,355.78472900390625,155.03579711914062,418.6526794433594,245.26123046875,False
tb0378.png,5,0,0.0034699058160185814,18.350910186767578,106.75371551513672,195.8861541748047,406.25201416015625,False
tb0378.png,6,0,0.003265302162617445,250.9141082763672,78.79730987548828,380.1585388183594,183.2749481201172,False
tb0378.png,7,0,0.002526397816836834,28.948368072509766,210.7152557373047,91.21826171875,267.3116149902344,False
tb0378.png,8,0,0.001904006814584136,330.08624267578125,125.7091293334961,419.91680908203125,274.3215026855469,False
tb0378.png,9,0,0.0015605853404849768,345.433837890625,155.79571533203125,425.10504150390625,261.2209167480469,False
tb0378.png,10,0,0.0015579358441755176,258.5517578125,79.00044250488281,409.59625244140625,247.40415954589844,False
tb0378.png,11,0,0.0015359079698100686,350.73583984375,171.2511444091797,424.4416198730469,279.3282165527344,False
tb0378.png,12,0,0.0011787685798481107,254.87303161621094,76.06965637207031,404.7261657714844,202.48818969726562,False
tb0378.png,13,0,0.0011156251421198249,30.21760368347168,144.9990692138672,184.5587615966797,300.6458435058594,False
tb0378.png,14,0,0.0010266321478411555,309.66845703125,107.80012512207031,415.6904296875,249.04336547851562,False
tb0380.png,0,0,0.900600016117096,325.18804931640625,50.064544677734375,459.356689453125,224.59634399414062,True
tb0380.png,1,0,0.4240210950374603,104.29924774169922,213.560546875,261.09765625,358.0785217285156,True
tb0380.png,2,0,0.03765685856342316,98.4961166381836,130.4589385986328,263.30377197265625,358.3944396972656,False
tb0380.png,3,0,0.006566893309354782,100.67973327636719,61.7359619140625,270.50634765625,341.14837646484375,False
tb0380.png,4,0,0.002995672868564725,79.34249114990234,232.21279907226562,166.72109985351562,346.580810546875,False
tb0380.png,5,0,0.0028734691441059113,100.82258605957031,228.1570281982422,191.8061981201172,335.56475830078125,False
tb0380.png,6,0,0.0026763170026242733,91.8277587890625,227.62637329101562,182.60972595214844,357.9401550292969,False
tb0380.png,7,0,0.0012995320139452815,176.2884063720703,66.82364654541016,230.6776123046875,110.28331756591797,False
tb0380.png,8,0,0.0011363221565261483,107.6319808959961,253.98037719726562,175.673583984375,320.16387939453125,False
tb0380.png,9,0,0.0011326262028887868,353.5829772949219,277.587158203125,445.789794921875,363.7438659667969,False
tb0382.png,0,0,0.5390446186065674,83.31182098388672,148.31089782714844,254.9710693359375,316.7112731933594,True
tb0382.png,1,0,0.09597156196832657,83.94845581054688,187.46145629882812,240.28591918945312,303.3589782714844,False
tb0382.png,2,0,0.08731492608785629,184.4740447998047,27.78765869140625,232.5646209716797,79.23197174072266,False
tb0382.png,3,0,0.07631929963827133,173.97935485839844,26.72067642211914,240.36534118652344,88.92626953125,False
tb0382.png,4,0,0.07331918925046921,313.3066101074219,140.65953063964844,462.01080322265625,306.6875915527344,False
tb0382.png,5,0,0.0558433011174202,351.3178405761719,144.791259765625,450.23785400390625,255.4162139892578,False
tb0382.png,6,0,0.033128686249256134,87.30223846435547,197.16714477539062,206.13589477539062,295.017578125,False
tb0382.png,7,0,0.022060144692659378,72.68508911132812,56.46489334106445,254.3850860595703,328.9457092285156,False
tb0382.png,8,0,0.004849839955568314,350.705810546875,134.64756774902344,439.1325378417969,228.9196319580078,False
tb0382.png,9,0,0.004145194310694933,326.89239501953125,146.87838745117188,452.3483581542969,269.7684020996094,False
tb0382.png,10,0,0.0033071483485400677,64.07289123535156,469.0505065917969,121.9102783203125,512.0,False
tb0382.png,11,0,0.00316629814915359,303.8368835449219,59.90288162231445,467.93170166015625,310.1634216308594,False
tb0382.png,12,0,0.002873338060453534,194.1365509033203,30.16033363342285,231.24876403808594,62.793678283691406,False
tb0382.png,13,0,0.0027379989624023438,165.560546875,22.59063720703125,227.053955078125,85.8847885131836,False
tb0382.png,14,0,0.0022980058565735817,161.9899139404297,34.20917510986328,231.41807556152344,89.86066436767578,False
tb0382.png,15,0,0.0018280674703419209,148.13059997558594,159.3556671142578,186.45059204101562,189.7507781982422,False
tb0382.png,16,0,0.00167886633425951,337.8585510253906,100.49092864990234,430.39923095703125,205.11099243164062,False
tb0382.png,17,0,0.0016528937267139554,339.994873046875,96.88970184326172,423.654052734375,181.2456817626953,False
tb0382.png,18,0,0.0015479952562600374,305.17559814453125,134.837158203125,467.4977111816406,372.7057800292969,False
tb0382.png,19,0,0.0014599269488826394,300.3597717285156,39.91436767578125,363.5233459472656,103.50362396240234,False
tb0382.png,20,0,0.0014008224243298173,122.65669250488281,142.80210876464844,188.93301391601562,200.90504455566406,False
tb0382.png,21,0,0.0013813080731779337,303.38848876953125,33.75335693359375,376.7168884277344,100.17073822021484,False
tb0382.png,22,0,0.0013354256516322494,354.9147644042969,152.15640258789062,426.475341796875,217.94815063476562,False
tb0382.png,23,0,0.0013318025739863515,335.0645751953125,101.2699203491211,398.8544616699219,169.529052734375,False
tb0382.png,24,0,0.0010551728773862123,173.96206665039062,17.491296768188477,230.39634704589844,77.19637298583984,False
tb0382.png,25,0,0.0010234699584543705,78.00237274169922,110.19697570800781,253.8256378173828,366.9576110839844,False
tb0390.png,0,0,0.6252423524856567,302.94537353515625,106.0595703125,447.051513671875,325.9443359375,True
tb0390.png,1,0,0.5749476552009583,101.47245788574219,77.2649154663086,237.48721313476562,203.73484802246094,True
tb0390.png,2,0,0.15038520097732544,97.1644287109375,77.6441421508789,237.6855926513672,266.2572937011719,False
tb0390.png,3,0,0.022793298587203026,323.95391845703125,103.4914779663086,411.10333251953125,170.17068481445312,False
tb0390.png,4,0,0.016020268201828003,297.54083251953125,130.30145263671875,448.361328125,390.9144592285156,False
tb0390.png,5,0,0.013582360930740833,78.04662322998047,83.93603515625,235.68345642089844,362.8627014160156,False
tb0390.png,6,0,0.008282020688056946,309.9122009277344,108.3528823852539,436.5409851074219,283.01568603515625,False
tb0390.png,7,0,0.004046324640512466,81.96430969238281,238.6271514892578,224.03245544433594,368.83203125,False
tb0390.png,8,0,0.003602348268032074,345.3555603027344,165.85031127929688,449.09259033203125,282.3634948730469,False
tb0390.png,9,0,0.0017011823365464807,321.4935607910156,198.3248748779297,448.5633850097656,325.87506103515625,False
tb0390.png,10,0,0.0011114870430901647,321.8309020996094,79.2560043334961,409.8761901855469,167.4013671875,False
tb0390.png,11,0,0.0010889848927035928,322.5009460449219,105.5378189086914,422.433837890625,219.54844665527344,False
tb0398.png,0,0,0.7915475964546204,322.5530700683594,144.8323211669922,493.656494140625,359.3375549316406,True
tb0398.png,1,0,0.6257821917533875,94.908935546875,104.16015625,272.3628845214844,348.6672058105469,True
tb0398.png,2,0,0.5102922916412354,132.31578063964844,100.4485092163086,257.6625061035156,225.6761016845703,True
tb0398.png,3,0,0.011003633961081505,107.6989974975586,98.0452651977539,267.9694519042969,264.9107360839844,False
tb0398.png,4,0,0.010571097955107689,99.68943786621094,210.503173828125,262.6230163574219,348.39556884765625,False
tb0398.png,5,0,0.0028689163736999035,154.78677368164062,103.64118957519531,256.9081115722656,202.6497802734375,False
tb0398.png,6,0,0.002348743611946702,358.789794921875,207.16661071777344,487.1805114746094,330.60302734375,False
tb0398.png,7,0,0.002077125245705247,321.4563903808594,91.6001205444336,469.690673828125,249.9292449951172,False
tb0398.png,8,0,0.0015431569190695882,62.78628158569336,350.18109130859375,108.9441909790039,396.6213073730469,False
tb0398.png,9,0,0.0011807756964117289,305.0431823730469,137.74278259277344,505.5439453125,427.7964782714844,False
tb0435.png,0,0,0.6502271890640259,56.92363357543945,102.7044906616211,248.3635711669922,413.5212097167969,True
tb0435.png,1,0,0.5343568325042725,62.524269104003906,114.2314224243164,225.6767578125,281.6358947753906,True
tb0435.png,2,0,0.4204406440258026,294.5265197753906,125.4996109008789,473.4374084472656,401.2403869628906,True
tb0435.png,3,0,0.05867611616849899,297.7577209472656,129.48182678222656,442.1820373535156,347.9823303222656,False
tb0435.png,4,0,0.04355991259217262,298.888427734375,132.8662567138672,432.86773681640625,286.8585510253906,False
tb0435.png,5,0,0.028767339885234833,292.62646484375,132.8531951904297,415.6219787597656,238.5433807373047,False
tb0435.png,6,0,0.02052156627178192,307.74859619140625,190.8525390625,477.4435119628906,409.5889587402344,False
tb0435.png,7,0,0.015422270633280277,339.452880859375,140.1529083251953,417.3055114746094,217.9573211669922,False
tb0435.png,8,0,0.011265579611063004,60.18171310424805,170.3146514892578,236.3518524169922,393.2594909667969,False
tb0435.png,9,0,0.006555964704602957,44.4481315612793,399.1787109375,109.13945770263672,462.7745056152344,False
tb0435.png,10,0,0.0054647475481033325,371.3158874511719,216.10147094726562,440.06109619140625,292.42138671875,False
tb0435.png,11,0,0.003915681038051844,360.5353698730469,207.6337432861328,443.2760925292969,308.6471252441406,False
tb0435.png,12,0,0.0035646117758005857,345.9916076660156,132.4545135498047,416.6197204589844,203.77928161621094,False
tb0435.png,13,0,0.0035070411395281553,46.49252700805664,439.8591003417969,96.91719055175781,491.9172058105469,False
tb0435.png,14,0,0.003001161152496934,45.1590576171875,455.30303955078125,107.75653076171875,512.0,False
tb0435.png,15,0,0.0022711653728038073,321.5707092285156,140.7261505126953,420.58428955078125,234.7903594970703,False
tb0435.png,16,0,0.002127614803612232,342.23583984375,154.26502990722656,405.416015625,203.43988037109375,False
tb0435.png,17,0,0.0019723919685930014,322.6328125,131.7560272216797,416.4430847167969,211.3695526123047,False
tb0435.png,18,0,0.0018616068409755826,54.26362228393555,401.2074890136719,104.7386703491211,454.2264709472656,False
tb0435.png,19,0,0.0015719112707301974,54.26467514038086,465.9461975097656,112.1272964477539,512.0,False
tb0435.png,20,0,0.001564953476190567,48.134498596191406,425.0912780761719,102.76470184326172,480.3089294433594,False
tb0435.png,21,0,0.0015440587885677814,35.93780517578125,338.65869140625,109.61888885498047,409.2509460449219,False
tb0435.png,22,0,0.0014574897941201925,44.17668914794922,408.7778015136719,102.49224090576172,472.81689453125,False
tb0435.png,23,0,0.0010630459291860461,366.33642578125,156.04287719726562,406.6084899902344,189.40579223632812,False
tb0472.png,0,0,0.8826553225517273,289.349365234375,71.48835754394531,422.65533447265625,237.1028594970703,True
tb0472.png,1,0,0.7724470496177673,115.30122375488281,77.9166259765625,238.41807556152344,185.58511352539062,True
tb0472.png,2,0,0.25369709730148315,103.5193862915039,80.04158020019531,250.7357940673828,324.3660583496094,False
tb0472.png,3,0,0.003963209223002195,283.16192626953125,66.6245346069336,429.7352600097656,320.763671875,False
tb0472.png,4,0,0.00216445280238986,253.41299438476562,44.70454788208008,425.7171936035156,235.5697784423828,False
tb0487.png,0,0,0.46044328808784485,162.63714599609375,80.01781463623047,258.5655822753906,198.04403686523438,True
tb0487.png,1,0,0.09452536702156067,175.28941345214844,97.81436920166016,254.9687957763672,189.56324768066406,False
tb0487.png,2,0,0.05594835430383682,414.0479431152344,142.118896484375,456.4961853027344,185.32827758789062,False
tb0487.png,3,0,0.04831743240356445,338.73681640625,82.61219024658203,417.4815368652344,161.3556365966797,False
tb0487.png,4,0,0.020116867497563362,402.8238220214844,138.98721313476562,452.8507995605469,190.47158813476562,False
tb0487.png,5,0,0.011989917606115341,386.5703125,152.0177764892578,455.1227722167969,214.5387420654297,False
tb0487.png,6,0,0.0113576864823699,396.25079345703125,119.9594955444336,463.6205139160156,200.99307250976562,False
tb0487.png,7,0,0.010639077052474022,387.9358825683594,126.68115234375,465.8741149902344,218.3879852294922,False
tb0487.png,8,0,0.010228804312646389,338.00225830078125,100.41732025146484,413.01885986328125,158.77145385742188,False
tb0487.png,9,0,0.008760625496506691,412.81768798828125,135.32205200195312,462.6559753417969,198.8877716064453,False
tb0487.png,10,0,0.007531745359301567,362.200927734375,112.15142059326172,457.6910705566406,200.8017120361328,False
tb0487.png,11,0,0.007138954941183329,182.89878845214844,81.38485717773438,252.56285095214844,166.94273376464844,False
tb0487.png,12,0,0.006227799691259861,344.43048095703125,103.0322265625,442.0186462402344,193.39268493652344,False
tb0487.png,13,0,0.004344681277871132,345.7001953125,91.19734954833984,426.8872985839844,171.44859313964844,False
tb0487.png,14,0,0.0038375735748559237,398.797119140625,129.5337371826172,451.56744384765625,184.31309509277344,False
tb0487.png,15,0,0.003544549224898219,344.49664306640625,113.72478485107422,390.95709228515625,159.5470733642578,False
tb0487.png,16,0,0.002783878007903695,406.626953125,117.8658447265625,460.23583984375,191.62303161621094,False
tb0487.png,17,0,0.002333706943318248,419.8917541503906,141.16610717773438,459.2589416503906,177.37477111816406,False
tb0487.png,18,0,0.0020768761169165373,346.4554748535156,90.0861587524414,464.77447509765625,270.1609802246094,False
tb0487.png,19,0,0.0019363869214430451,408.8416442871094,138.0855712890625,454.3841247558594,175.3777313232422,False
tb0487.png,20,0,0.0016013423446565866,418.4308776855469,139.80606079101562,455.8753967285156,169.01829528808594,False
tb0487.png,21,0,0.001584956655278802,402.1277160644531,147.73728942871094,455.4660339355469,203.50125122070312,False
tb0487.png,22,0,0.001407610485330224,382.6191711425781,129.3340606689453,457.169921875,188.90625,False
tb0487.png,23,0,0.001207255874760449,363.5426940917969,92.12049102783203,449.1007385253906,182.3140869140625,False
tb0487.png,24,0,0.0010581813985481858,182.18350219726562,102.5908203125,246.39321899414062,167.600341796875,False
tb0497.png,0,0,0.7359323501586914,259.612060546875,30.93964195251465,406.159423828125,212.6142120361328,True
tb0497.png,1,0,0.583045244216919,59.58729934692383,31.656707763671875,225.86392211914062,218.79856872558594,True
tb0497.png,2,0,0.06574801355600357,263.5814514160156,18.390893936157227,416.7088928222656,300.9340515136719,False
tb0497.png,3,0,0.026070550084114075,260.89501953125,32.31767654418945,385.72021484375,181.3736114501953,False
tb0497.png,4,0,0.014084728434681892,59.23822784423828,104.68437957763672,212.4074249267578,233.8649444580078,False
tb0497.png,5,0,0.00836079753935337,68.04471588134766,129.8808135986328,155.45591735839844,191.5545654296875,False
tb0497.png,6,0,0.007961339317262173,70.22303771972656,135.2477264404297,132.84353637695312,190.6626434326172,False
tb0497.png,7,0,0.00496278703212738,62.05280685424805,70.66157531738281,235.02005004882812,380.6123962402344,False
tb0497.png,8,0,0.0045473892241716385,129.1644744873047,29.68613624572754,211.15652465820312,128.1212158203125,False
tb0497.png,9,0,0.00289916037581861,50.90190505981445,35.7269287109375,232.8929901123047,326.4949645996094,False
tb0497.png,10,0,0.0023993556387722492,144.56155395507812,36.40626525878906,199.93016052246094,72.82559967041016,False
tb0497.png,11,0,0.001887872931547463,73.50732421875,125.841552734375,197.9634246826172,193.2099609375,False
tb0497.png,12,0,0.0010111284209415317,54.23847579956055,124.276611328125,152.4431610107422,226.84487915039062,False
tb0506.png,0,0,0.4737187623977661,89.95703887939453,187.52239990234375,240.03872680664062,327.3883361816406,True
tb0506.png,1,0,0.2808452248573303,87.0895767211914,149.50816345214844,241.94053649902344,354.1148986816406,False
tb0506.png,2,0,0.21161964535713196,94.0762710571289,192.7911376953125,222.3159637451172,299.9805908203125,False
tb0506.png,3,0,0.05630651116371155,92.5842514038086,146.3086700439453,242.8574981689453,296.7920227050781,False
tb0506.png,4,0,0.00855742022395134,87.1085433959961,188.92552185058594,237.9524383544922,380.2843933105469,False
tb0506.png,5,0,0.0038241748698055744,99.5047378540039,196.9706268310547,212.65513610839844,273.39373779296875,False
tb0506.png,6,0,0.003810542169958353,350.7343444824219,291.9102478027344,433.1568298339844,352.8515625,False
tb0506.png,7,0,0.00261335214599967,88.62090301513672,208.286865234375,180.78379821777344,309.0145568847656,False
tb0506.png,8,0,0.0023901364766061306,93.9167251586914,208.4638671875,175.52932739257812,274.941650390625,False
tb0506.png,9,0,0.001524540362879634,89.58796691894531,86.9769058227539,247.3686065673828,295.47412109375,False
tb0506.png,10,0,0.0014582833973690867,290.9286193847656,94.4176025390625,362.54791259765625,161.1736297607422,False
tb0506.png,11,0,0.0011347357649356127,345.1027526855469,283.202880859375,426.60675048828125,344.87213134765625,False
tb0512.png,0,0,0.49364590644836426,131.09243774414062,31.609643936157227,243.12559509277344,145.0692138671875,True
tb0512.png,1,0,0.4933897852897644,290.0947265625,43.002376556396484,403.0035705566406,186.9340057373047,True
tb0512.png,2,0,0.14042015373706818,288.865478515625,37.78227615356445,410.5196838378906,249.23388671875,False
tb0512.png,3,0,0.08015676587820053,100.7880630493164,31.337305068969727,240.1631622314453,247.8049774169922,False
tb0512.png,4,0,0.03446364030241966,339.400146484375,95.39102172851562,399.03521728515625,167.32798767089844,False
tb0512.png,5,0,0.021175362169742584,295.46588134765625,45.12235641479492,362.55084228515625,124.51078033447266,False
tb0512.png,6,0,0.01939043216407299,57.07524490356445,331.28106689453125,277.11114501953125,512.0,False
tb0512.png,7,0,0.018348300829529762,323.18212890625,91.8585205078125,401.0625915527344,170.9912567138672,False
tb0512.png,8,0,0.01018514484167099,309.75885009765625,83.87699890136719,405.6111755371094,184.75010681152344,False
tb0512.png,9,0,0.005111987702548504,23.67768669128418,273.5637512207031,80.97428131103516,331.86810302734375,False
tb0512.png,10,0,0.0044517130590975285,293.73773193359375,38.167724609375,353.8373718261719,110.63887023925781,False
tb0512.png,11,0,0.0030203908681869507,54.87056350708008,293.38751220703125,253.8088836669922,477.5580139160156,False
tb0512.png,12,0,0.002551840618252754,304.62481689453125,46.98532485961914,374.9599304199219,129.0388641357422,False
tb0512.png,13,0,0.002494891406968236,56.21477127075195,264.0977478027344,258.7306823730469,432.1092834472656,False
tb0512.png,14,0,0.002311477903276682,57.116554260253906,282.6458435058594,324.9519958496094,512.0,False
tb0512.png,15,0,0.0022098131012171507,59.54787826538086,175.87498474121094,288.7012634277344,422.3568420410156,False
tb0512.png,16,0,0.0019964324310421944,83.39411926269531,62.24267578125,255.5981903076172,302.9655456542969,False
tb0512.png,17,0,0.0019490404520183802,168.42564392089844,36.575538635253906,245.4287567138672,137.3094024658203,False
tb0512.png,18,0,0.0018401921261101961,63.69460678100586,98.8121337890625,285.2575378417969,391.7568054199219,False
tb0512.png,19,0,0.0015036959666758776,209.87242126464844,303.7930603027344,453.53912353515625,512.0,False
tb0512.png,20,0,0.0010803367476910353,130.118408203125,79.10213470458984,222.33848571777344,138.7869415283203,False
tb0512.png,21,0,0.001070151454769075,96.3705062866211,90.4503173828125,238.4088897705078,246.73692321777344,False
tb0512.png,22,0,0.0010537042981013656,304.4696350097656,209.8320770263672,379.99151611328125,275.31353759765625,False
tb0512.png,23,0,0.0010492956498637795,95.3504867553711,129.6741943359375,236.53067016601562,263.27301025390625,False
tb0512.png,24,0,0.0010339056607335806,299.9664001464844,55.546749114990234,398.8913269042969,156.9662322998047,False
tb0523.png,0,0,0.8127896785736084,146.1542205810547,56.89081954956055,257.9761657714844,154.80467224121094,True
tb0523.png,1,0,0.6989997625350952,331.9507751464844,84.0603256225586,452.6327209472656,263.6950378417969,True
tb0523.png,2,0,0.08976011723279953,342.80718994140625,91.01470947265625,432.5485534667969,186.7213592529297,False
tb0523.png,3,0,0.08458355069160461,97.1278076171875,75.2557144165039,263.5516052246094,306.3321838378906,False
tb0523.png,4,0,0.06425250321626663,101.32637023925781,189.68980407714844,255.91934204101562,317.7655334472656,False
tb0523.png,5,0,0.024883264675736427,336.95025634765625,86.5977783203125,443.629638671875,227.0677490234375,False
tb0523.png,6,0,0.010219790041446686,326.5378112792969,78.1144790649414,469.3197326660156,313.3534240722656,False
tb0523.png,7,0,0.005648570600897074,336.1993713378906,164.2823486328125,453.3114318847656,273.8110046386719,False
tb0523.png,8,0,0.0033834679052233696,330.6493225097656,79.09358215332031,436.53204345703125,195.36660766601562,False
tb0523.png,9,0,0.0015206930693238974,167.2970733642578,70.1854476928711,241.59707641601562,124.78303527832031,False
tb0523.png,10,0,0.0014764666557312012,341.27862548828125,70.72682189941406,431.17266845703125,158.8754119873047,False
tb0523.png,11,0,0.001127080642618239,328.8340759277344,53.70742416381836,432.5700378417969,164.3813934326172,False
tb0523.png,12,0,0.0010192604968324304,153.8754119873047,74.52410125732422,233.61277770996094,135.22581481933594,False
tb0530.png,0,0,0.5852932929992676,99.0799331665039,33.351478576660156,228.13330078125,168.93902587890625,True
tb0530.png,1,0,0.29963457584381104,280.37091064453125,27.358911514282227,398.46533203125,163.7019500732422,False
tb0530.png,2,0,0.1725664585828781,67.40934753417969,35.28105545043945,238.1216583251953,342.49078369140625,False
tb0530.png,3,0,0.04246266931295395,84.5132827758789,31.233081817626953,232.78799438476562,251.84825134277344,False
tb0530.png,4,0,0.02287760190665722,290.2339782714844,27.049768447875977,390.38848876953125,132.64736938476562,False
tb0530.png,5,0,0.008706513792276382,65.44392395019531,161.5862579345703,234.97744750976562,352.5260925292969,False
tb0530.png,6,0,0.007893295027315617,335.7845764160156,93.99259185791016,399.36016845703125,164.2889862060547,False
tb0530.png,7,0,0.0061309984885156155,279.661376953125,23.50520133972168,409.4078674316406,228.3245849609375,False
tb0530.png,8,0,0.0046648262068629265,291.1725158691406,138.1376495361328,436.777099609375,355.72589111328125,False
tb0530.png,9,0,0.0035973095800727606,310.2789001464844,178.86758422851562,411.88702392578125,284.1423034667969,False
tb0530.png,10,0,0.003377470886334777,296.2651062011719,31.060331344604492,379.36285400390625,117.9820327758789,False
tb0530.png,11,0,0.003307305509224534,62.4552001953125,321.88067626953125,127.7222900390625,366.2008972167969,False
tb0530.png,12,0,0.002594628371298313,296.2931213378906,22.63995933532715,368.1341247558594,93.53441619873047,False
tb0530.png,13,0,0.00253778207115829,130.2342071533203,34.7962646484375,225.5384979248047,146.31272888183594,False
tb0530.png,14,0,0.0020006762351840734,143.23826599121094,35.11322021484375,220.1945343017578,125.87444305419922,False
tb0530.png,15,0,0.0014621511800214648,55.92436599731445,309.4679260253906,132.25083923339844,365.1202697753906,False
tb0530.png,16,0,0.0012993421405553818,149.4418182373047,39.9698371887207,210.7567138671875,84.15953826904297,False
tb0530.png,17,0,0.0012111818650737405,331.19879150390625,68.97185516357422,400.80206298828125,160.0440216064453,False
tb0530.png,18,0,0.0011437474749982357,357.45855712890625,321.792236328125,430.0662536621094,388.7704162597656,False
tb0530.png,19,0,0.0010608697775751352,156.4849853515625,33.551612854003906,223.52639770507812,90.0942611694336,False
tb0533.png,0,0,0.8532469868659973,291.0235900878906,42.839210510253906,464.30621337890625,241.81167602539062,True
tb0533.png,1,0,0.18104209005832672,294.807861328125,24.157617568969727,475.2411804199219,332.1525573730469,False
tb0533.png,2,0,0.0833146795630455,56.84901809692383,30.767969131469727,257.0362243652344,332.4217224121094,False
tb0533.png,3,0,0.03165514022111893,65.43038177490234,240.63516235351562,217.6079559326172,334.2196350097656,False
tb0533.png,4,0,0.016901865601539612,66.2134017944336,383.2494812011719,239.35501098632812,511.561767578125,False
tb0533.png,5,0,0.014891127124428749,63.175872802734375,213.6605987548828,227.3206024169922,328.0015563964844,False
tb0533.png,6,0,0.009845294989645481,62.97451400756836,157.9234619140625,243.2864990234375,334.8450622558594,False
tb0533.png,7,0,0.005049975588917732,290.3055725097656,36.10261154174805,426.0057678222656,134.14720153808594,False
tb0533.png,8,0,0.004436860326677561,70.8525619506836,378.4137268066406,296.1271667480469,506.8684997558594,False
tb0533.png,9,0,0.003782096318900585,61.89201736450195,251.7616729736328,108.86781311035156,289.72125244140625,False
tb0533.png,10,0,0.0036158396396785975,71.897216796875,108.3342514038086,206.5394287109375,197.46463012695312,False
tb0533.png,11,0,0.0023592442739754915,69.27960968017578,122.3953857421875,181.8497772216797,202.68972778320312,False
tb0533.png,12,0,0.002340167062357068,72.03740692138672,133.88967895507812,197.89878845214844,207.9082489013672,False
tb0533.png,13,0,0.0014530550688505173,62.28483963012695,62.25049591064453,244.15567016601562,235.99673461914062,False
tb0533.png,14,0,0.0014464524574577808,61.98745346069336,119.29399871826172,237.53811645507812,302.2745666503906,False
tb0533.png,15,0,0.001266618724912405,319.9176330566406,92.0953140258789,471.58258056640625,347.867919921875,False
tb0533.png,16,0,0.0011086446465924382,68.5275650024414,69.6890869140625,200.6915283203125,186.09170532226562,False
tb0533.png,17,0,0.001039670081809163,62.35400390625,186.86416625976562,209.4344024658203,306.379638671875,False
tb0555.png,0,0,0.15445831418037415,335.03173828125,183.1605682373047,439.56884765625,289.0329284667969,False
tb0555.png,1,0,0.12711317837238312,297.5560607910156,86.21855926513672,435.6326599121094,259.48541259765625,False
tb0555.png,2,0,0.11059021949768066,301.7724304199219,90.78643798828125,383.67974853515625,156.81300354003906,False
tb0555.png,3,0,0.07526795566082001,305.62530517578125,92.45149993896484,420.2760925292969,193.5216064453125,False
tb0555.png,4,0,0.06738100200891495,345.130615234375,126.2468032836914,426.41943359375,186.05113220214844,False
tb0555.png,5,0,0.06392789632081985,360.855224609375,186.26553344726562,438.7397155761719,260.1508483886719,False
tb0555.png,6,0,0.055214010179042816,301.29302978515625,88.2808837890625,429.4684753417969,218.59312438964844,False
tb0555.png,7,0,0.04980254918336868,365.4566955566406,199.27845764160156,432.9490661621094,251.9805145263672,False
tb0555.png,8,0,0.026970956474542618,352.0774841308594,200.6328887939453,433.8279724121094,261.07659912109375,False
tb0555.png,9,0,0.023175697773694992,353.4272155761719,102.8984146118164,430.18896484375,186.91526794433594,False
tb0555.png,10,0,0.02270253747701645,334.3014221191406,98.99008178710938,431.71563720703125,195.0188446044922,False
tb0555.png,11,0,0.019128119572997093,323.3326110839844,91.0024185180664,426.61895751953125,178.3449249267578,False
tb0555.png,12,0,0.01887485198676586,83.4238052368164,154.1481170654297,119.9454345703125,182.0748748779297,False
tb0555.png,13,0,0.01843905635178089,313.4532775878906,82.50371551513672,393.3398132324219,149.947509765625,False
tb0555.png,14,0,0.012480511330068111,360.7891540527344,125.66450500488281,424.5636901855469,179.60069274902344,False
tb0555.png,15,0,0.010677546262741089,69.37419891357422,92.84871673583984,235.31884765625,332.46807861328125,False
tb0555.png,16,0,0.010539354756474495,377.6533203125,199.464599609375,435.2127380371094,244.44029235839844,False
tb0555.png,17,0,0.009448965080082417,77.17034912109375,151.88455200195312,117.7213134765625,185.30918884277344,False
tb0555.png,18,0,0.008017885498702526,142.26548767089844,66.40382385253906,197.23095703125,109.0416259765625,False
tb0555.png,19,0,0.007952659390866756,304.2265625,96.70783996582031,371.2077331542969,148.16648864746094,False
tb0555.png,20,0,0.007723377551883459,343.21612548828125,123.9845962524414,445.40338134765625,255.14529418945312,False
tb0555.png,21,0,0.006889506708830595,333.74151611328125,166.2214813232422,443.5976257324219,267.7618713378906,False
tb0555.png,22,0,0.006499825045466423,332.385009765625,121.5725326538086,419.9247131347656,190.3355712890625,False
tb0555.png,23,0,0.00619762297719717,369.6466369628906,129.69281005859375,422.502197265625,168.42330932617188,False
tb0555.png,24,0,0.0059703802689909935,72.2219467163086,185.94529724121094,228.69851684570312,326.56781005859375,False
tb0555.png,25,0,0.004518959671258926,75.1947021484375,117.7552490234375,187.43089294433594,192.37307739257812,False
tb0555.png,26,0,0.003455729689449072,356.815673828125,193.76467895507812,436.34967041015625,279.12298583984375,False
tb0555.png,27,0,0.002608182141557336,62.2786865234375,144.67649841308594,118.64697265625,189.48916625976562,False
tb0555.png,28,0,0.002314471872523427,366.74761962890625,153.48892211914062,439.47857666015625,247.8343963623047,False
tb0555.png,29,0,0.0021351135801523924,324.7705078125,112.58674621582031,433.3125915527344,223.7212677001953,False
tb0555.png,30,0,0.0020671761594712734,50.16022872924805,365.16680908203125,214.2755889892578,504.7091979980469,False
tb0555.png,31,0,0.0017912237672135234,367.40020751953125,197.7863006591797,439.87091064453125,268.7428894042969,False
tb0555.png,32,0,0.0016785477055236697,345.0177917480469,118.15630340576172,410.2516784667969,178.2781524658203,False
tb0555.png,33,0,0.0013154804473742843,302.868896484375,81.59759521484375,408.3177185058594,172.24879455566406,False
tb0555.png,34,0,0.0013104877434670925,77.3028793334961,126.21404266357422,209.10337829589844,214.1612091064453,False
tb0555.png,35,0,0.0012487706262618303,325.240966796875,76.20235443115234,414.1718444824219,154.8584442138672,False
tb0555.png,36,0,0.0012134405551478267,370.6664733886719,127.5746078491211,417.800048828125,160.3510284423828,False
tb0555.png,37,0,0.0011864998377859592,341.4393615722656,85.19440460205078,424.958984375,167.9161834716797,False
tb0555.png,38,0,0.001168025191873312,74.13372039794922,139.8710479736328,127.16407775878906,186.9416046142578,False
tb0555.png,39,0,0.0010061283828690648,261.5284118652344,79.95291137695312,355.02880859375,191.03343200683594,False
tb0555.png,40,0,0.0010007437085732818,75.2894287109375,139.5271759033203,213.1796417236328,291.6492614746094,False
tb0579.png,0,0,0.7442213892936707,96.5551528930664,50.38972854614258,200.02294921875,162.9605255126953,True
tb0579.png,1,0,0.0232698917388916,312.090576171875,148.4577178955078,363.8603210449219,187.61265563964844,False
tb0579.png,2,0,0.018593380227684975,84.16661834716797,51.14567947387695,207.7166290283203,290.95465087890625,False
tb0579.png,3,0,0.01669601909816265,304.63018798828125,148.91958618164062,366.6703186035156,198.7367706298828,False
tb0579.png,4,0,0.008715938776731491,311.1225280761719,145.8495635986328,370.0836486816406,210.08677673339844,False
tb0579.png,5,0,0.006100065540522337,102.8233413696289,448.6512145996094,180.77798461914062,512.0,False
tb0579.png,6,0,0.005797049030661583,103.3836441040039,55.7362060546875,190.3520965576172,148.51577758789062,False
tb0579.png,7,0,0.0029395348392426968,101.53225708007812,457.8125915527344,166.74339294433594,509.61474609375,False
tb0579.png,8,0,0.0024827339220792055,318.1940002441406,151.97947692871094,361.7389221191406,182.7655029296875,False
tb0579.png,9,0,0.0019252250203862786,298.590087890625,142.1991729736328,372.038818359375,223.9077606201172,False
tb0579.png,10,0,0.001736393547616899,82.1990737915039,363.7108154296875,280.58514404296875,512.0,False
tb0579.png,11,0,0.0011791257420554757,96.8779296875,438.9596862792969,255.98570251464844,508.3008728027344,False
tb0579.png,12,0,0.0011046992149204016,306.780517578125,123.7041015625,371.4002380371094,205.641845703125,False
tb0579.png,13,0,0.0010208801832050085,280.7619323730469,287.6164245605469,367.8263244628906,349.8161315917969,False
tb0587.png,0,0,0.8073440790176392,83.53484344482422,84.75592803955078,231.1786651611328,263.0871276855469,True
tb0587.png,1,0,0.7533023953437805,297.0277404785156,211.1866912841797,448.17901611328125,376.80682373046875,True
tb0587.png,2,0,0.48376891016960144,294.7326354980469,109.3252182006836,423.6339416503906,210.20310974121094,True
tb0587.png,3,0,0.15778250992298126,288.5970153808594,146.88809204101562,444.8503112792969,359.8467712402344,False
tb0587.png,4,0,0.08442012220621109,291.6735534667969,108.50981903076172,429.9002990722656,249.4011688232422,False
tb0587.png,5,0,0.024304721504449844,290.3479919433594,106.41289520263672,438.6820983886719,317.747802734375,False
tb0587.png,6,0,0.02044808678328991,348.7077331542969,212.7478485107422,441.54547119140625,317.134765625,False
tb0587.png,7,0,0.005795900709927082,72.1869125366211,87.45234680175781,238.4775848388672,369.2923889160156,False
tb0587.png,8,0,0.003177222330123186,104.0235366821289,83.0865478515625,233.79283142089844,219.1613311767578,False
tb0587.png,9,0,0.0030988084618002176,325.0120544433594,214.53173828125,443.2658386230469,336.6725769042969,False
tb0587.png,10,0,0.0027795685455203056,385.64544677734375,336.3153991699219,455.74639892578125,391.4111328125,False
tb0587.png,11,0,0.0018331627361476421,331.4891662597656,222.550537109375,451.494384765625,364.433349609375,False
tb0587.png,12,0,0.0015990730607882142,365.70635986328125,220.40835571289062,442.0912170410156,304.9645690917969,False
tb0587.png,13,0,0.001393045182339847,357.6413269042969,330.296875,449.0594787597656,395.70928955078125,False
tb0595.png,0,0,0.7526171207427979,288.0772399902344,66.60901641845703,409.48419189453125,231.8124237060547,True
tb0595.png,1,0,0.5971424579620361,122.38787078857422,71.88435363769531,240.3362274169922,224.1914825439453,True
tb0595.png,2,0,0.26755109429359436,294.1541442871094,67.99617004394531,396.7856140136719,185.42019653320312,False
tb0595.png,3,0,0.16070790588855743,131.95217895507812,137.2960205078125,231.4298858642578,223.77610778808594,False
tb0595.png,4,0,0.009019375778734684,126.58662414550781,150.9408721923828,211.23094177246094,222.52734375,False
tb0595.png,5,0,0.007112021092325449,110.5296630859375,59.06892013549805,243.39622497558594,285.74261474609375,False
tb0595.png,6,0,0.0069026220589876175,295.6770935058594,68.4757308959961,376.6117858886719,153.1084442138672,False
tb0595.png,7,0,0.006332896184176207,331.4911804199219,129.8673095703125,410.3494567871094,229.41336059570312,False
tb0595.png,8,0,0.0022834267001599073,133.7740020751953,108.3377456665039,236.26463317871094,221.47984313964844,False
tb0595.png,9,0,0.0018551419489085674,305.66778564453125,65.2891845703125,375.853759765625,137.12493896484375,False
tb0595.png,10,0,0.0016398581210523844,115.5685806274414,128.772216796875,208.7216033935547,220.60195922851562,False
tb0595.png,11,0,0.0013178293593227863,313.804931640625,97.13549041748047,407.4656677246094,210.881591796875,False
tb0595.png,12,0,0.001140877022407949,162.2149658203125,72.81438446044922,230.9996337890625,150.7225341796875,False
tb0595.png,13,0,0.0011212571989744902,95.35824584960938,376.6473693847656,137.03477478027344,418.3363952636719,False
tb0617.png,0,0,0.5689643621444702,114.67852783203125,142.2206268310547,191.31796264648438,210.0965576171875,True
tb0617.png,1,0,0.3590838313102722,318.5040588378906,218.1901397705078,451.3953552246094,380.0713806152344,False
tb0617.png,2,0,0.15717613697052002,108.35918426513672,151.85400390625,185.334716796875,214.3769989013672,False
tb0617.png,3,0,0.09657882153987885,114.9473876953125,115.36213684082031,263.1693420410156,340.4347839355469,False
tb0617.png,4,0,0.028152048587799072,116.23658752441406,165.439697265625,181.58229064941406,215.18408203125,False
tb0617.png,5,0,0.021615201607346535,118.5949935913086,147.01123046875,188.3539581298828,196.35635375976562,False
tb0617.png,6,0,0.013624558225274086,109.66033172607422,130.5668487548828,196.4009552001953,228.41233825683594,False
tb0617.png,7,0,0.006917841732501984,339.6991882324219,224.253173828125,450.6441955566406,346.6101989746094,False
tb0617.png,8,0,0.0031980371568351984,130.9473114013672,134.70327758789062,208.1464385986328,211.22024536132812,False
tb0617.png,9,0,0.002604568609967828,314.7483825683594,160.64170837402344,452.708984375,362.93243408203125,False
tb0617.png,10,0,0.0025669229216873646,94.85726165771484,105.63359832763672,196.0599365234375,223.67739868164062,False
tb0617.png,11,0,0.002098504453897476,114.1474609375,150.34190368652344,241.1503143310547,315.15625,False
tb0617.png,12,0,0.001983325695618987,117.00837707519531,135.27005004882812,231.4221954345703,244.7037353515625,False
tb0617.png,13,0,0.001976186875253916,356.07861328125,217.0730438232422,448.2753601074219,316.63818359375,False
tb0617.png,14,0,0.0017189237987622619,327.1583557128906,214.0474090576172,446.06597900390625,324.143798828125,False
tb0617.png,15,0,0.0013617494842037559,346.9413757324219,238.175537109375,452.6558532714844,370.4365234375,False
tb0618.png,0,0,0.5698022842407227,292.8912658691406,80.71875762939453,401.3421936035156,189.38134765625,True
tb0618.png,1,0,0.236293762922287,288.8095703125,79.19502258300781,412.56396484375,227.0974578857422,False
tb0618.png,2,0,0.12961266934871674,56.70771408081055,180.6494598388672,221.14598083496094,326.2000427246094,False
tb0618.png,3,0,0.10969456285238266,109.29833984375,72.50267791748047,207.53125,158.14683532714844,False
tb0618.png,4,0,0.08647765219211578,51.599830627441406,90.6222152709961,224.1103057861328,327.6883850097656,False
tb0618.png,5,0,0.05532089248299599,109.579833984375,82.90631103515625,162.5728302001953,128.84881591796875,False
tb0618.png,6,0,0.018098818138241768,107.6636734008789,78.17693328857422,179.0749053955078,142.8415069580078,False
tb0618.png,7,0,0.006067170761525631,296.4022521972656,82.2775650024414,449.98419189453125,243.2100067138672,False
tb0618.png,8,0,0.003952734638005495,95.3681411743164,75.60918426513672,220.7335968017578,186.6122589111328,False
tb0618.png,9,0,0.003939501009881496,330.3219299316406,230.67808532714844,434.4845275878906,346.14117431640625,False
tb0618.png,10,0,0.0031691635958850384,29.708112716674805,352.51153564453125,212.40782165527344,507.59552001953125,False
tb0618.png,11,0,0.0028197485953569412,111.75410461425781,83.1484603881836,217.8574676513672,169.88040161132812,False
tb0618.png,12,0,0.002724985359236598,62.11474609375,194.2058563232422,198.9067840576172,309.5943298339844,False
tb0618.png,13,0,0.0025727334432303905,283.23193359375,76.44429016113281,438.9510803222656,310.7708435058594,False
tb0618.png,14,0,0.0023117021191865206,102.01923370361328,88.13711547851562,160.88320922851562,139.94004821777344,False
tb0618.png,15,0,0.001849195919930935,112.6624526977539,68.30049896240234,201.2860870361328,141.00625610351562,False
tb0618.png,16,0,0.0015249054413288832,317.3273010253906,86.36970520019531,401.0843200683594,171.07652282714844,False
tb0621.png,0,0,0.827149510383606,329.8547058105469,98.51605987548828,445.2015686035156,240.27696228027344,True
tb0621.png,1,0,0.09512007236480713,47.13017654418945,204.42176818847656,230.3108367919922,404.48760986328125,False
tb0621.png,2,0,0.03472422435879707,36.471923828125,250.65611267089844,218.82058715820312,417.86474609375,False
tb0621.png,3,0,0.02599121630191803,62.00090408325195,250.2624053955078,226.1020965576172,387.92529296875,False
tb0621.png,4,0,0.011581248603761196,33.76753616333008,353.197509765625,86.05254364013672,395.4778747558594,False
tb0621.png,5,0,0.01043020747601986,68.5372314453125,145.5373992919922,230.577880859375,370.6125183105469,False
tb0621.png,6,0,0.006515640299767256,336.7292175292969,100.9671401977539,432.91119384765625,205.2172393798828,False
tb0621.png,7,0,0.0032483586110174656,330.7511901855469,440.0216369628906,416.5846862792969,509.73541259765625,False
tb0621.png,8,0,0.002117554657161236,77.98865509033203,251.037353515625,207.28982543945312,364.1787109375,False
tb0621.png,9,0,0.0018797757802531123,332.6773376464844,433.8211364746094,407.3918151855469,494.98541259765625,False
tb0621.png,10,0,0.0018501351587474346,15.37536907196045,326.2799987792969,94.7694091796875,425.022705078125,False
tb0621.png,11,0,0.001296337111853063,288.1089782714844,100.72454833984375,454.97705078125,329.60211181640625,False
tb0621.png,12,0,0.001127706142142415,300.2096862792969,93.3653564453125,435.8580017089844,217.3883819580078,False
tb0621.png,13,0,0.001042072311975062,294.24517822265625,92.2581787109375,454.9017639160156,256.1791076660156,False
tb0628.png,0,0,0.8258785605430603,356.892333984375,105.4026107788086,465.7565002441406,242.59056091308594,True
tb0628.png,1,0,0.4893786609172821,100.48542785644531,111.56855773925781,219.7379608154297,235.89024353027344,True
tb0628.png,2,0,0.030011050403118134,86.7217788696289,92.3615493774414,264.6473083496094,350.3626403808594,False
tb0628.png,3,0,0.017445819452404976,104.6534652709961,173.70401000976562,152.9627685546875,210.76976013183594,False
tb0628.png,4,0,0.011601877398788929,447.28759765625,398.1982116699219,493.05206298828125,437.0439147949219,False
tb0628.png,5,0,0.00928439386188984,122.4797592163086,110.4712905883789,198.4278564453125,175.2211151123047,False
tb0628.png,6,0,0.004589705262333155,428.44854736328125,397.2390441894531,491.87255859375,449.7783203125,False
tb0628.png,7,0,0.00400114618241787,444.5207214355469,404.1719665527344,493.1336975097656,445.6642761230469,False
tb0628.png,8,0,0.0037208690773695707,340.8846130371094,75.6131820678711,463.91656494140625,236.305908203125,False
tb0628.png,9,0,0.0037155502941459417,119.1373519897461,102.02452850341797,257.0826110839844,239.9332733154297,False
tb0628.png,10,0,0.003414010163396597,86.67947387695312,141.38626098632812,245.7395782470703,336.1895446777344,False
tb0628.png,11,0,0.003054762724786997,91.90938568115234,105.13628387451172,256.9731140136719,285.8212890625,False
tb0628.png,12,0,0.0028774135280400515,445.5249938964844,407.46337890625,492.9798889160156,458.7535095214844,False
tb0628.png,13,0,0.002717266557738185,427.2439880371094,406.8159484863281,493.504638671875,466.7079162597656,False
tb0628.png,14,0,0.002481885952875018,344.53375244140625,98.38188934326172,475.326416015625,311.1159973144531,False
tb0628.png,15,0,0.0018284389516338706,321.299560546875,71.21823120117188,383.4640197753906,146.7946014404297,False
tb0636.png,0,0,0.5529548525810242,271.4629821777344,128.2119903564453,420.8135681152344,381.9936218261719,True
tb0636.png,1,0,0.2534010112285614,93.5970230102539,136.08262634277344,220.2030792236328,328.9352722167969,False
tb0636.png,2,0,0.08291659504175186,120.1109619140625,117.5845718383789,217.62425231933594,254.9394989013672,False
tb0636.png,3,0,0.07215934246778488,278.0208435058594,136.16732788085938,409.53955078125,334.0523986816406,False
tb0636.png,4,0,0.03474549949169159,120.6184310913086,88.49950408935547,232.9087371826172,243.235107421875,False
tb0636.png,5,0,0.027220310643315315,111.6956787109375,100.86918640136719,224.52310180664062,291.328857421875,False
tb0636.png,6,0,0.01930040307343006,112.0781478881836,156.5312957763672,220.0421600341797,288.0088806152344,False
tb0636.png,7,0,0.009183548390865326,275.21466064453125,80.2663345336914,414.87774658203125,308.31884765625,False
tb0636.png,8,0,0.008120658807456493,287.84552001953125,192.12229919433594,405.9371032714844,309.0923156738281,False
tb0636.png,9,0,0.007086379453539848,122.97222137451172,66.14067840576172,252.11660766601562,228.518798828125,False
tb0636.png,10,0,0.005693505983799696,262.4230041503906,149.8126678466797,434.091064453125,459.79888916015625,False
tb0636.png,11,0,0.0032980148680508137,86.64118957519531,182.9691162109375,223.7153778076172,348.63348388671875,False
tb0636.png,12,0,0.002053880365565419,65.85124206542969,403.30133056640625,250.1314697265625,506.0563049316406,False
tb0636.png,13,0,0.0020174819510430098,129.55564880371094,171.82615661621094,185.5321502685547,211.78196716308594,False
tb0636.png,14,0,0.0016622283728793263,276.2298278808594,91.73933410644531,399.4530944824219,264.4689025878906,False
tb0636.png,15,0,0.0014990452909842134,79.9247055053711,146.9013671875,228.4599609375,373.9640808105469,False
tb0636.png,16,0,0.0012444249587133527,298.11993408203125,203.09954833984375,417.3698425292969,335.9391174316406,False
tb0637.png,0,0,0.6119983196258545,142.13731384277344,83.8161849975586,245.3656768798828,185.58547973632812,True
tb0637.png,1,0,0.49530544877052307,328.7432556152344,162.07005310058594,413.0682678222656,250.3829345703125,True
tb0637.png,2,0,0.36987069249153137,136.3339385986328,81.1453857421875,250.6937255859375,213.69021606445312,False
tb0637.png,3,0,0.03210383281111717,127.8368911743164,79.06798553466797,270.67376708984375,349.35205078125,False
tb0637.png,4,0,0.020700639113783836,330.1198425292969,150.26052856445312,410.7774963378906,233.0095672607422,False
tb0637.png,5,0,0.020467368885874748,319.9857482910156,153.70767211914062,422.52081298828125,288.1646423339844,False
tb0637.png,6,0,0.01917915977537632,313.7636413574219,141.5576171875,434.9938659667969,332.9115905761719,False
tb0637.png,7,0,0.011680573225021362,330.4030456542969,177.72142028808594,401.5848693847656,247.119384765625,False
tb0637.png,8,0,0.005966697353869677,343.52734375,176.16368103027344,398.5998229980469,221.77574157714844,False
tb0637.png,9,0,0.005537792574614286,325.2147216796875,130.50083923339844,408.0312194824219,222.4169464111328,False
tb0637.png,10,0,0.0034587918780744076,338.3116149902344,175.52468872070312,399.7012634277344,234.9747314453125,False
tb0637.png,11,0,0.0023430308792740107,154.4519805908203,109.45577239990234,227.3888702392578,174.8579559326172,False
tb0637.png,12,0,0.0019263594876974821,298.6976013183594,107.97063446044922,418.381591796875,272.1618347167969,False
tb0637.png,13,0,0.001409389777109027,308.42333984375,148.15159606933594,402.1524353027344,258.50714111328125,False
tb0637.png,14,0,0.0013781092129647732,158.0596160888672,91.77201080322266,247.1990203857422,175.67063903808594,False
tb0637.png,15,0,0.0011005449341610074,125.83027648925781,83.11431121826172,257.8518981933594,247.6894989013672,False
tb0664.png,0,0,0.7026424407958984,301.7289123535156,72.0239028930664,435.4878845214844,201.5299530029297,True
tb0664.png,1,0,0.04111026972532272,122.07952117919922,162.57420349121094,264.4781188964844,377.6543273925781,False
tb0664.png,2,0,0.01678251475095749,140.3101806640625,147.949462890625,184.8672637939453,183.828369140625,False
tb0664.png,3,0,0.00958703737705946,168.796875,112.9730224609375,225.94834899902344,160.7615509033203,False
tb0664.png,4,0,0.009420827031135559,307.8916931152344,77.44087982177734,417.11700439453125,177.23574829101562,False
tb0664.png,5,0,0.009253203868865967,97.2482681274414,382.0787658691406,156.0620880126953,440.6474304199219,False
tb0664.png,6,0,0.00516183627769351,161.4132843017578,119.3033676147461,220.40586853027344,166.9704132080078,False
tb0664.png,7,0,0.004410061053931713,138.00694274902344,277.5777282714844,214.542724609375,344.2925720214844,False
tb0664.png,8,0,0.002748981351032853,144.44122314453125,140.78076171875,193.95823669433594,179.3573455810547,False
tb0664.png,9,0,0.002578549552708864,132.1466522216797,175.7248992919922,258.5415954589844,297.8067321777344,False
tb0664.png,10,0,0.0023333746939897537,181.2894744873047,122.10298156738281,228.27883911132812,157.03953552246094,False
tb0664.png,11,0,0.002191439736634493,24.142578125,82.6097183227539,143.2791290283203,223.6619110107422,False
tb0664.png,12,0,0.0021191996056586504,147.1790008544922,168.5713348388672,257.163818359375,240.33157348632812,False
tb0664.png,13,0,0.0016227028099820018,164.5011444091797,174.1577606201172,256.5804443359375,258.9049377441406,False
tb0664.png,14,0,0.0014937587548047304,297.04913330078125,66.01509094238281,442.1114196777344,260.6375427246094,False
tb0664.png,15,0,0.0014480097452178597,363.1184997558594,101.40056610107422,509.3857116699219,238.1834716796875,False
tb0664.png,16,0,0.0014078404055908322,145.50328063964844,151.64834594726562,193.6556854248047,201.7349090576172,False
tb0664.png,17,0,0.0012613048311322927,140.6757049560547,137.03599548339844,208.9959716796875,184.244384765625,False
tb0664.png,18,0,0.0012610332341864705,147.18174743652344,150.10745239257812,230.4185028076172,242.1067657470703,False
tb0664.png,19,0,0.001222063903696835,92.93582153320312,387.7878112792969,152.48220825195312,449.1691589355469,False
tb0664.png,20,0,0.0010972593445330858,172.64425659179688,103.9927749633789,245.3508758544922,173.7493896484375,False
tb0664.png,21,0,0.0010788486106321216,297.2052307128906,61.803070068359375,381.2856140136719,164.13052368164062,False
tb0680.png,0,0,0.5262669324874878,86.02235412597656,66.18053436279297,201.84156799316406,188.5812225341797,True
tb0680.png,1,0,0.2960381805896759,257.60357666015625,71.2888412475586,411.7244567871094,262.3693542480469,False
tb0680.png,2,0,0.13590991497039795,77.9444351196289,64.31652069091797,205.11563110351562,234.8948516845703,False
tb0680.png,3,0,0.03716128319501877,61.35356521606445,62.673683166503906,207.5376434326172,308.9139099121094,False
tb0680.png,4,0,0.019131645560264587,335.35992431640625,255.6382293701172,438.2911682128906,373.7433776855469,False
tb0680.png,5,0,0.008206568658351898,272.7957458496094,101.1693344116211,444.8518981933594,379.29345703125,False
tb0680.png,6,0,0.005494486074894667,305.5888671875,161.3199920654297,446.1690368652344,377.3008117675781,False
tb0680.png,7,0,0.004077036399394274,13.045783042907715,365.2801818847656,74.74559020996094,415.6708068847656,False
tb0680.png,8,0,0.00288327201269567,33.949825286865234,294.119140625,80.33464813232422,343.60626220703125,False
tb0680.png,9,0,0.0023134187795221806,286.08331298828125,86.11248779296875,370.6471862792969,150.90150451660156,False
tb0680.png,10,0,0.0019232250051572919,20.53486442565918,209.06982421875,182.97048950195312,392.5948181152344,False
tb0680.png,11,0,0.0018989407690241933,11.834704399108887,339.6036682128906,82.36722564697266,406.06671142578125,False
tb0680.png,12,0,0.0017340313643217087,34.82833480834961,96.130615234375,204.08773803710938,340.5083923339844,False
tb0680.png,13,0,0.001499027363024652,257.8664245605469,74.492431640625,432.3939514160156,317.1903991699219,False
tb0680.png,14,0,0.0014126114547252655,10.618331909179688,279.6575927734375,100.49034881591797,392.7309265136719,False
tb0680.png,15,0,0.001213502837345004,263.43902587890625,65.98501586914062,355.0746765136719,151.98574829101562,False
tb0680.png,16,0,0.0011833293829113245,10.367962837219238,382.5098571777344,76.05433654785156,446.4442443847656,False
tb0680.png,17,0,0.001152456272393465,11.703625679016113,371.568603515625,70.64598083496094,425.2542419433594,False
tb0680.png,18,0,0.0011361452052369714,258.8633728027344,65.90161895751953,373.4582824707031,165.6732940673828,False
tb0708.png,0,0,0.7085537910461426,42.01752853393555,85.71440887451172,228.93809509277344,271.86163330078125,True
tb0708.png,1,0,0.701043426990509,332.4188537597656,181.1077880859375,462.9130554199219,336.2321472167969,True
tb0708.png,2,0,0.5870958566665649,40.78469467163086,114.5357894897461,201.14431762695312,262.7118225097656,True
tb0708.png,3,0,0.3942466974258423,396.11968994140625,190.76547241210938,461.7462463378906,270.28765869140625,False
tb0708.png,4,0,0.10972503572702408,368.4012145996094,181.5550537109375,460.393310546875,316.20233154296875,False
tb0708.png,5,0,0.05823763087391853,33.48647689819336,89.49531555175781,229.5304718017578,385.1986389160156,False
tb0708.png,6,0,0.03574502840638161,390.8843688964844,180.5426483154297,469.60284423828125,275.4677429199219,False
tb0708.png,7,0,0.024241391569375992,284.36798095703125,93.45397186279297,355.7526550292969,169.2430877685547,False
tb0708.png,8,0,0.005039409268647432,279.0690002441406,87.99652862548828,363.603271484375,179.938720703125,False
tb0708.png,9,0,0.003438608953729272,340.9036560058594,185.6291046142578,459.709228515625,296.8830261230469,False
tb0708.png,10,0,0.003063868498429656,298.8627624511719,175.5442352294922,463.74029541015625,447.0807800292969,False
tb0708.png,11,0,0.0027765592094510794,77.46074676513672,73.4806900024414,230.6625518798828,246.51211547851562,False
tb0708.png,12,0,0.0024836109951138496,343.1822814941406,174.42251586914062,451.7861328125,273.9142150878906,False
tb0708.png,13,0,0.002112278249114752,277.4872131347656,31.43401527404785,365.2975769042969,173.8386993408203,False
tb0708.png,14,0,0.0020127284806221724,408.0897216796875,208.74710083007812,453.58740234375,252.8784942626953,False
tb0708.png,15,0,0.001870910171419382,382.1373596191406,181.326171875,460.342041015625,290.5422058105469,False
tb0708.png,16,0,0.001408598618581891,400.7282409667969,210.38418579101562,455.1574401855469,260.8095703125,False
tb0717.png,0,0,0.7516636252403259,294.6474609375,142.4406280517578,433.5428771972656,369.9234924316406,True
tb0717.png,1,0,0.47176435589790344,84.88565063476562,85.4104232788086,251.46739196777344,382.0976257324219,True
tb0717.png,2,0,0.4524376392364502,284.9870300292969,94.53041076660156,429.5417175292969,344.742431640625,True
tb0717.png,3,0,0.29055753350257874,105.12065887451172,87.28533172607422,244.205810546875,233.5160369873047,False
tb0717.png,4,0,0.06763342022895813,315.23150634765625,219.21157836914062,428.8532409667969,333.7884826660156,False
tb0717.png,5,0,0.04838955029845238,93.47673797607422,84.0775375366211,247.1959686279297,283.7681579589844,False
tb0717.png,6,0,0.01515188254415989,295.4085998535156,90.19445037841797,386.39971923828125,191.9503631591797,False
tb0717.png,7,0,0.010561630129814148,288.0498962402344,95.58061218261719,420.4888610839844,286.1265563964844,False
tb0717.png,8,0,0.0014342579524964094,322.61651611328125,228.47496032714844,419.0116271972656,300.9694519042969,False
tb0717.png,9,0,0.0011003819527104497,75.74967956542969,153.57388305664062,243.94265747070312,470.1515808105469,False
tb0720.png,0,0,0.5764579176902771,120.86299133300781,92.7717056274414,240.65550231933594,192.88455200195312,True
tb0720.png,1,0,0.04312315583229065,123.9736328125,121.48882293701172,198.2808074951172,186.57827758789062,False
tb0720.png,2,0,0.028443872928619385,282.38092041015625,95.14439392089844,359.98394775390625,165.68081665039062,False
tb0720.png,3,0,0.013855396769940853,104.98101043701172,94.27025604248047,244.17129516601562,348.0424499511719,False
tb0720.png,4,0,0.011724051088094711,116.92778778076172,131.857421875,192.4425048828125,189.765380859375,False
tb0720.png,5,0,0.008555575273931026,161.74624633789062,91.4490966796875,247.3130340576172,183.92076110839844,False
tb0720.png,6,0,0.00715266028419137,132.8585662841797,120.20588684082031,205.37425231933594,172.20237731933594,False
tb0720.png,7,0,0.004290040582418442,110.17219543457031,86.02935028076172,244.54051208496094,279.67913818359375,False
tb0720.png,8,0,0.0024475862737745047,124.0640640258789,304.3397521972656,212.29434204101562,358.85498046875,False
tb0720.png,9,0,0.002328630769625306,120.22368621826172,192.98654174804688,166.3196258544922,232.08653259277344,False
tb0720.png,10,0,0.001785026746802032,123.0279541015625,190.38430786132812,164.64505004882812,224.07107543945312,False
tb0720.png,11,0,0.0014497055672109127,285.67822265625,74.49840545654297,409.9703674316406,268.1143493652344,False
tb0720.png,12,0,0.0014018046204000711,209.3075408935547,417.1250915527344,354.45941162109375,512.0,False
tb0720.png,13,0,0.0012770163593813777,286.6793212890625,128.5703582763672,404.11834716796875,276.096923828125,False
tb0720.png,14,0,0.0012481766752898693,133.26126098632812,120.24267578125,217.3069610595703,185.5211181640625,False
tb0720.png,15,0,0.0011423598043620586,298.20880126953125,95.77428436279297,374.3857421875,169.0298309326172,False
tb0726.png,0,0,0.9566057920455933,75.2590560913086,83.344970703125,245.0443572998047,353.87115478515625,True
tb0726.png,1,0,0.9415767192840576,283.8217468261719,100.58357238769531,440.1031188964844,368.52264404296875,True
tb0726.png,2,0,0.0057416134513914585,88.58882141113281,76.7724838256836,252.855712890625,259.79815673828125,False
tb0726.png,3,0,0.002993123373016715,269.5323791503906,164.37974548339844,466.5965270996094,508.0595397949219,False
tb0726.png,4,0,0.002372665796428919,74.48375701904297,173.13682556152344,238.30711364746094,354.2737731933594,False
tb0726.png,5,0,0.0019032411510124803,466.4497985839844,177.8129119873047,505.9212951660156,214.6488494873047,False
tb0726.png,6,0,0.0011317881289869547,288.6620178222656,98.36068725585938,436.0674743652344,296.64208984375,False
tb0759.png,0,0,0.8996715545654297,282.3969421386719,57.46027755737305,432.7564392089844,264.9523010253906,True
tb0759.png,1,0,0.6924548745155334,97.6595230102539,59.07060623168945,244.2889404296875,260.4623718261719,True
tb0759.png,2,0,0.38333049416542053,69.1883773803711,64.0609359741211,246.23233032226562,350.4150085449219,False
tb0759.png,3,0,0.29045405983924866,287.719970703125,63.645729064941406,435.8341369628906,343.9922790527344,False
tb0759.png,4,0,0.00736756157130003,60.274757385253906,237.44985961914062,224.62461853027344,377.5257263183594,False
tb0759.png,5,0,0.0046536787413060665,281.4852600097656,48.27566146850586,394.8180847167969,147.37945556640625,False
tb0759.png,6,0,0.004200581926852465,107.63862609863281,58.3376350402832,242.98960876464844,180.49298095703125,False
tb0759.png,7,0,0.00323373987339437,59.58778762817383,151.1689910888672,235.914306640625,368.7987365722656,False
tb0759.png,8,0,0.002926098881289363,44.74114227294922,357.4268493652344,87.71929168701172,400.5543212890625,False
tb0759.png,9,0,0.0013436326989904046,30.42835807800293,277.2438049316406,114.89869689941406,433.52886962890625,False
tb0759.png,10,0,0.0012763937702402472,39.820011138916016,367.4275817871094,84.74324798583984,421.1087341308594,False
tb0759.png,11,0,0.0011387479025870562,37.70985412597656,245.14907836914062,139.1118621826172,393.1656799316406,False
tb0783.png,0,0,0.821986734867096,320.9708251953125,99.7066421508789,507.37060546875,361.7162170410156,True
tb0783.png,1,0,0.12239713221788406,75.1583480834961,117.6753921508789,276.2021179199219,386.22705078125,False
tb0783.png,2,0,0.04605590179562569,319.4390563964844,101.18819427490234,493.19244384765625,293.078857421875,False
tb0783.png,3,0,0.021598724648356438,181.09930419921875,108.75615692138672,277.4571228027344,255.86865234375,False
tb0783.png,4,0,0.012483414262533188,417.96533203125,418.78155517578125,505.8415222167969,483.576171875,False
tb0783.png,5,0,0.011453497223556042,83.3449935913086,243.839599609375,242.34397888183594,385.2892761230469,False
tb0783.png,6,0,0.006087805610150099,191.68179321289062,111.9058837890625,274.5800476074219,217.2614288330078,False
tb0783.png,7,0,0.004478265065699816,116.2287826538086,100.2342300415039,279.776123046875,333.0206604003906,False
tb0783.png,8,0,0.004365131258964539,109.6999282836914,111.1138916015625,273.691162109375,256.9131164550781,False
tb0783.png,9,0,0.004098223987966776,428.6484375,431.75634765625,503.3420104980469,487.74462890625,False
tb0783.png,10,0,0.004098013509064913,322.6461486816406,176.77476501464844,511.3020935058594,495.1418151855469,False
tb0783.png,11,0,0.0037040223833173513,81.75188446044922,280.936279296875,243.45616149902344,396.4173278808594,False
tb0783.png,12,0,0.003197605488821864,324.304931640625,98.63133239746094,442.5799255371094,195.09060668945312,False
tb0783.png,13,0,0.0023037635255604982,433.8639831542969,421.44708251953125,506.7819519042969,475.8959045410156,False
tb0783.png,14,0,0.001928996411152184,83.53386688232422,245.8300323486328,225.94419860839844,342.7826232910156,False
tb0783.png,15,0,0.0018698960775509477,403.0623474121094,419.7147521972656,494.093505859375,490.5877990722656,False
tb0783.png,16,0,0.0017791502177715302,361.2448425292969,232.01060485839844,501.9237365722656,360.2444763183594,False
tb0783.png,17,0,0.001607428421266377,85.99608612060547,245.33145141601562,210.20523071289062,322.16168212890625,False
tb0783.png,18,0,0.0014832004671916366,73.65445709228516,237.7423553466797,120.29103088378906,275.8256530761719,False
tb0783.png,19,0,0.0011332104913890362,166.0922088623047,108.4364242553711,268.17510986328125,229.73623657226562,False
tb0783.png,20,0,0.0010404899949207902,375.9875183105469,172.1011199951172,494.6144714355469,301.1962585449219,False
tb0783.png,21,0,0.0010073627345263958,401.5479431152344,310.50689697265625,490.3706970214844,365.97515869140625,False
tb0787.png,0,0,0.6350385546684265,67.4226303100586,82.16069793701172,203.2310791015625,244.29039001464844,True
tb0787.png,1,0,0.47899314761161804,269.59332275390625,96.8202133178711,425.5959167480469,305.697021484375,True
tb0787.png,2,0,0.14170028269290924,35.23232650756836,77.4013671875,210.01675415039062,372.6542053222656,False
tb0787.png,3,0,0.08412154763936996,271.7056579589844,83.7630844116211,358.6620178222656,175.3240203857422,False
tb0787.png,4,0,0.0021838985849171877,276.6860046386719,139.62588500976562,457.42626953125,416.76202392578125,False
tb0787.png,5,0,0.0019543140660971403,252.2133331298828,70.83000946044922,356.41558837890625,174.44961547851562,False
tb0787.png,6,0,0.0019383635371923447,285.9659729003906,169.21717834472656,438.38427734375,325.5046081542969,False
tb0787.png,7,0,0.001923820935189724,278.894775390625,108.97637176513672,343.28961181640625,165.3754425048828,False
tb0787.png,8,0,0.0015350767644122243,267.25146484375,82.1737289428711,394.8591003417969,268.375,False
tb0797.png,0,0,0.03894318267703056,447.6612243652344,446.3453063964844,512.0,512.0,False
tb0797.png,1,0,0.025580719113349915,323.496826171875,159.5593719482422,386.8435974121094,208.26158142089844,False
tb0797.png,2,0,0.015614181756973267,69.3382797241211,226.5003662109375,104.22869110107422,254.8080291748047,False
tb0797.png,3,0,0.007691609673202038,322.8462829589844,154.78575134277344,394.03277587890625,225.16690063476562,False
tb0797.png,4,0,0.006515686400234699,294.6514587402344,129.7804718017578,348.9559631347656,168.973388671875,False
tb0797.png,5,0,0.006098645739257336,97.17517852783203,198.55516052246094,129.9456329345703,227.2876739501953,False
tb0797.png,6,0,0.0060289110988378525,333.15533447265625,166.97483825683594,405.6155700683594,231.81834411621094,False
tb0797.png,7,0,0.005528680048882961,299.08648681640625,121.80313873291016,367.5167541503906,166.59129333496094,False
tb0797.png,8,0,0.005481553729623556,78.13172912597656,225.56298828125,109.65099334716797,251.0955047607422,False
tb0797.png,9,0,0.005307289306074381,294.1751403808594,126.538818359375,390.7789001464844,206.05935668945312,False
tb0797.png,10,0,0.005263263359665871,326.7652587890625,139.23681640625,401.7056579589844,213.0590362548828,False
tb0797.png,11,0,0.004422955214977264,333.8649597167969,197.6036834716797,393.23907470703125,237.61038208007812,False
tb0797.png,12,0,0.0041165039874613285,293.9877624511719,111.07350158691406,369.3340148925781,180.15687561035156,False
tb0797.png,13,0,0.003989601973444223,328.821533203125,159.64732360839844,375.155517578125,191.27183532714844,False
tb0797.png,14,0,0.0036932318471372128,328.7957458496094,160.5821990966797,385.8575134277344,197.2813262939453,False
tb0797.png,15,0,0.003390698228031397,290.3167724609375,96.0201644897461,363.5567626953125,169.3791961669922,False
tb0797.png,16,0,0.0031432840041816235,289.5715026855469,116.4124526977539,355.9351501464844,177.71621704101562,False
tb0797.png,17,0,0.0028481227345764637,296.2041320800781,120.8535385131836,375.4339599609375,194.4231719970703,False
tb0797.png,18,0,0.0025190268643200397,323.2930603027344,138.65911865234375,374.06011962890625,179.10667419433594,False
tb0797.png,19,0,0.0024884878657758236,336.2333679199219,155.0179901123047,406.4794616699219,219.724365234375,False
tb0797.png,20,0,0.002256222767755389,319.2428894042969,129.67637634277344,371.8076171875,169.44557189941406,False
tb0797.png,21,0,0.001970308367162943,312.9355163574219,157.137939453125,378.0800476074219,210.8257293701172,False
tb0797.png,22,0,0.0019629839807748795,325.8439025878906,164.650634765625,398.982666015625,216.2495574951172,False
tb0797.png,23,0,0.0019489902770146728,318.4349670410156,146.95654296875,387.571533203125,213.69607543945312,False
tb0797.png,24,0,0.0019351532682776451,338.068359375,155.72265625,374.9473571777344,183.53428649902344,False
tb0797.png,25,0,0.0019245580770075321,323.63067626953125,122.4908676147461,385.6422424316406,196.0858612060547,False
tb0797.png,26,0,0.0016697444953024387,82.68269348144531,218.9158477783203,115.91926574707031,245.04837036132812,False
tb0797.png,27,0,0.0012186644598841667,326.2255554199219,155.37376403808594,369.83062744140625,183.3887481689453,False
tb0797.png,28,0,0.0012003673473373055,68.01824188232422,228.3722686767578,113.16957092285156,261.10919189453125,False
tb0797.png,29,0,0.0010383649496361613,320.4556884765625,155.83975219726562,370.27923583984375,191.60025024414062,False
tb0797.png,30,0,0.0010370748350396752,76.6716537475586,219.85093688964844,188.2860565185547,287.42437744140625,False
tb0812.png,0,0,0.7182239890098572,343.9278259277344,71.8587875366211,456.04034423828125,191.23106384277344,True
tb0812.png,1,0,0.011770153418183327,68.21269989013672,103.50078582763672,251.7144317626953,387.98291015625,False
tb0812.png,2,0,0.009945706464350224,307.2190856933594,77.12834930419922,472.4488830566406,315.401611328125,False
tb0812.png,3,0,0.0019261735724285245,330.8375549316406,74.8061752319336,467.1947937011719,252.91368103027344,False
tb0812.png,4,0,0.0016715913079679012,301.3382873535156,119.18535614013672,480.8653259277344,421.8570251464844,False
tb0812.png,5,0,0.0016546089900657535,69.46196746826172,274.466796875,220.7220916748047,379.6385803222656,False
tb0812.png,6,0,0.0011699894675984979,79.3392105102539,251.5017547607422,227.5744171142578,365.8705139160156,False
tb0812.png,7,0,0.0011659341398626566,81.51673126220703,72.34526824951172,252.31472778320312,331.7212829589844,False
tb0826.png,0,0,0.8808872103691101,72.60588836669922,54.16115951538086,246.87234497070312,243.837158203125,True
tb0826.png,1,0,0.6945400238037109,329.92877197265625,121.19990539550781,482.1058044433594,277.756591796875,True
tb0826.png,2,0,0.13967561721801758,65.10359191894531,57.12213134765625,248.58335876464844,364.0063171386719,False
tb0826.png,3,0,0.1304853856563568,356.0710144042969,132.9998321533203,477.99688720703125,256.75311279296875,False
tb0826.png,4,0,0.046848129481077194,306.75299072265625,60.45292282104492,409.3665466308594,147.06900024414062,False
tb0826.png,5,0,0.03819117322564125,311.4383850097656,64.68489074707031,477.3984069824219,254.20787048339844,False
tb0826.png,6,0,0.030591920018196106,377.8517761230469,133.6205291748047,480.3145446777344,231.5537109375,False
tb0826.png,7,0,0.027050908654928207,47.22163009643555,415.37774658203125,110.98271942138672,467.95538330078125,False
tb0826.png,8,0,0.010202695615589619,406.4114685058594,138.91995239257812,478.94976806640625,223.36599731445312,False
tb0826.png,9,0,0.005708055570721626,447.32666015625,421.0177917480469,490.11865234375,460.3589782714844,False
tb0826.png,10,0,0.003814870724454522,43.34131622314453,399.8553771972656,89.16049194335938,442.7214050292969,False
tb0826.png,11,0,0.0037939564790576696,321.04620361328125,129.54452514648438,489.5311584472656,375.46075439453125,False
tb0826.png,12,0,0.0032786731608211994,305.100830078125,66.3941421508789,436.4044494628906,214.1442413330078,False
tb0826.png,13,0,0.0027505005709826946,51.116600036621094,351.75616455078125,85.91704559326172,389.5107421875,False
tb0826.png,14,0,0.0027483461890369654,42.92512130737305,405.7216491699219,106.3998031616211,459.6199645996094,False
tb0826.png,15,0,0.002438050927594304,336.616455078125,79.4189682006836,470.16357421875,201.5701141357422,False
tb0826.png,16,0,0.0019319941056892276,341.1651916503906,69.89775085449219,414.6095275878906,141.79238891601562,False
tb0826.png,17,0,0.0016766900662332773,42.559471130371094,424.9401550292969,112.27263641357422,474.65966796875,False
tb0826.png,18,0,0.001490320428274572,50.34939193725586,402.374267578125,84.28360748291016,436.0606994628906,False
tb0826.png,19,0,0.0012779629323631525,373.18701171875,144.1046600341797,426.2336120605469,185.7252655029297,False
tb0826.png,20,0,0.0012644731905311346,361.46142578125,112.55657196044922,480.51300048828125,203.83396911621094,False
tb0826.png,21,0,0.0012181972851976752,363.814697265625,128.2296142578125,465.39459228515625,236.5684356689453,False
tb0826.png,22,0,0.0011749458499252796,414.1346740722656,159.23095703125,474.7477722167969,216.5426788330078,False
tb0826.png,23,0,0.0010089681018143892,36.74707794189453,400.6036071777344,91.55182647705078,453.2998046875,False
tb0834.png,0,0,0.7546805739402771,271.5329284667969,55.91472244262695,363.27685546875,146.0492706298828,True
tb0834.png,1,0,0.459809273481369,123.83367156982422,57.86579132080078,210.2478790283203,154.27757263183594,True
tb0834.png,2,0,0.26552268862724304,265.1131286621094,66.7447509765625,417.697998046875,307.6216125488281,False
tb0834.png,3,0,0.1586110144853592,278.7981872558594,183.24851989746094,413.5228576660156,313.4200134277344,False
tb0834.png,4,0,0.1315464973449707,63.27437210083008,68.6625747680664,212.8960418701172,235.611083984375,False
tb0834.png,5,0,0.11538038402795792,63.29094314575195,135.90269470214844,206.1878662109375,232.28067016601562,False
tb0834.png,6,0,0.11055046319961548,63.68071365356445,168.9544677734375,123.7326889038086,212.0821075439453,False
tb0834.png,7,0,0.08916952461004257,53.251197814941406,62.10927963256836,219.51719665527344,339.9665832519531,False
tb0834.png,8,0,0.05620264634490013,68.6282730102539,173.81236267089844,118.4454116821289,209.4767608642578,False
tb0834.png,9,0,0.045114148408174515,68.28162384033203,171.6310577392578,140.1532440185547,212.89932250976562,False
tb0834.png,10,0,0.03979009389877319,59.62956619262695,99.7269058227539,218.5810546875,284.2973327636719,False
tb0834.png,11,0,0.03629415109753609,100.23539733886719,52.7318229675293,212.90196228027344,193.92474365234375,False
tb0834.png,12,0,0.023119354620575905,62.41351318359375,115.53759765625,196.08555603027344,219.74502563476562,False
tb0834.png,13,0,0.019020622596144676,64.10698699951172,157.5628204345703,196.9481658935547,226.9728546142578,False
tb0834.png,14,0,0.017394106835126877,277.3897399902344,173.94175720214844,425.65753173828125,369.6297302246094,False
tb0834.png,15,0,0.01542636938393116,242.4675750732422,53.25123977661133,368.4738464355469,159.4288330078125,False
tb0834.png,16,0,0.009892687201499939,62.64089584350586,134.3271484375,212.9788055419922,268.1933288574219,False
tb0834.png,17,0,0.008546528406441212,396.0521545410156,386.4661560058594,440.9561462402344,427.8009948730469,False
tb0834.png,18,0,0.007924194447696209,283.4640808105469,53.6728401184082,358.9219665527344,133.7907257080078,False
tb0834.png,19,0,0.007544484455138445,254.16270446777344,145.3923797607422,437.265380859375,435.27789306640625,False
tb0834.png,20,0,0.0036196315195411444,65.36241912841797,169.0879669189453,198.8362274169922,247.2706756591797,False
tb0834.png,21,0,0.0031556333415210247,79.69547271728516,177.3102569580078,118.2105712890625,210.38064575195312,False
tb0834.png,22,0,0.002865132177248597,391.6004333496094,393.2377624511719,441.1175231933594,435.983154296875,False
tb0834.png,23,0,0.0017149861669167876,68.52949523925781,168.64060974121094,206.93057250976562,274.1224365234375,False
tb0834.png,24,0,0.0015713097527623177,69.17960357666016,147.2566680908203,161.03880310058594,219.55101013183594,False
tb0834.png,25,0,0.0014722736086696386,70.28063201904297,159.5895233154297,154.1571502685547,213.8025360107422,False
tb0834.png,26,0,0.001168820890597999,267.6282653808594,57.31240463256836,404.0699157714844,252.06163024902344,False
tb0834.png,27,0,0.0011383041273802519,245.495361328125,162.3647003173828,449.98974609375,502.4029846191406,False
tb0858.png,0,0,0.8856743574142456,116.8733139038086,62.127540588378906,265.099365234375,312.7789306640625,True
tb0858.png,1,0,0.8424472808837891,292.77789306640625,52.58832931518555,468.8483581542969,327.5570983886719,True
tb0858.png,2,0,0.1089240312576294,98.24366760253906,341.1849060058594,163.16229248046875,388.2688903808594,False
tb0858.png,3,0,0.051569826900959015,295.0987854003906,49.76262283325195,422.2687683105469,166.79576110839844,False
tb0858.png,4,0,0.04941372200846672,106.6112289428711,88.1290512084961,262.1938171386719,374.7960510253906,False
tb0858.png,5,0,0.01741122268140316,303.70849609375,95.35688781738281,475.0370178222656,366.0723571777344,False
tb0858.png,6,0,0.006479229312390089,128.2195281982422,53.377662658691406,262.098876953125,172.33779907226562,False
tb0858.png,7,0,0.005830270703881979,100.23332977294922,349.5177307128906,161.0809326171875,394.8284606933594,False
tb0858.png,8,0,0.005491865333169699,93.9967041015625,345.7689514160156,151.5650634765625,397.5633239746094,False
tb0858.png,9,0,0.0037704703863710165,289.8138122558594,51.041011810302734,458.42950439453125,255.0941925048828,False
tb0858.png,10,0,0.002503316616639495,105.363037109375,352.63067626953125,163.66941833496094,408.38555908203125,False
tb0858.png,11,0,0.0023893623147159815,88.6982192993164,352.86846923828125,154.63552856445312,421.6178894042969,False
tb0858.png,12,0,0.0012487932108342648,120.0615234375,54.2669677734375,265.23077392578125,233.97830200195312,False
tb0858.png,13,0,0.0010451992275193334,105.7394027709961,348.243896484375,162.40835571289062,384.7513122558594,False
tb0874.png,0,0,0.7676872611045837,280.136962890625,52.93777084350586,424.9750671386719,249.6828155517578,True
tb0874.png,1,0,0.21609042584896088,91.37361145019531,60.50436019897461,223.62112426757812,187.38768005371094,False
tb0874.png,2,0,0.13461457192897797,303.3628845214844,85.71229553222656,448.642333984375,334.57305908203125,False
tb0874.png,3,0,0.031023891642689705,46.54622268676758,74.51592254638672,231.8975830078125,386.7964782714844,False
tb0874.png,4,0,0.024030065163969994,69.3449935913086,60.15888595581055,228.2980499267578,260.94732666015625,False
tb0874.png,5,0,0.002770715393126011,54.599342346191406,247.2216796875,221.3005828857422,384.3309631347656,False
tb0874.png,6,0,0.002337407786399126,52.59953689575195,186.71263122558594,218.8959503173828,381.8821105957031,False
tb0874.png,7,0,0.002063373802229762,101.5372085571289,65.09851837158203,205.49998474121094,160.3641357421875,False
tb0874.png,8,0,0.001819135039113462,279.963623046875,53.242897033691406,439.962646484375,312.2187805175781,False
tb0874.png,9,0,0.0016222231788560748,61.56057357788086,76.63813781738281,191.7760467529297,236.221435546875,False
tb0874.png,10,0,0.0011623468017205596,348.9403381347656,257.5870056152344,445.26837158203125,331.6293029785156,False
tb0881.png,0,0,0.31999126076698303,102.10444641113281,63.44135665893555,260.646240234375,339.3022155761719,False
tb0881.png,1,0,0.03222283348441124,283.3273620605469,66.74272155761719,354.7842712402344,148.0718231201172,False
tb0881.png,2,0,0.013420707546174526,127.31890106201172,105.4633560180664,249.0094451904297,204.9002685546875,False
tb0881.png,3,0,0.013256629928946495,104.2617416381836,113.86528778076172,256.5584411621094,298.7461853027344,False
tb0881.png,4,0,0.012746388092637062,296.0507507324219,79.61443328857422,456.52130126953125,327.6459655761719,False
tb0881.png,5,0,0.007408832665532827,129.6030731201172,123.0206527709961,172.92039489746094,159.56948852539062,False
tb0881.png,6,0,0.005450197029858828,359.0509338378906,207.2499542236328,457.5782775878906,321.4881896972656,False
tb0881.png,7,0,0.005018049385398626,379.572998046875,252.9814910888672,451.108154296875,312.5339050292969,False
tb0881.png,8,0,0.004995882511138916,290.765625,62.853248596191406,388.59991455078125,182.78662109375,False
tb0881.png,9,0,0.0033586686477065086,295.7422790527344,48.39531326293945,425.28466796875,205.7332000732422,False
tb0881.png,10,0,0.003105912357568741,106.8653793334961,187.97222900390625,260.093017578125,351.8754577636719,False
tb0881.png,11,0,0.002769552171230316,371.8681640625,226.48681640625,454.45684814453125,325.4058532714844,False
tb0881.png,12,0,0.0019249750766903162,114.13726043701172,117.2113037109375,239.2862091064453,226.4796600341797,False
tb0881.png,13,0,0.0016069341218098998,293.1825256347656,57.77228927612305,446.0390625,262.065185546875,False
tb0881.png,14,0,0.001490938593633473,306.8881530761719,112.28936004638672,446.6097717285156,302.8600769042969,False
tb0881.png,15,0,0.0014538322575390339,140.24937438964844,127.30205535888672,176.61167907714844,158.8474884033203,False
tb0881.png,16,0,0.0014385058311745524,100.127197265625,309.68023681640625,169.57261657714844,356.6910095214844,False
tb0881.png,17,0,0.0013162801042199135,360.0168151855469,243.4841766357422,452.4699401855469,313.28643798828125,False
tb0881.png,18,0,0.0013039340265095234,134.455322265625,125.5239028930664,177.79031372070312,163.98098754882812,False
tb0881.png,19,0,0.0012646212708204985,221.8433074951172,343.15631103515625,337.9925842285156,450.7938537597656,False
tb0881.png,20,0,0.0011726627126336098,286.1303405761719,63.96125411987305,364.8652038574219,164.98045349121094,False
tb0881.png,21,0,0.0011621784651651978,285.1749572753906,71.69103240966797,410.379150390625,193.08030700683594,False
tb0881.png,22,0,0.0011585166212171316,144.88845825195312,71.10924530029297,249.29222106933594,195.0523223876953,False
tb0881.png,23,0,0.001040470669977367,170.4437713623047,67.77970123291016,231.49424743652344,113.85603332519531,False
tb0898.png,0,0,0.07754018157720566,89.21894836425781,50.969337463378906,259.3083190917969,307.1900939941406,False
tb0898.png,1,0,0.028672702610492706,361.2001647949219,125.7103271484375,431.5267639160156,173.55667114257812,False
tb0898.png,2,0,0.02634592168033123,91.11705017089844,98.43794250488281,253.72618103027344,284.449951171875,False
tb0898.png,3,0,0.01483320165425539,92.85832977294922,85.506103515625,246.1831817626953,220.1959686279297,False
tb0898.png,4,0,0.012313474901020527,95.54802703857422,360.138427734375,260.5472106933594,508.375244140625,False
tb0898.png,5,0,0.011186541058123112,290.87042236328125,38.2452507019043,366.71490478515625,122.3352279663086,False
tb0898.png,6,0,0.008597958832979202,94.10263061523438,135.4055633544922,239.881591796875,254.40367126464844,False
tb0898.png,7,0,0.006330016069114208,350.7035217285156,197.4158935546875,457.5425720214844,311.7148132324219,False
tb0898.png,8,0,0.00601541344076395,92.2696762084961,137.4466094970703,225.78794860839844,219.96630859375,False
tb0898.png,9,0,0.004674307070672512,91.19624328613281,45.62919998168945,250.90953063964844,242.18016052246094,False
tb0898.png,10,0,0.0035047107376158237,109.21992492675781,382.8878479003906,285.08294677734375,505.51177978515625,False
tb0898.png,11,0,0.003228497225791216,373.10308837890625,91.70783996582031,438.17901611328125,154.92259216308594,False
tb0898.png,12,0,0.003016992472112179,91.3255844116211,139.0602569580078,257.76348876953125,303.78009033203125,False
tb0898.png,13,0,0.0029924705158919096,283.5684509277344,17.79779052734375,362.7888488769531,123.08329010009766,False
tb0898.png,14,0,0.002516411477699876,98.0028076171875,55.30271530151367,247.18618774414062,195.01097106933594,False
tb0898.png,15,0,0.0024052876979112625,140.53929138183594,54.980384826660156,242.5536346435547,158.94297790527344,False
tb0898.png,16,0,0.0020777180325239897,303.80401611328125,39.633419036865234,436.37432861328125,185.1332244873047,False
tb0898.png,17,0,0.001961778150871396,364.366455078125,89.12664031982422,443.2544860839844,172.3166961669922,False
tb0898.png,18,0,0.0017874430632218719,292.0187072753906,17.468719482421875,365.39312744140625,97.78052520751953,False
tb0898.png,19,0,0.0016348290955647826,267.0467224121094,19.084644317626953,355.008056640625,130.1693572998047,False
tb0898.png,20,0,0.0014452001778408885,89.1295394897461,83.71660614013672,262.1915588378906,377.99395751953125,False
tb0898.png,21,0,0.001352790859527886,293.80792236328125,26.70035743713379,406.4842834472656,124.32533264160156,False
tb0898.png,22,0,0.00113154505379498,339.8890686035156,61.142189025878906,471.335205078125,314.680419921875,False
tb0905.png,0,0,0.42396825551986694,296.7814636230469,116.42131805419922,391.0882263183594,193.9561309814453,True
tb0905.png,1,0,0.006584704387933016,63.47800827026367,226.2987823486328,166.25271606445312,296.5245666503906,False
tb0905.png,2,0,0.006460538599640131,47.590919494628906,120.21495819091797,232.73912048339844,419.67236328125,False
tb0905.png,3,0,0.006412972696125507,301.36993408203125,122.8373031616211,406.0133972167969,294.3111267089844,False
tb0905.png,4,0,0.005603337194770575,304.58966064453125,221.3858184814453,389.6769714355469,312.0191650390625,False
tb0905.png,5,0,0.003709594253450632,337.71209716796875,214.16197204589844,482.5970764160156,458.3561706542969,False
tb0905.png,6,0,0.002437801565974951,326.4449157714844,173.73057556152344,479.0351257324219,418.1874084472656,False
tb0905.png,7,0,0.0023987507447600365,79.74497985839844,239.17381286621094,137.92822265625,279.6961669921875,False
tb0905.png,8,0,0.0021705313120037317,51.65690994262695,281.58941650390625,209.539306640625,418.9591369628906,False
tb0905.png,9,0,0.0018943757750093937,46.409420013427734,236.07872009277344,224.88833618164062,445.4601745605469,False
tb0905.png,10,0,0.0018838896648958325,61.91142654418945,233.43679809570312,185.7642364501953,317.8633728027344,False
tb0905.png,11,0,0.0016873505664989352,321.66796875,126.06758117675781,395.580810546875,189.350341796875,False
tb0905.png,12,0,0.0016718839760869741,305.64013671875,98.8749008178711,401.62188720703125,188.92529296875,False
tb0905.png,13,0,0.0015820158878341317,284.3961486816406,104.57307434082031,375.71783447265625,200.3807373046875,False
tb0905.png,14,0,0.001568589941598475,62.52382278442383,200.7670135498047,166.8083953857422,284.84210205078125,False
tb0905.png,15,0,0.0015452553052455187,277.66900634765625,114.52949523925781,421.81353759765625,255.60337829589844,False
tb0905.png,16,0,0.001489383284933865,326.8039245605469,122.3756103515625,445.1421813964844,240.61863708496094,False
tb0905.png,17,0,0.001474991673603654,53.82819747924805,254.5408172607422,203.75779724121094,386.2619323730469,False
tb0905.png,18,0,0.001317869988270104,54.224334716796875,222.0658721923828,226.54148864746094,377.23175048828125,False
tb0905.png,19,0,0.0012476524570956826,381.780517578125,198.01768493652344,420.40484619140625,227.12661743164062,False
tb0905.png,20,0,0.0011447120923548937,68.21760559082031,156.6572723388672,185.2189178466797,265.69390869140625,False
tb0905.png,21,0,0.0011009492445737123,58.54204177856445,148.1972198486328,231.62808227539062,353.0345153808594,False
tb0905.png,22,0,0.0010974234901368618,56.15131378173828,236.2831268310547,193.47984313964844,351.6164855957031,False
tb0905.png,23,0,0.0010967012494802475,338.9984436035156,275.72686767578125,448.58184814453125,393.7417907714844,False
tb0905.png,24,0,0.0010510784341022372,381.69677734375,196.89129638671875,461.8121032714844,254.7282257080078,False
tb0915.png,0,0,0.7108202576637268,72.37582397460938,89.0948257446289,203.45396423339844,202.2414093017578,True
tb0915.png,1,0,0.362446129322052,266.2896728515625,79.97651672363281,363.0201416015625,185.86181640625,False
tb0915.png,2,0,0.16509516537189484,261.9872131347656,81.32661437988281,378.2781677246094,209.27737426757812,False
tb0915.png,3,0,0.1023479700088501,71.4476547241211,86.73738098144531,205.28916931152344,289.3116149902344,False
tb0915.png,4,0,0.060895491391420364,261.1708068847656,80.2207260131836,405.2832946777344,252.12100219726562,False
tb0915.png,5,0,0.03675573691725731,318.93707275390625,295.9281311035156,434.8494567871094,411.1703186035156,False
tb0915.png,6,0,0.036078404635190964,321.4230651855469,312.112060546875,411.97515869140625,374.9347229003906,False
tb0915.png,7,0,0.012899570167064667,340.09423828125,340.1971740722656,427.6229553222656,414.2292175292969,False
tb0915.png,8,0,0.012067028321325779,340.2260437011719,315.23297119140625,417.5110778808594,371.09527587890625,False
tb0915.png,9,0,0.008545873686671257,41.96561813354492,402.67669677734375,209.973388671875,508.1131896972656,False
tb0915.png,10,0,0.00846876297146082,331.52685546875,325.57421875,415.37872314453125,390.05059814453125,False
tb0915.png,11,0,0.006191936321556568,331.47198486328125,304.17974853515625,409.6689147949219,367.9644470214844,False
tb0915.png,12,0,0.005361769814044237,336.929443359375,330.4800720214844,420.5341796875,403.55615234375,False
tb0915.png,13,0,0.003991679288446903,48.282081604003906,102.0149917602539,205.4274139404297,352.6761169433594,False
tb0915.png,14,0,0.0029364340007305145,46.4708137512207,436.41925048828125,94.41631317138672,478.71337890625,False
tb0915.png,15,0,0.0026733989361673594,340.7518005371094,147.17337036132812,398.4161376953125,206.04727172851562,False
tb0915.png,16,0,0.0026275792624801397,322.5365295410156,321.8136291503906,403.4964904785156,383.660400390625,False
tb0915.png,17,0,0.002327646128833294,328.8369140625,284.5140075683594,432.0773010253906,388.53472900390625,False
tb0915.png,18,0,0.002311941934749484,279.9210510253906,91.97248077392578,362.2745666503906,169.88377380371094,False
tb0915.png,19,0,0.0022332847584038973,288.59130859375,294.797119140625,423.389892578125,406.9315490722656,False
tb0915.png,20,0,0.0017205694457516074,63.1412353515625,130.6466827392578,207.1667022705078,326.06427001953125,False
tb0915.png,21,0,0.0016458183526992798,325.0821838378906,134.3153839111328,399.929931640625,206.5491485595703,False
tb0915.png,22,0,0.001435405807569623,84.65547180175781,207.45030212402344,145.82749938964844,254.4792938232422,False
tb0915.png,23,0,0.001269070664420724,37.86904525756836,352.56817626953125,227.6789093017578,512.0,False
tb0915.png,24,0,0.0011232595425099134,298.03955078125,100.02519989013672,416.6181640625,250.6667938232422,False
tb0915.png,25,0,0.0010534202447161078,347.4696044921875,156.7942657470703,391.3978271484375,199.4142303466797,False
tb0916.png,0,0,0.5822935104370117,283.2818908691406,58.93156814575195,352.8336486816406,134.9854736328125,True
tb0916.png,1,0,0.13162608444690704,284.9662170410156,53.49091720581055,402.3520202636719,208.2185516357422,False
tb0916.png,2,0,0.03039044514298439,68.79649353027344,220.4873504638672,220.62559509277344,357.7785339355469,False
tb0916.png,3,0,0.013791498728096485,64.2136001586914,141.9001922607422,222.616455078125,362.689208984375,False
tb0916.png,4,0,0.013630653731524944,282.3553161621094,58.69024658203125,361.7835693359375,154.0161590576172,False
tb0916.png,5,0,0.006897913292050362,75.1617660522461,220.6892547607422,204.62486267089844,324.7858581542969,False
tb0916.png,6,0,0.005207211244851351,51.551116943359375,192.53379821777344,216.47451782226562,378.06109619140625,False
tb0916.png,7,0,0.00504853343591094,299.0120544433594,57.4579963684082,359.1700744628906,133.74168395996094,False
tb0916.png,8,0,0.004518631845712662,305.9226989746094,144.6212921142578,384.587646484375,208.88125610351562,False
tb0916.png,9,0,0.0039786589331924915,285.5506896972656,57.861572265625,420.1095886230469,271.07501220703125,False
tb0916.png,10,0,0.0033175665885210037,310.90325927734375,132.4755401611328,400.2620544433594,208.12100219726562,False
tb0916.png,11,0,0.0028820056468248367,322.072265625,140.13134765625,410.69049072265625,221.12551879882812,False
tb0916.png,12,0,0.0014837691560387611,76.29219055175781,73.4245376586914,196.96470642089844,199.2929229736328,False
tb0916.png,13,0,0.0014045339776203036,118.71337890625,64.69676971435547,197.8965301513672,155.0573272705078,False
tb0916.png,14,0,0.0013450722908601165,280.5429382324219,60.861083984375,396.4679260253906,175.76036071777344,False
tb0916.png,15,0,0.0012478373246267438,253.4245147705078,55.50323486328125,342.22119140625,165.76426696777344,False
tb0916.png,16,0,0.0012106328504160047,79.73603057861328,95.23371887207031,196.72988891601562,219.07461547851562,False
tb0916.png,17,0,0.0011828216956928372,107.03938293457031,71.52184295654297,203.17654418945312,168.97901916503906,False
tb0916.png,18,0,0.0011725644581019878,315.5575866699219,143.640869140625,378.9278869628906,192.60276794433594,False
tb0916.png,19,0,0.0010101698571816087,271.1722717285156,95.11022186279297,431.6784362792969,404.531005859375,False
tb0917.png,0,0,0.7758358716964722,58.812255859375,69.26520538330078,225.5121307373047,257.79949951171875,True
tb0917.png,1,0,0.7225673198699951,270.4739685058594,75.79829406738281,440.6404724121094,254.7194366455078,True
tb0917.png,2,0,0.47752347588539124,274.6944274902344,69.64265441894531,457.3272399902344,362.4758605957031,True
tb0917.png,3,0,0.3176385164260864,52.196266174316406,75.5322265625,228.0897979736328,357.7786560058594,False
tb0917.png,4,0,0.004663659259676933,331.626220703125,218.71206665039062,443.03619384765625,343.5119323730469,False
tb0917.png,5,0,0.004037864506244659,43.54555892944336,374.5057678222656,222.7624969482422,510.7193298339844,False
tb0917.png,6,0,0.003813173621892929,270.1685485839844,71.83391571044922,388.67755126953125,173.68850708007812,False
tb0917.png,7,0,0.0031882068142294884,286.8390197753906,137.364013671875,456.3909606933594,388.2898864746094,False
tb0917.png,8,0,0.0028475038707256317,62.7723388671875,212.050537109375,224.4791717529297,361.3001403808594,False
tb0917.png,9,0,0.0021986784413456917,318.821044921875,196.40830993652344,432.58056640625,320.6974792480469,False
tb0917.png,10,0,0.0019295774400234222,348.18536376953125,264.7375793457031,454.44854736328125,379.67889404296875,False
tb0917.png,11,0,0.0013083178782835603,262.60595703125,65.44371795654297,411.5533142089844,191.00584411621094,False
tb0925.png,0,0,0.7105019092559814,66.3657455444336,69.4645004272461,222.6331024169922,226.80517578125,True
tb0925.png,1,0,0.05396076664328575,64.9776382446289,120.1709213256836,149.13597106933594,221.82437133789062,False
tb0925.png,2,0,0.03907628357410431,61.942115783691406,57.776832580566406,235.4012908935547,326.68597412109375,False
tb0925.png,3,0,0.03506595268845558,352.19195556640625,130.6856231689453,415.2508850097656,209.3973846435547,False
tb0925.png,4,0,0.03391243889927864,68.49412536621094,119.2125244140625,187.2449951171875,221.2691192626953,False
tb0925.png,5,0,0.0244738832116127,351.96588134765625,133.31277465820312,404.883056640625,184.42771911621094,False
tb0925.png,6,0,0.01752408966422081,360.842041015625,162.2899627685547,412.6798400878906,205.9585418701172,False
tb0925.png,7,0,0.013723531737923622,97.44326782226562,68.12776947021484,179.72216796875,155.4058380126953,False
tb0925.png,8,0,0.012073812074959278,96.07231903076172,77.76139831542969,175.138671875,132.32424926757812,False
tb0925.png,9,0,0.009616371244192123,345.81182861328125,148.7125701904297,401.6123962402344,199.4336395263672,False
tb0925.png,10,0,0.007922361604869366,303.7037658691406,132.00852966308594,410.4164733886719,232.8013458251953,False
tb0925.png,11,0,0.007337333634495735,291.37994384765625,97.86040496826172,399.0577697753906,227.1426239013672,False
tb0925.png,12,0,0.006788861006498337,46.7315559387207,348.48809814453125,122.72450256347656,411.9375915527344,False
tb0925.png,13,0,0.005172145552933216,339.045654296875,153.24351501464844,403.28302001953125,212.44888305664062,False
tb0925.png,14,0,0.005144572351127863,108.48176574707031,67.41036224365234,182.93333435058594,128.0630645751953,False
tb0925.png,15,0,0.0045298184268176556,79.7356185913086,125.0600814819336,125.628173828125,165.42312622070312,False
tb0925.png,16,0,0.003107694676145911,289.13336181640625,113.37324523925781,424.48443603515625,354.9677734375,False
tb0925.png,17,0,0.002204383024945855,46.71291732788086,324.8544616699219,106.885498046875,381.2959899902344,False
tb0925.png,18,0,0.0021884888410568237,362.5285339355469,134.0705108642578,405.4149475097656,174.78662109375,False
tb0925.png,19,0,0.0021819935645908117,53.9687385559082,102.8922348022461,142.23646545410156,234.74156188964844,False
tb0925.png,20,0,0.001895557390525937,350.06866455078125,140.92051696777344,399.6419982910156,188.8363800048828,False
tb0925.png,21,0,0.0018738178769126534,367.47900390625,170.6707305908203,415.7709655761719,210.49099731445312,False
tb0925.png,22,0,0.0018737216014415026,107.2991714477539,58.60064697265625,194.0191192626953,135.2361297607422,False
tb0925.png,23,0,0.0018272853922098875,72.4762954711914,122.29219055175781,127.18170166015625,170.6894989013672,False
tb0925.png,24,0,0.0017914010677486658,367.0892028808594,131.55577087402344,405.5345153808594,162.1108856201172,False
tb0925.png,25,0,0.0017645076150074601,53.40277099609375,346.1419372558594,113.4612808227539,399.0667419433594,False
tb0925.png,26,0,0.001746934955008328,288.4645080566406,129.2228240966797,415.34161376953125,257.5309753417969,False
tb0925.png,27,0,0.0017323920037597418,78.30860137939453,67.10729217529297,181.56309509277344,174.70848083496094,False
tb0925.png,28,0,0.0016665267758071423,348.27392578125,151.11474609375,396.41748046875,192.2477264404297,False
tb0925.png,29,0,0.001592798624187708,284.9175720214844,151.9425048828125,360.61456298828125,231.0489044189453,False
tb0925.png,30,0,0.0014263094635680318,289.8079528808594,37.31856155395508,410.18731689453125,221.20230102539062,False
tb0925.png,31,0,0.0012382776476442814,55.68646240234375,341.3062438964844,114.6890869140625,386.5977478027344,False
tb0925.png,32,0,0.0010152313625440001,295.005126953125,50.258522033691406,371.991943359375,136.4397735595703,False
tb0928.png,0,0,0.2911427319049835,141.35655212402344,104.6972427368164,222.51025390625,180.44705200195312,False
tb0928.png,1,0,0.19669221341609955,140.6722869873047,106.1734619140625,211.62353515625,165.1231231689453,False
tb0928.png,2,0,0.033699408173561096,313.39111328125,157.5897979736328,459.5624694824219,372.9391784667969,False
tb0928.png,3,0,0.026382822543382645,291.7885437011719,105.42337799072266,391.1199645996094,185.01055908203125,False
tb0928.png,4,0,0.020470768213272095,64.2957534790039,111.79863739013672,240.94970703125,353.66583251953125,False
tb0928.png,5,0,0.016898617148399353,69.99248504638672,218.5927276611328,219.8981475830078,345.85919189453125,False
tb0928.png,6,0,0.01205534115433693,81.2736587524414,102.26461791992188,226.1299591064453,248.82737731933594,False
tb0928.png,7,0,0.009813768789172173,45.09123611450195,401.2099609375,208.80325317382812,505.4453125,False
tb0928.png,8,0,0.006852316670119762,345.6806335449219,244.20303344726562,457.9580993652344,373.2826843261719,False
tb0928.png,9,0,0.00669876579195261,313.8316955566406,214.093505859375,439.59063720703125,317.5128479003906,False
tb0928.png,10,0,0.005503064952790737,153.7340087890625,107.4600601196289,232.8025665283203,187.85391235351562,False
tb0928.png,11,0,0.004818291869014502,71.00179290771484,171.0181884765625,215.67015075683594,314.2754821777344,False
tb0928.png,12,0,0.004721716046333313,125.821044921875,100.5260238647461,223.75035095214844,208.11997985839844,False
tb0928.png,13,0,0.003998014144599438,151.7278289794922,108.32075500488281,215.90611267089844,156.18936157226562,False
tb0928.png,14,0,0.003555011237040162,149.3539276123047,95.68408203125,229.357666015625,169.5712127685547,False
tb0928.png,15,0,0.0019454419380053878,295.035888671875,110.41275787353516,460.3497619628906,360.0883483886719,False
tb0928.png,16,0,0.0019344828324392438,45.68212890625,397.4329833984375,272.96661376953125,503.0308532714844,False
tb0928.png,17,0,0.0017910583410412073,138.804931640625,79.87257385253906,230.4364013671875,178.5886688232422,False
tb0928.png,18,0,0.0014591709477826953,321.9560241699219,121.65508270263672,400.1729431152344,186.8699188232422,False
tb0928.png,19,0,0.001449965755455196,73.3282699584961,119.55635070800781,217.2560577392578,274.406005859375,False
tb0928.png,20,0,0.0010200730757787824,144.66226196289062,110.4319076538086,204.19248962402344,176.0545654296875,False
tb0955.png,0,0,0.6198607683181763,90.46919250488281,38.91524887084961,249.7766571044922,156.91026306152344,True
tb0955.png,1,0,0.44332894682884216,28.534423828125,134.6621551513672,233.486572265625,417.0903015136719,True
tb0955.png,2,0,0.20302100479602814,34.01957321166992,221.3774871826172,227.51231384277344,420.95587158203125,False
tb0955.png,3,0,0.15041986107826233,326.08843994140625,117.0294189453125,467.70294189453125,237.8897247314453,False
tb0955.png,4,0,0.07172530889511108,364.46343994140625,135.99974060058594,466.86431884765625,221.6992950439453,False
tb0955.png,5,0,0.0581468902528286,320.7171936035156,31.787353515625,469.12432861328125,236.68528747558594,False
tb0955.png,6,0,0.05017287656664848,318.9203796386719,116.2176742553711,495.33203125,356.9163513183594,False
tb0955.png,7,0,0.04444821551442146,302.2037658691406,8.46140193939209,381.2142639160156,132.2204132080078,False
tb0955.png,8,0,0.03503922000527382,343.4613952636719,135.91848754882812,476.5866394042969,249.64236450195312,False
tb0955.png,9,0,0.03182053565979004,88.11348724365234,8.72476863861084,251.890869140625,174.09521484375,False
tb0955.png,10,0,0.021187566220760345,35.0858154296875,57.63691329956055,244.8129119873047,393.28350830078125,False
tb0955.png,11,0,0.011835574172437191,321.7980041503906,122.14790344238281,481.9994201660156,273.3346862792969,False
tb0955.png,12,0,0.008603675290942192,34.04353713989258,269.66461181640625,211.5787811279297,429.4957580566406,False
tb0955.png,13,0,0.005703618749976158,37.75565719604492,225.878173828125,213.42564392089844,370.7869567871094,False
tb0955.png,14,0,0.004814308136701584,386.7521057128906,148.6198272705078,472.4991760253906,208.9521484375,False
tb0955.png,15,0,0.004535640589892864,70.99609375,9.093896865844727,254.3074951171875,269.1886901855469,False
tb0955.png,16,0,0.0044165728613734245,360.6668395996094,153.0583038330078,450.7432556152344,223.46328735351562,False
tb0955.png,17,0,0.0040153684094548225,387.7832946777344,150.11705017089844,487.3905334472656,264.0067443847656,False
tb0955.png,18,0,0.003924642689526081,27.6758975982666,182.86962890625,229.4698944091797,473.62237548828125,False
tb0955.png,19,0,0.0022297408431768417,288.5485534667969,4.776562690734863,374.3685607910156,120.0442123413086,False
tb0955.png,20,0,0.002028673654422164,356.76910400390625,130.3144989013672,492.0733947753906,279.6363220214844,False
tb0955.png,21,0,0.0018050710204988718,374.1740417480469,142.2110595703125,454.97607421875,212.1134033203125,False
tb0955.png,22,0,0.0017715481808409095,317.5287780761719,68.92327117919922,483.0716247558594,277.95068359375,False
tb0955.png,23,0,0.0014007097342982888,442.3447265625,154.16017150878906,483.6617126464844,196.19822692871094,False
tb0955.png,24,0,0.0013734931126236916,300.6877136230469,8.15299129486084,418.97906494140625,131.1333465576172,False
tb0955.png,25,0,0.0013339465949684381,310.0386657714844,7.196728706359863,373.01806640625,66.66168212890625,False
tb0955.png,26,0,0.0012564481003209949,441.217529296875,160.9108123779297,485.0691833496094,208.24954223632812,False
tb0955.png,27,0,0.0010718409903347492,418.1078186035156,163.3464813232422,482.9037170410156,218.18907165527344,False
tb0955.png,28,0,0.0010235352674499154,373.4579162597656,168.2591552734375,442.9266662597656,222.4819793701172,False
tb0974.png,0,0,0.7848168015480042,60.078224182128906,36.04833984375,206.738525390625,158.2399444580078,True
tb0974.png,1,0,0.48618021607398987,370.6625671386719,114.58271789550781,415.9700622558594,147.9026336669922,True
tb0974.png,2,0,0.025418907403945923,332.0780334472656,187.85145568847656,446.1681823730469,351.95458984375,False
tb0974.png,3,0,0.0222526453435421,331.79473876953125,94.53927612304688,419.36285400390625,188.2194061279297,False
tb0974.png,4,0,0.019670609384775162,45.388648986816406,38.30717849731445,215.16355895996094,303.79052734375,False
tb0974.png,5,0,0.019014637917280197,359.6025085449219,110.9617919921875,415.745361328125,153.218505859375,False
tb0974.png,6,0,0.010931706987321377,365.0472717285156,103.5329360961914,418.7582702636719,156.61965942382812,False
tb0974.png,7,0,0.009519566781818867,287.8299255371094,87.55946350097656,420.61572265625,204.15721130371094,False
tb0974.png,8,0,0.008901264518499374,356.52276611328125,98.1353759765625,423.50439453125,177.37353515625,False
tb0974.png,9,0,0.008090993389487267,280.56890869140625,81.15642547607422,428.3999938964844,240.42491149902344,False
tb0974.png,10,0,0.006133248098194599,342.6287536621094,240.2130889892578,449.74029541015625,345.564697265625,False
tb0974.png,11,0,0.005672702100127935,314.38092041015625,111.2975082397461,446.5021667480469,349.0517272949219,False
tb0974.png,12,0,0.004539698362350464,55.72392654418945,105.707275390625,123.54719543457031,152.49131774902344,False
tb0974.png,13,0,0.00184997683390975,323.16461181640625,99.36736297607422,429.2437438964844,215.6824188232422,False
tb0974.png,14,0,0.0018444458255544305,338.7630920410156,73.6882553100586,420.4847717285156,165.3247833251953,False
tb0974.png,15,0,0.0016207334119826555,359.4428405761719,95.5347671508789,426.7387390136719,159.79295349121094,False
tb0974.png,16,0,0.0014574641827493906,280.82373046875,90.7950439453125,442.2500915527344,318.0436096191406,False
tb0974.png,17,0,0.0013829797971993685,348.77032470703125,113.50752258300781,413.034423828125,161.3734588623047,False
tb0983.png,0,0,0.8642382025718689,352.33837890625,118.8011703491211,399.4186706542969,158.880126953125,True
tb0983.png,1,0,0.6551422476768494,91.77709197998047,38.456642150878906,230.1615753173828,146.96658325195312,True
tb0983.png,2,0,0.021440932527184486,305.81256103515625,57.92626953125,426.197998046875,223.06973266601562,False
tb0983.png,3,0,0.0106169693171978,353.29498291015625,111.2677993774414,410.6824645996094,162.19912719726562,False
tb0983.png,4,0,0.00933005753904581,96.5821762084961,67.0903549194336,173.8643035888672,123.8646240234375,False
tb0983.png,5,0,0.008705949410796165,92.5154037475586,73.1836929321289,160.27676391601562,125.3299789428711,False
tb0983.png,6,0,0.007003241218626499,316.2159118652344,68.79767608642578,415.9990234375,165.4239501953125,False
tb0983.png,7,0,0.004981952719390392,362.1916198730469,122.6415023803711,403.22393798828125,157.8701629638672,False
tb0983.png,8,0,0.004524609073996544,312.0876159667969,64.44554901123047,383.1314392089844,148.24649047851562,False
tb0983.png,9,0,0.004195050802081823,304.21392822265625,102.44707489013672,440.80523681640625,235.0947723388672,False
tb0983.png,10,0,0.0035294017288833857,77.44377899169922,43.453712463378906,237.7408447265625,303.9535217285156,False
tb0983.png,11,0,0.00261968863196671,326.2181701660156,101.98249053955078,414.5799865722656,195.8241424560547,False
tb0983.png,12,0,0.0024803860578686,343.3404846191406,98.4835205078125,413.7516784667969,174.51255798339844,False
tb0983.png,13,0,0.0019254679791629314,334.444580078125,112.65032196044922,400.906494140625,164.0983428955078,False
tb0983.png,14,0,0.001539526623673737,350.074951171875,116.22901916503906,413.52227783203125,172.8972625732422,False
tb0983.png,15,0,0.0013536317273974419,313.0453796386719,104.4909896850586,417.9594421386719,219.0846405029297,False
tb0983.png,16,0,0.0010719646234065294,372.679443359375,117.8191146850586,409.8138122558594,167.79678344726562,False
tb0987.png,0,0,0.6310774683952332,129.710693359375,65.47496795654297,230.42161560058594,163.83070373535156,True
tb0987.png,1,0,0.0958513468503952,279.4673767089844,68.48497772216797,383.7020568847656,167.81155395507812,False
tb0987.png,2,0,0.025729600340127945,121.82002258300781,63.90082931518555,237.4066925048828,243.4052276611328,False
tb0987.png,3,0,0.014178336597979069,292.7842712402344,83.1248550415039,427.4606628417969,322.118896484375,False
tb0987.png,4,0,0.010152780450880527,283.340087890625,52.749359130859375,401.7991638183594,210.6169891357422,False
tb0987.png,5,0,0.008651327341794968,305.622802734375,196.9984893798828,417.052978515625,315.0167541503906,False
tb0987.png,6,0,0.008115146309137344,274.8694763183594,67.6874008178711,363.687744140625,145.3782196044922,False
tb0987.png,7,0,0.006589169148355722,98.09541320800781,69.44133758544922,236.457763671875,282.2399597167969,False
tb0987.png,8,0,0.004234799649566412,297.3088073730469,80.4040756225586,385.26275634765625,173.24539184570312,False
tb0987.png,9,0,0.004049577284604311,320.46368408203125,208.28355407714844,427.2228698730469,321.6415710449219,False
tb0987.png,10,0,0.0029078284278512,284.02105712890625,56.64374923706055,419.0206604003906,250.85562133789062,False
tb0987.png,11,0,0.0021696637850254774,292.7674560546875,63.81121826171875,369.06756591796875,137.26905822753906,False
tb0987.png,12,0,0.0018966925563290715,322.4595642089844,129.8668670654297,387.5244140625,172.2567138671875,False
tb0987.png,13,0,0.0012168863322585821,267.3868713378906,159.0745086669922,454.774658203125,472.743896484375,False
tb0987.png,14,0,0.0012083604233339429,310.8727722167969,96.45555114746094,388.4867248535156,174.2498321533203,False
tb0987.png,15,0,0.0011292299022898078,273.868896484375,53.5982551574707,375.911865234375,154.43470764160156,False
tb0987.png,16,0,0.0010290880454704165,322.85406494140625,257.2501525878906,419.819091796875,323.6279296875,False
tb0999.png,0,0,0.7068467140197754,164.82794189453125,114.1649169921875,261.0384826660156,229.40103149414062,True
tb0999.png,1,0,0.1272999793291092,390.4113464355469,154.86474609375,465.3929748535156,239.91751098632812,False
tb0999.png,2,0,0.0893920511007309,78.0888442993164,144.4552459716797,220.43069458007812,271.5746765136719,False
tb0999.png,3,0,0.08734490722417831,79.96479797363281,115.1747817993164,253.1797637939453,271.7451171875,False
tb0999.png,4,0,0.06881632655858994,56.269874572753906,123.60395812988281,261.01220703125,385.33062744140625,False
tb0999.png,5,0,0.029127594083547592,338.565673828125,145.17393493652344,458.455322265625,250.45010375976562,False
tb0999.png,6,0,0.026393605396151543,113.0815658569336,115.19463348388672,262.9615173339844,250.8342742919922,False
tb0999.png,7,0,0.019734716042876244,369.8824157714844,151.1331024169922,465.4782409667969,254.6938018798828,False
tb0999.png,8,0,0.016834072768688202,330.851318359375,142.3193817138672,474.7510681152344,311.447021484375,False
tb0999.png,9,0,0.014077153988182545,356.8055725097656,177.12081909179688,500.55712890625,425.3844909667969,False
tb0999.png,10,0,0.006347589660435915,367.7340393066406,148.9590301513672,478.41607666015625,294.2225646972656,False
tb0999.png,11,0,0.006037527229636908,114.20403289794922,161.570556640625,159.6343536376953,199.75100708007812,False
tb0999.png,12,0,0.005145739763975143,112.6187515258789,112.1044692993164,262.6999206542969,325.9521789550781,False
tb0999.png,13,0,0.00349225802347064,64.31669616699219,254.7440948486328,228.2128448486328,388.2244567871094,False
tb0999.png,14,0,0.0032521248795092106,71.17560577392578,224.75454711914062,135.1104736328125,269.42510986328125,False
tb0999.png,15,0,0.0029923722613602877,388.9657287597656,173.39328002929688,454.29473876953125,236.53457641601562,False
tb0999.png,16,0,0.002169226296246052,359.16387939453125,233.6671905517578,502.69873046875,452.3077087402344,False
tb0999.png,17,0,0.0019142130622640252,333.7352294921875,143.4171600341797,488.50225830078125,387.8320007324219,False
tb0999.png,18,0,0.0019060123013332486,378.952880859375,255.24595642089844,488.0237731933594,381.0044860839844,False
tb0999.png,19,0,0.0016334980027750134,68.4814682006836,169.11195373535156,237.4427032470703,378.201904296875,False
tb0999.png,20,0,0.0013616462238132954,381.7107849121094,280.58575439453125,492.187255859375,412.7974548339844,False
tb0999.png,21,0,0.0012249688152223825,155.1787567138672,111.3540267944336,263.7599182128906,276.1860046386719,False
tb0999.png,22,0,0.001178410486318171,388.7464294433594,192.48904418945312,447.3624572753906,247.97117614746094,False
tb0999.png,23,0,0.0010084896348416805,33.99434280395508,356.5752868652344,198.3738250732422,503.75421142578125,False
tb1015.png,0,0,0.7101495862007141,115.65251922607422,62.9886474609375,238.58055114746094,210.2013702392578,True
tb1015.png,1,0,0.16657814383506775,289.4850158691406,62.536865234375,419.53619384765625,262.35467529296875,False
tb1015.png,2,0,0.07798177003860474,131.73838806152344,63.072444915771484,233.90928649902344,184.97366333007812,False
tb1015.png,3,0,0.05667268857359886,292.9342956542969,113.47444152832031,418.1972351074219,269.08782958984375,False
tb1015.png,4,0,0.039750415831804276,147.82188415527344,66.95133209228516,237.29844665527344,169.27972412109375,False
tb1015.png,5,0,0.028009779751300812,285.6014709472656,63.44328689575195,362.89947509765625,142.2313232421875,False
tb1015.png,6,0,0.008704353123903275,333.2342224121094,178.6937713623047,420.8946838378906,270.5916748046875,False
tb1015.png,7,0,0.008364420384168625,108.90654754638672,66.142822265625,244.93887329101562,271.8973693847656,False
tb1015.png,8,0,0.004689930938184261,287.2582702636719,64.02986145019531,407.4301452636719,173.563232421875,False
tb1015.png,9,0,0.004600075539201498,88.69482421875,60.939796447753906,234.09487915039062,183.08103942871094,False
tb1015.png,10,0,0.0032695354893803596,70.8993148803711,386.6553955078125,267.3306579589844,508.1774597167969,False
tb1015.png,11,0,0.0032429564744234085,35.8205680847168,66.89183044433594,114.00247955322266,155.68215942382812,False
tb1015.png,12,0,0.0027165557257831097,136.83056640625,452.9521484375,191.55838012695312,494.60040283203125,False
tb1015.png,13,0,0.002548648277297616,318.0651550292969,163.5599822998047,422.0055847167969,274.7250061035156,False
tb1015.png,14,0,0.0020120427943766117,77.0576171875,188.33999633789062,286.1260681152344,439.97802734375,False
tb1015.png,15,0,0.0018847155151888728,68.35694122314453,330.14990234375,272.9942321777344,512.0,False
tb1015.png,16,0,0.0015841518761590123,364.37237548828125,209.9377899169922,408.4967956542969,245.1271514892578,False
tb1015.png,17,0,0.00153362809214741,75.85271453857422,137.142578125,311.4742126464844,462.9725646972656,False
tb1015.png,18,0,0.00151366600766778,288.7780456542969,63.2253532409668,388.7182312011719,154.17967224121094,False
tb1015.png,19,0,0.0013777497224509716,286.5931091308594,96.8809585571289,447.052978515625,359.2770080566406,False
tb1015.png,20,0,0.0013108535204082727,52.78426742553711,244.93408203125,106.40736389160156,284.576171875,False
tb1015.png,21,0,0.0012911506928503513,74.75017547607422,240.27793884277344,287.55780029296875,484.4287109375,False
tb1015.png,22,0,0.0010693398071452975,319.3063659667969,140.5675811767578,416.71319580078125,253.8874053955078,False
tb1015.png,23,0,0.0010600897949188948,28.065723419189453,63.21621322631836,172.3056640625,168.03811645507812,False
tb1015.png,24,0,0.0010260995477437973,308.2528991699219,131.4143524169922,400.8669128417969,225.82530212402344,False
tb1044.png,0,0,0.7436057329177856,320.904541015625,139.5079345703125,425.653564453125,244.0504913330078,True
tb1044.png,1,0,0.5092822313308716,314.5010681152344,82.71385192871094,433.3109436035156,246.50979614257812,True
tb1044.png,2,0,0.053507763892412186,340.58056640625,146.2977294921875,430.7095642089844,229.9653778076172,False
tb1044.png,3,0,0.015694955363869667,176.66380310058594,55.6861572265625,256.18023681640625,138.85183715820312,False
tb1044.png,4,0,0.013319267891347408,345.2850646972656,162.6009521484375,424.7694396972656,224.47586059570312,False
tb1044.png,5,0,0.011509831063449383,323.7492370605469,58.2568359375,393.54779052734375,136.0038299560547,False
tb1044.png,6,0,0.007336604408919811,318.0905456542969,57.9727783203125,374.5635681152344,132.91015625,False
tb1044.png,7,0,0.006731783505529165,353.4501647949219,158.14138793945312,432.0693054199219,235.03904724121094,False
tb1044.png,8,0,0.0060760993510484695,28.343652725219727,41.82905197143555,142.96726989746094,169.2896728515625,False
tb1044.png,9,0,0.005803360138088465,120.08210754394531,54.78742599487305,246.93406677246094,187.13723754882812,False
tb1044.png,10,0,0.005570220295339823,335.15728759765625,164.7013397216797,419.630615234375,238.0738983154297,False
tb1044.png,11,0,0.005070189014077187,325.4683532714844,128.052734375,430.2165222167969,225.15420532226562,False
tb1044.png,12,0,0.0029638078995049,317.102783203125,66.8113021850586,381.565185546875,148.3981170654297,False
tb1044.png,13,0,0.0026665357872843742,123.34809875488281,288.3540954589844,319.8089294433594,512.0,False
tb1044.png,14,0,0.002468851860612631,320.6053161621094,66.54776763916016,390.89166259765625,185.06930541992188,False
tb1044.png,15,0,0.0024454679805785418,75.2400894165039,44.15737533569336,201.80532836914062,182.3989715576172,False
tb1044.png,16,0,0.0023304037749767303,311.6703796386719,122.26911926269531,405.72467041015625,213.9578399658203,False
tb1044.png,17,0,0.0022350631188601255,162.85562133789062,51.52459716796875,241.3916015625,135.68321228027344,False
tb1044.png,18,0,0.002041276078671217,33.2790641784668,39.41032791137695,169.2026824951172,185.47911071777344,False
tb1044.png,19,0,0.0017401650547981262,427.1463317871094,90.13697814941406,500.1272888183594,173.1505584716797,False
tb1044.png,20,0,0.0015424987068399787,171.5776824951172,53.69886016845703,248.028076171875,160.9510498046875,False
tb1044.png,21,0,0.0013639279641211033,332.6700134277344,65.11664581298828,406.1398010253906,143.77574157714844,False
tb1044.png,22,0,0.001319784321822226,151.7546844482422,54.96052169799805,249.62744140625,173.5552215576172,False
tb1044.png,23,0,0.0012157914461567998,359.9720764160156,162.5860595703125,416.7764587402344,217.6749267578125,False
tb1044.png,24,0,0.0010166624560952187,120.61329650878906,140.74497985839844,154.0145721435547,172.60348510742188,False
tb1044.png,25,0,0.0010072777513414621,314.92108154296875,120.4568862915039,392.67181396484375,187.2119140625,False
tb1056.png,0,0,0.6459543704986572,119.05867004394531,89.0943603515625,236.9658660888672,215.62344360351562,True
tb1056.png,1,0,0.3998299241065979,304.62255859375,112.93939208984375,421.76763916015625,300.946044921875,False
tb1056.png,2,0,0.10568426549434662,95.23662567138672,80.96805572509766,266.4435119628906,367.78955078125,False
tb1056.png,3,0,0.02160744182765484,301.62115478515625,103.9832534790039,408.2375183105469,251.8301239013672,False
tb1056.png,4,0,0.01943258009850979,367.1938171386719,188.23336791992188,408.9398498535156,225.55113220214844,False
tb1056.png,5,0,0.014480581507086754,306.43145751953125,105.1295166015625,392.2555847167969,205.59158325195312,False
tb1056.png,6,0,0.01097819022834301,111.7430419921875,88.23418426513672,251.3963623046875,243.6241912841797,False
tb1056.png,7,0,0.005974400322884321,315.47027587890625,168.67201232910156,420.89599609375,289.1596374511719,False
tb1056.png,8,0,0.005574982613325119,314.4725646972656,114.8072738647461,402.8013610839844,220.6610565185547,False
tb1056.png,9,0,0.005271455738693476,335.2364807128906,225.50718688964844,429.6043395996094,309.3922424316406,False
tb1056.png,10,0,0.0051827458664774895,299.30322265625,99.00843811035156,384.15557861328125,183.06141662597656,False
tb1056.png,11,0,0.005075223743915558,102.5863265991211,83.2103271484375,257.78302001953125,298.070068359375,False
tb1056.png,12,0,0.004633784759789705,99.62061309814453,170.0674285888672,255.8134307861328,370.665283203125,False
tb1056.png,13,0,0.002734735608100891,345.94488525390625,246.8192901611328,425.9538269042969,308.26568603515625,False
tb1056.png,14,0,0.002274137921631336,357.4818420410156,181.2119140625,413.1984558105469,234.777587890625,False
tb1056.png,15,0,0.0014525370206683874,337.6539001464844,176.2308807373047,413.3915100097656,234.7915802001953,False
tb1056.png,16,0,0.0014302314957603812,102.32524108886719,246.2822265625,251.1994171142578,372.0953063964844,False
tb1056.png,17,0,0.0010853735730051994,337.8336486816406,180.1825714111328,418.6517028808594,275.5037536621094,False
tb1056.png,18,0,0.0010220687836408615,350.42431640625,256.3354187011719,428.3663024902344,362.67523193359375,False
tb1058.png,0,0,0.5542260408401489,72.6505126953125,129.1773681640625,217.83218383789062,211.85537719726562,True
tb1058.png,1,0,0.08055823296308517,70.1029052734375,134.85403442382812,179.20205688476562,204.83999633789062,False
tb1058.png,2,0,0.017474770545959473,52.34209060668945,116.382568359375,232.2778778076172,386.9638366699219,False
tb1058.png,3,0,0.01368823554366827,312.6380310058594,161.3415069580078,451.2538146972656,389.03424072265625,False
tb1058.png,4,0,0.011213008314371109,65.9834213256836,142.7742919921875,153.87705993652344,199.58718872070312,False
tb1058.png,5,0,0.010532911866903305,61.5142822265625,104.50542449951172,229.4932861328125,299.3689880371094,False
tb1058.png,6,0,0.004925452172756195,367.58740234375,173.6807861328125,411.47412109375,207.27273559570312,False
tb1058.png,7,0,0.004316652659326792,68.51399230957031,93.14995574951172,217.33059692382812,211.1108856201172,False
tb1058.png,8,0,0.0033882276620715857,305.5456237792969,163.90269470214844,442.5246276855469,286.67095947265625,False
tb1058.png,9,0,0.0031795036047697067,359.31591796875,170.0103302001953,413.85595703125,210.0684814453125,False
tb1058.png,10,0,0.0030342789832502604,36.70392990112305,290.9596252441406,98.2262954711914,349.4252624511719,False
tb1058.png,11,0,0.002269466407597065,46.720489501953125,293.6559143066406,94.9189682006836,340.93292236328125,False
tb1058.png,12,0,0.0022199980448931456,328.54742431640625,231.64439392089844,446.0346374511719,347.9583435058594,False
tb1058.png,13,0,0.0016343536553904414,70.20698547363281,128.13755798339844,219.0884246826172,263.9868469238281,False
tb1058.png,14,0,0.0015424811281263828,55.1800537109375,186.57550048828125,222.24876403808594,386.8827209472656,False
tb1058.png,15,0,0.0012716527562588453,306.0914001464844,68.3467025756836,437.7980651855469,265.97076416015625,False
tb1060.png,0,0,0.7989025115966797,279.43707275390625,37.34650802612305,392.7331237792969,167.4925994873047,True
tb1060.png,1,0,0.7000311613082886,120.29096984863281,26.732030868530273,228.1760711669922,117.4884262084961,True
tb1060.png,2,0,0.02071017399430275,106.60625457763672,96.3511962890625,230.7450408935547,234.96630859375,False
tb1060.png,3,0,0.011877994053065777,105.16240692138672,58.85847091674805,237.94847106933594,259.4747009277344,False
tb1060.png,4,0,0.0038856263272464275,282.5849304199219,40.513916015625,405.4847106933594,229.4651641845703,False
tb1060.png,5,0,0.002951850648969412,112.464111328125,175.57180786132812,192.46218872070312,233.9907684326172,False
tb1067.png,0,0,0.7718428373336792,116.9557113647461,141.34671020507812,257.094482421875,271.45330810546875,True
tb1067.png,1,0,0.7536672353744507,314.90924072265625,143.452392578125,423.561279296875,264.03271484375,True
tb1067.png,2,0,0.034699197858572006,319.5458984375,143.8856964111328,431.1965026855469,327.9508972167969,False
tb1067.png,3,0,0.018073519691824913,139.0197296142578,157.911865234375,216.4120635986328,215.134521484375,False
tb1067.png,4,0,0.012971827760338783,334.063232421875,167.9247283935547,427.5646057128906,263.1107482910156,False
tb1067.png,5,0,0.011258055455982685,113.064453125,206.8957977294922,182.0537872314453,256.8268737792969,False
tb1067.png,6,0,0.008204108104109764,203.56365966796875,0.0,311.1363220214844,99.49420166015625,False
tb1067.png,7,0,0.008170749992132187,142.87451171875,143.18603515625,248.47134399414062,238.0207061767578,False
tb1067.png,8,0,0.007715513929724693,357.3442077636719,176.5048065185547,423.27545166015625,248.71585083007812,False
tb1067.png,9,0,0.006562053691595793,113.3830795288086,138.5318603515625,263.85064697265625,380.21380615234375,False
tb1067.png,10,0,0.003015554277226329,303.4136657714844,134.48776245117188,439.0301818847656,294.78961181640625,False
tb1067.png,11,0,0.002794890897348523,144.67466735839844,138.8162841796875,236.3192901611328,217.3541717529297,False
tb1067.png,12,0,0.0024304641410708427,348.365966796875,163.06460571289062,424.67999267578125,245.318115234375,False
tb1067.png,13,0,0.0017410367727279663,194.02818298339844,0.0,314.62603759765625,144.352783203125,False
tb1078.png,0,0,0.5760079622268677,300.3114318847656,76.62387084960938,415.8140563964844,233.61631774902344,True
tb1078.png,1,0,0.10004047304391861,97.2287368774414,120.49761199951172,247.18081665039062,352.0472106933594,False
tb1078.png,2,0,0.05135832726955414,151.5535888671875,66.07219696044922,228.0938720703125,147.56309509277344,False
tb1078.png,3,0,0.03485451638698578,153.52305603027344,73.75848388671875,221.4484405517578,135.3007049560547,False
tb1078.png,4,0,0.01976080611348152,301.41290283203125,64.6461181640625,420.8680725097656,280.942626953125,False
tb1078.png,5,0,0.013148386962711811,319.30401611328125,116.46367645263672,419.37945556640625,220.1295928955078,False
tb1078.png,6,0,0.012865637429058552,105.7347412109375,75.4000473022461,232.2720489501953,215.15599060058594,False
tb1078.png,7,0,0.008443250320851803,140.96702575683594,69.02867889404297,240.2075958251953,199.7152099609375,False
tb1078.png,8,0,0.006674774456769228,288.9010925292969,71.9905776977539,350.6134948730469,147.77708435058594,False
tb1078.png,9,0,0.005227968562394381,433.8502502441406,67.9041748046875,512.0,151.1664276123047,False
tb1078.png,10,0,0.004955040756613016,106.12353515625,112.0459213256836,226.93394470214844,218.77134704589844,False
tb1078.png,11,0,0.00283754407428205,98.35128784179688,195.7597198486328,241.9859161376953,354.4796447753906,False
tb1078.png,12,0,0.0021106998901814222,125.36724090576172,64.1165542602539,247.8925323486328,219.49400329589844,False
tb1078.png,13,0,0.0015752030303701758,291.5472106933594,73.339599609375,428.328857421875,361.85504150390625,False
tb1078.png,14,0,0.001531820511445403,97.667236328125,248.32510375976562,244.3255157470703,353.3368225097656,False
tb1078.png,15,0,0.0012534591369330883,71.81566619873047,253.4880828857422,166.11276245117188,351.57598876953125,False
tb1078.png,16,0,0.0012038402492180467,101.15437316894531,66.3987045288086,247.3897705078125,291.61676025390625,False
tb1080.png,0,0,0.6241589784622192,147.4560089111328,51.16537094116211,226.03379821777344,110.2440185546875,True
tb1080.png,1,0,0.24702170491218567,142.97314453125,60.07491683959961,219.82315063476562,114.5461654663086,False
tb1080.png,2,0,0.009415777400135994,148.30859375,70.57415771484375,208.6211395263672,114.24171447753906,False
tb1080.png,3,0,0.008881489746272564,159.08018493652344,43.849021911621094,240.58848571777344,115.545166015625,False
tb1080.png,4,0,0.007470873184502125,145.5740509033203,29.445158004760742,224.22705078125,119.34095764160156,False
tb1080.png,5,0,0.007265766616910696,165.25186157226562,59.215675354003906,224.2277374267578,105.8131332397461,False
tb1080.png,6,0,0.007173980586230755,129.1283416748047,131.54150390625,254.99124145507812,300.37554931640625,False
tb1080.png,7,0,0.0071388306096196175,364.9480895996094,109.9110336303711,420.05078125,146.81069946289062,False
tb1080.png,8,0,0.0050186156295239925,131.1031494140625,178.2210235595703,255.7802276611328,291.6051940917969,False
tb1080.png,9,0,0.00477608572691679,16.72651481628418,61.2361946105957,84.93004608154297,131.4905242919922,False
tb1080.png,10,0,0.004013561177998781,104.1219711303711,46.3160285949707,225.6337432861328,130.27696228027344,False
tb1080.png,11,0,0.003911282867193222,133.76426696777344,121.6271743774414,251.30686950683594,250.13890075683594,False
tb1080.png,12,0,0.0030073095113039017,146.6407470703125,49.77314376831055,235.99832153320312,134.67259216308594,False
tb1080.png,13,0,0.0027105011977255344,134.6099090576172,155.07791137695312,255.72265625,264.0641784667969,False
tb1080.png,14,0,0.0025495695881545544,177.0634765625,57.950103759765625,226.89541625976562,97.42353057861328,False
tb1080.png,15,0,0.002148044528439641,134.24229431152344,95.38896942138672,251.47544860839844,226.22610473632812,False
tb1080.png,16,0,0.0016481911297887564,289.256103515625,158.70127868652344,378.580810546875,279.7433776855469,False
tb1080.png,17,0,0.001539780292659998,370.5981140136719,113.33086395263672,416.8431091308594,142.5841522216797,False
tb1080.png,18,0,0.0013896662276238203,290.5851745605469,127.4814453125,379.843994140625,247.2471160888672,False
tb1080.png,19,0,0.0012542442418634892,116.1307144165039,350.63323974609375,296.6961975097656,502.60528564453125,False
tb1084.png,0,0,0.7061482667922974,321.3006286621094,86.1186752319336,462.9430236816406,216.63720703125,True
tb1084.png,1,0,0.453399658203125,323.61505126953125,87.3541488647461,482.52734375,324.32232666015625,True
tb1084.png,2,0,0.10645712167024612,94.1116714477539,111.72871398925781,248.7055206298828,247.42784118652344,False
tb1084.png,3,0,0.02769186906516552,67.2144546508789,89.7003402709961,263.7977294921875,364.2953796386719,False
tb1084.png,4,0,0.018948230892419815,77.1781997680664,289.8326110839844,225.0791473388672,371.4631042480469,False
tb1084.png,5,0,0.01602276973426342,94.42121887207031,144.77395629882812,236.34976196289062,249.56260681152344,False
tb1084.png,6,0,0.004015719052404165,105.97747039794922,93.8371810913086,241.33836364746094,224.9166717529297,False
tb1084.png,7,0,0.0023879280779510736,79.18547821044922,71.60527801513672,257.4670715332031,289.5486145019531,False
tb1084.png,8,0,0.0018752410542219877,386.2218933105469,388.89599609375,481.2404479980469,461.1795959472656,False
tb1084.png,9,0,0.0012190290726721287,74.85186004638672,264.65576171875,242.13723754882812,370.38311767578125,False
tb1084.png,10,0,0.0011484463466331363,378.6629333496094,256.312255859375,462.81939697265625,317.8236999511719,False
tb1084.png,11,0,0.0011402609525248408,396.9147644042969,260.4747009277344,466.1954040527344,309.9361267089844,False
tb1112.png,0,0,0.777834951877594,359.0935974121094,179.13516235351562,403.965087890625,218.30747985839844,True
tb1112.png,1,0,0.5876619219779968,291.196044921875,110.54768371582031,371.97271728515625,180.165283203125,True
tb1112.png,2,0,0.18792785704135895,348.7293395996094,178.8848114013672,405.44952392578125,227.9956512451172,False
tb1112.png,3,0,0.12634122371673584,326.06103515625,109.9969482421875,410.8494567871094,241.0489044189453,False
tb1112.png,4,0,0.11686430871486664,349.8417663574219,172.78564453125,412.9334411621094,235.86167907714844,False
tb1112.png,5,0,0.07339746505022049,292.7282409667969,110.7441635131836,404.6556701660156,233.99783325195312,False
tb1112.png,6,0,0.03083520382642746,330.9753112792969,156.8527069091797,412.906005859375,242.4263153076172,False
tb1112.png,7,0,0.029495669528841972,293.7433776855469,107.8806381225586,377.2885437011719,199.0574188232422,False
tb1112.png,8,0,0.013780049048364162,306.8684387207031,105.544677734375,374.19378662109375,175.64395141601562,False
tb1112.png,9,0,0.012213354930281639,365.5646667480469,184.1702117919922,405.0633544921875,216.35606384277344,False
tb1112.png,10,0,0.01148234587162733,335.5528259277344,174.5594024658203,402.8437194824219,232.60693359375,False
tb1112.png,11,0,0.011158514767885208,299.5289001464844,117.99324035644531,365.86895751953125,173.3888397216797,False
tb1112.png,12,0,0.007388005033135414,298.41143798828125,130.2374267578125,427.8184509277344,326.8620910644531,False
tb1112.png,13,0,0.004743623547255993,342.6080017089844,169.7144775390625,415.94122314453125,250.46170043945312,False
tb1112.png,14,0,0.0032578862737864256,361.52008056640625,182.35903930664062,409.2074890136719,223.62841796875,False
tb1112.png,15,0,0.003083092626184225,317.2868347167969,168.8931884765625,407.91485595703125,260.5457458496094,False
tb1112.png,16,0,0.0026112699415534735,308.45074462890625,122.1470947265625,385.944091796875,196.6526641845703,False
tb1112.png,17,0,0.0024857905227690935,360.0576171875,171.59030151367188,421.72784423828125,239.6045379638672,False
tb1112.png,18,0,0.00247495761141181,283.74591064453125,102.73095703125,363.634765625,188.77383422851562,False
tb1112.png,19,0,0.0023624056484550238,293.7858581542969,102.4627685546875,419.53173828125,264.6678771972656,False
tb1112.png,20,0,0.0016225962899625301,295.932861328125,115.5143051147461,408.8263244628906,200.166748046875,False
tb1112.png,21,0,0.0014585450990125537,314.85333251953125,253.55796813964844,422.12060546875,359.71630859375,False
tb1112.png,22,0,0.0013573522446677089,344.4136657714844,184.48257446289062,408.57537841796875,239.63536071777344,False
tb1112.png,23,0,0.0010493126465007663,308.9313049316406,167.1435546875,422.6612243652344,296.14117431640625,False
tb1117.png,0,0,0.7234365344047546,59.52741622924805,49.826171875,219.833984375,184.9900665283203,True
tb1117.png,1,0,0.5546215772628784,283.27960205078125,54.21450424194336,436.3525390625,246.92234802246094,True
tb1117.png,2,0,0.3754783272743225,46.783912658691406,30.540771484375,235.1340789794922,343.92333984375,False
tb1117.png,3,0,0.18280361592769623,363.4086608886719,153.68960571289062,423.31109619140625,198.3429718017578,False
tb1117.png,4,0,0.05315679311752319,283.8825378417969,110.6561508178711,442.4598693847656,275.68817138671875,False
tb1117.png,5,0,0.033133041113615036,307.3441467285156,46.63774490356445,381.1053771972656,128.89773559570312,False
tb1117.png,6,0,0.02395225688815117,54.5228271484375,170.6931610107422,228.8274383544922,350.8955078125,False
tb1117.png,7,0,0.019953101873397827,362.7188415527344,148.23033142089844,430.33697509765625,205.76968383789062,False
tb1117.png,8,0,0.016961894929409027,288.4059143066406,130.6382293701172,457.8720397949219,346.45263671875,False
tb1117.png,9,0,0.008115376345813274,370.3641662597656,157.0800323486328,417.9289245605469,196.20103454589844,False
tb1117.png,10,0,0.006371375638991594,294.958740234375,143.45912170410156,451.0384826660156,286.02496337890625,False
tb1117.png,11,0,0.004790872801095247,286.3434143066406,48.772064208984375,421.1490173339844,178.0302734375,False
tb1117.png,12,0,0.0041611711494624615,308.9796447753906,144.9459686279297,429.63946533203125,239.2691192626953,False
tb1117.png,13,0,0.003311626147478819,47.08943557739258,48.64516830444336,228.0841064453125,243.595947265625,False
tb1117.png,14,0,0.00323430891148746,349.596435546875,157.2071533203125,418.9020690917969,207.28616333007812,False
tb1117.png,15,0,0.0027106094639748335,348.2046813964844,145.33364868164062,431.4566955566406,238.771728515625,False
tb1117.png,16,0,0.00255758804269135,128.2779998779297,53.58723068237305,214.5446319580078,146.04185485839844,False
tb1117.png,17,0,0.0023972815833985806,291.6009216308594,49.133663177490234,395.06939697265625,139.1233673095703,False
tb1117.png,18,0,0.0017426519189029932,53.394622802734375,178.6339874267578,212.96714782714844,301.4554748535156,False
tb1117.png,19,0,0.001718553132377565,354.9953308105469,151.6354522705078,431.7914123535156,222.81057739257812,False
tb1117.png,20,0,0.0011937323724851012,47.655250549316406,375.65411376953125,242.2003173828125,508.3912048339844,False
tb1134.png,0,0,0.6907104253768921,149.71499633789062,66.260986328125,254.771240234375,166.19473266601562,True
tb1134.png,1,0,0.3129752278327942,109.8813247680664,224.7742462158203,235.3520050048828,324.3101501464844,False
tb1134.png,2,0,0.1075170636177063,308.57501220703125,83.49736022949219,378.2507019042969,147.3012237548828,False
tb1134.png,3,0,0.024027198553085327,109.53472137451172,228.8856964111328,206.0175323486328,301.3987731933594,False
tb1134.png,4,0,0.008970736525952816,355.130126953125,113.4955062866211,388.9355163574219,144.5072784423828,False
tb1134.png,5,0,0.0067291660234332085,313.43170166015625,76.96841430664062,392.4628601074219,151.2681121826172,False
tb1134.png,6,0,0.0037128173280507326,109.1144790649414,207.800048828125,223.2176513671875,302.3108825683594,False
tb1134.png,7,0,0.003110630204901099,339.5474548339844,107.1816635131836,388.2077331542969,146.1577911376953,False
tb1134.png,8,0,0.002677710959687829,96.66595458984375,232.70498657226562,192.52268981933594,305.25054931640625,False
tb1134.png,9,0,0.002512415638193488,109.29345703125,140.3057098388672,251.04527282714844,312.8507995605469,False
tb1134.png,10,0,0.0023091884795576334,353.4252624511719,114.8631591796875,389.2740783691406,154.76712036132812,False
tb1134.png,11,0,0.001742069493047893,105.83515930175781,213.2537078857422,245.3551788330078,349.6163024902344,False
tb1134.png,12,0,0.001644162111915648,344.86572265625,261.5150451660156,451.2242126464844,385.48095703125,False
tb1134.png,13,0,0.0016256681410595775,346.5987243652344,108.6827163696289,389.5412292480469,156.54443359375,False
tb1134.png,14,0,0.0015257580671459436,324.59710693359375,105.77947235107422,392.1432800292969,147.5172576904297,False
tb1134.png,15,0,0.0015117805451154709,122.24251556396484,232.04922485351562,157.68832397460938,261.25152587890625,False
tb1134.png,16,0,0.0014646218623965979,144.74424743652344,98.45479583740234,216.26467895507812,148.90635681152344,False
tb1134.png,17,0,0.0012192020658403635,132.86026000976562,74.39679718017578,257.6065368652344,278.8563232421875,False
tb1134.png,18,0,0.0011867829598486423,313.960693359375,75.13496398925781,435.4184265136719,255.11265563964844,False
tb1134.png,19,0,0.0010271682403981686,290.11590576171875,169.708984375,380.9485778808594,282.65484619140625,False
tb1134.png,20,0,0.0010212092893198133,356.04998779296875,119.58342742919922,390.3664855957031,149.4764404296875,False
tb1134.png,21,0,0.0010203068377450109,313.9268493652344,84.62454986572266,412.1830139160156,164.7832489013672,False
tb1136.png,0,0,0.5991246700286865,106.466796875,56.3263053894043,236.63037109375,166.29347229003906,True
tb1136.png,1,0,0.1568341851234436,90.73129272460938,50.493263244628906,242.773193359375,277.0811767578125,False
tb1136.png,2,0,0.1499110758304596,287.1335754394531,65.98046112060547,402.5588073730469,160.33457946777344,False
tb1136.png,3,0,0.018953612074255943,106.97820281982422,92.9385757446289,187.3983154296875,148.0411376953125,False
tb1136.png,4,0,0.013765995390713215,112.02986145019531,77.66911315917969,226.4441680908203,170.2316131591797,False
tb1136.png,5,0,0.008638638071715832,290.6372985839844,56.176025390625,396.8829040527344,144.2724609375,False
tb1136.png,6,0,0.00495319114997983,329.583251953125,200.14999389648438,437.87017822265625,315.7608337402344,False
tb1136.png,7,0,0.001960952067747712,307.0871276855469,97.52766418457031,435.0187072753906,313.9361267089844,False
tb1136.png,8,0,0.0019482604693621397,288.41217041015625,61.6998405456543,418.2145080566406,197.27064514160156,False
tb1136.png,9,0,0.001657930202782154,96.67146301269531,55.820587158203125,240.111083984375,205.93045043945312,False
tb1136.png,10,0,0.001083951210603118,118.63777160644531,81.48886108398438,194.3646240234375,142.24673461914062,False
tb1136.png,11,0,0.001021525589749217,110.44624328613281,61.54853439331055,210.411376953125,157.60134887695312,False
tb1138.png,0,0,0.43783724308013916,78.76097869873047,62.424049377441406,212.6719207763672,226.2845916748047,True
tb1138.png,1,0,0.4321597218513489,91.61421203613281,60.0484504699707,191.03086853027344,141.73573303222656,True
tb1138.png,2,0,0.14084774255752563,332.07452392578125,178.12332153320312,451.7731628417969,346.9736022949219,False
tb1138.png,3,0,0.10686283558607101,84.58119201660156,65.14311981201172,194.16236877441406,166.66526794433594,False
tb1138.png,4,0,0.10173632949590683,368.4420471191406,183.0590057373047,429.40771484375,225.19265747070312,False
tb1138.png,5,0,0.04988995939493179,351.1453552246094,174.1690216064453,446.3202819824219,281.9982604980469,False
tb1138.png,6,0,0.04346736520528793,61.70779037475586,65.5577163696289,242.7268524169922,339.552490234375,False
tb1138.png,7,0,0.017357388511300087,322.17437744140625,106.50957489013672,455.6388854980469,344.32470703125,False
tb1138.png,8,0,0.0063560823909938335,377.7688903808594,189.9090576171875,431.8460998535156,222.1046142578125,False
tb1138.png,9,0,0.005771677941083908,70.88054656982422,150.5437469482422,208.6721649169922,230.88150024414062,False
tb1138.png,10,0,0.00413146149367094,357.3309020996094,137.92446899414062,446.382568359375,235.7465362548828,False
tb1138.png,11,0,0.002872646786272526,365.1981506347656,172.211181640625,439.7705078125,228.2284698486328,False
tb1138.png,12,0,0.0027839522808790207,341.2583923339844,212.11074829101562,456.84619140625,336.7975769042969,False
tb1138.png,13,0,0.002763771452009678,358.6877136230469,179.86306762695312,429.7301940917969,236.67288208007812,False
tb1138.png,14,0,0.0026302924379706383,64.9853515625,396.7983093261719,260.8365783691406,508.9745788574219,False
tb1138.png,15,0,0.002613375661894679,78.57860565185547,167.6416473388672,140.65103149414062,223.9879913330078,False
tb1138.png,16,0,0.0019522913498803973,311.314697265625,101.7833251953125,446.23876953125,299.7403259277344,False
tb1138.png,17,0,0.0018138834275305271,185.00135803222656,76.19767761230469,240.5275421142578,142.7161865234375,False
tb1138.png,18,0,0.001543674268759787,368.3150329589844,178.14942932128906,439.6380920410156,243.2698211669922,False
tb1138.png,19,0,0.0015265368856489658,291.92950439453125,75.15292358398438,356.0832214355469,145.8061065673828,False
tb1138.png,20,0,0.001519514131359756,365.1581726074219,183.26449584960938,441.346435546875,271.017822265625,False
tb1138.png,21,0,0.0014174625976011157,359.494140625,158.0969696044922,441.881591796875,231.7097930908203,False
tb1138.png,22,0,0.001398743479512632,352.0444030761719,163.9066619873047,441.0231018066406,258.03973388671875,False
tb1138.png,23,0,0.0011528421891853213,64.5887222290039,152.01565551757812,224.66929626464844,338.56097412109375,False
tb1138.png,24,0,0.0011514301877468824,303.9185485839844,53.566650390625,444.2619323730469,248.05271911621094,False
tb1138.png,25,0,0.0010677282698452473,100.11691284179688,81.6664047241211,182.31590270996094,142.7549285888672,False
tb1138.png,26,0,0.001066206255927682,70.34773254394531,82.0937271118164,231.5329132080078,264.2416076660156,False
tb1174.png,0,0,0.7445695400238037,297.53961181640625,59.16594314575195,404.6986999511719,195.83926391601562,True
tb1174.png,1,0,0.16914477944374084,306.0672302246094,99.56304168701172,405.563720703125,187.1442413330078,False
tb1174.png,2,0,0.021257726475596428,294.45123291015625,61.49221420288086,365.306396484375,155.59605407714844,False
tb1174.png,3,0,0.015697887167334557,324.2789611816406,105.2783432006836,405.31256103515625,179.91873168945312,False
tb1174.png,4,0,0.00974845141172409,302.1000061035156,51.225074768066406,364.0475769042969,124.57555389404297,False
tb1174.png,5,0,0.007213007193058729,324.68829345703125,121.5356216430664,400.87548828125,185.8009796142578,False
tb1174.png,6,0,0.004247655160725117,290.462158203125,84.644287109375,395.6971130371094,187.9136962890625,False
tb1174.png,7,0,0.002494659973308444,312.9476623535156,72.202392578125,406.7578125,173.6053009033203,False
tb1174.png,8,0,0.0017403936944901943,289.2135925292969,97.88494110107422,388.990234375,213.92910766601562,False
tb1174.png,9,0,0.001720876432955265,167.9331512451172,58.9055290222168,234.44790649414062,114.0917739868164,False
tb1174.png,10,0,0.0015338822267949581,275.8836975097656,99.4501953125,371.8029479980469,220.2755126953125,False
tb1174.png,11,0,0.0013469471596181393,278.1391296386719,72.2307357788086,377.8293151855469,193.9890899658203,False
tb1174.png,12,0,0.0012874514795839787,162.1692352294922,100.11772918701172,213.67759704589844,141.73313903808594,False
tb1174.png,13,0,0.0012060197768732905,121.40666961669922,163.89967346191406,247.4519500732422,286.0538635253906,False
tb1174.png,14,0,0.0010288219200447202,51.38039779663086,217.56045532226562,266.64190673828125,398.8832702636719,False
tb1174.png,15,0,0.0010057564359158278,170.5060577392578,100.44110870361328,209.1285400390625,131.31411743164062,False
tb1175.png,0,0,0.7533971071243286,289.9320983886719,78.73477172851562,419.0245666503906,282.2835388183594,True
tb1175.png,1,0,0.6460594534873962,79.2309341430664,62.61617660522461,231.22544860839844,204.0804901123047,True
tb1175.png,2,0,0.48999840021133423,56.9259033203125,65.95849609375,241.22605895996094,348.3376159667969,True
tb1175.png,3,0,0.005372601095587015,58.777809143066406,163.6129608154297,236.2978515625,349.7608947753906,False
tb1175.png,4,0,0.002806316828355193,86.34165954589844,156.72967529296875,141.37852478027344,196.51361083984375,False
tb1175.png,5,0,0.0020906853023916483,290.3265686035156,78.75859832763672,409.50390625,224.2755889892578,False
tb1175.png,6,0,0.0018741264939308167,293.7724609375,74.11028289794922,401.4051208496094,182.10000610351562,False
tb1175.png,7,0,0.00118519295938313,73.3407211303711,59.54633712768555,238.5181884765625,252.0233154296875,False
tb1175.png,8,0,0.001062166178599,230.9154815673828,305.8360290527344,423.7277526855469,504.8489685058594,False
tb1178.png,0,0,0.8392758369445801,287.72021484375,163.74778747558594,391.9782409667969,272.96453857421875,True
tb1178.png,1,0,0.3128655254840851,147.0725555419922,105.0508041381836,214.81494140625,170.20266723632812,False
tb1178.png,2,0,0.2931496798992157,138.56504821777344,105.00239562988281,230.1059112548828,222.7318878173828,False
tb1178.png,3,0,0.07726247608661652,100.8121109008789,112.0545425415039,245.4875946044922,359.3788757324219,False
tb1178.png,4,0,0.0601402185857296,110.69658660888672,100.5893783569336,237.81553649902344,251.28018188476562,False
tb1178.png,5,0,0.023751044645905495,315.6380310058594,175.3451690673828,390.4132995605469,234.5648956298828,False
tb1178.png,6,0,0.011064097285270691,144.4799041748047,101.24825286865234,223.79087829589844,193.8528289794922,False
tb1178.png,7,0,0.009918141178786755,150.4668731689453,116.1103286743164,209.1036834716797,167.10252380371094,False
tb1178.png,8,0,0.008542072959244251,102.3250732421875,324.048095703125,168.77098083496094,376.3362731933594,False
tb1178.png,9,0,0.004816149827092886,278.8658142089844,155.7662811279297,414.6462097167969,381.55364990234375,False
tb1178.png,10,0,0.004528330639004707,301.0317077636719,157.995361328125,396.22369384765625,238.51455688476562,False
tb1178.png,11,0,0.004243615549057722,262.50762939453125,165.3702850341797,359.1857604980469,278.5611877441406,False
tb1178.png,12,0,0.003762694075703621,154.72935485839844,96.14115142822266,226.31333923339844,171.9501190185547,False
tb1178.png,13,0,0.003171262564137578,331.454345703125,177.80381774902344,388.5973815917969,226.1149139404297,False
tb1178.png,14,0,0.0030723828822374344,306.093505859375,166.5780487060547,394.8393249511719,255.19944763183594,False
tb1178.png,15,0,0.0012561045587062836,245.08877563476562,164.88560485839844,345.31524658203125,267.1385192871094,False
tb1180.png,0,0,0.5381519198417664,315.8768615722656,62.94538497924805,437.5016174316406,243.8169708251953,True
tb1180.png,1,0,0.35504069924354553,317.7759704589844,63.58649826049805,432.3368225097656,197.8463592529297,False
tb1180.png,2,0,0.05472901090979576,410.2447204589844,323.1098937988281,465.3388671875,371.4325866699219,False
tb1180.png,3,0,0.029126029461622238,85.4041748046875,184.10516357421875,235.4192352294922,334.6546936035156,False
tb1180.png,4,0,0.015061462298035622,82.44512176513672,126.68682098388672,238.3843231201172,330.814208984375,False
tb1180.png,5,0,0.013949733227491379,92.36565399169922,192.1457977294922,135.1353302001953,224.6381378173828,False
tb1180.png,6,0,0.00833075400441885,386.2758483886719,292.8140563964844,461.9969787597656,369.0124206542969,False
tb1180.png,7,0,0.006844815332442522,87.50847625732422,136.43589782714844,202.9719696044922,243.8427276611328,False
tb1180.png,8,0,0.005269470624625683,58.67837142944336,390.1409912109375,214.2848663330078,505.74591064453125,False
tb1180.png,9,0,0.005130875390022993,403.593994140625,315.5950622558594,462.54156494140625,364.5253601074219,False
tb1180.png,10,0,0.0047161816619336605,86.30671691894531,168.27867126464844,219.169921875,308.86334228515625,False
tb1180.png,11,0,0.0029862141236662865,86.40117645263672,133.254638671875,220.79556274414062,269.7677307128906,False
tb1180.png,12,0,0.0019257345702499151,76.2309341430664,49.301368713378906,239.9336700439453,323.21295166015625,False
tb1180.png,13,0,0.0018493551760911942,374.2395935058594,275.12646484375,462.011474609375,362.30548095703125,False
tb1180.png,14,0,0.001801538048312068,418.0154724121094,334.7411193847656,465.20220947265625,376.4501953125,False
tb1180.png,15,0,0.0017347825923934579,327.6064147949219,65.564208984375,422.2228088378906,157.5997314453125,False
tb1180.png,16,0,0.0016772153321653605,116.4902572631836,134.8078155517578,163.6895751953125,171.3593292236328,False
tb1180.png,17,0,0.0015747126890346408,393.85736083984375,306.03546142578125,459.3575134277344,358.3288269042969,False
tb1180.png,18,0,0.0015185890952125192,62.949562072753906,383.2174987792969,267.8672790527344,505.06378173828125,False
tb1180.png,19,0,0.0013891833368688822,331.546142578125,237.8112335205078,456.6110534667969,361.301513671875,False
tb1180.png,20,0,0.001370442216284573,90.42869567871094,129.74876403808594,181.5015411376953,229.2990264892578,False
tb1180.png,21,0,0.001303897355683148,88.29545593261719,187.8610382080078,138.9977569580078,230.1378936767578,False
tb1180.png,22,0,0.0012821924174204469,321.3243103027344,59.15240478515625,409.3957214355469,143.97425842285156,False
tb1180.png,23,0,0.001103331451304257,352.5172424316406,83.35209655761719,429.070556640625,168.91787719726562,False
tb1180.png,24,0,0.00100178481079638,57.11005783081055,417.2627868652344,111.361083984375,467.22540283203125,False
tb1186.png,0,0,0.7840476632118225,87.40119934082031,106.5595474243164,227.7173309326172,260.7066650390625,True
tb1186.png,1,0,0.2708083391189575,272.9839782714844,123.78639221191406,384.6131286621094,298.1189880371094,False
tb1186.png,2,0,0.11753957718610764,87.50798797607422,216.8438262939453,133.1686248779297,257.2911071777344,False
tb1186.png,3,0,0.04821613058447838,78.99612426757812,104.9450912475586,236.89134216308594,393.6618957519531,False
tb1186.png,4,0,0.01676253415644169,152.82595825195312,108.89314270019531,216.5985565185547,163.4973907470703,False
tb1186.png,5,0,0.01056658010929823,91.6131591796875,209.77049255371094,139.5951690673828,257.15008544921875,False
tb1186.png,6,0,0.0069310166873037815,108.5616455078125,164.34434509277344,157.02346801757812,209.2954559326172,False
tb1186.png,7,0,0.0057725319638848305,99.17916107177734,157.74935913085938,221.1750946044922,255.5854949951172,False
tb1186.png,8,0,0.0049461619928479195,88.04206085205078,206.45108032226562,154.03025817871094,259.59576416015625,False
tb1186.png,9,0,0.003588050836697221,285.9651794433594,192.6013641357422,382.831787109375,297.31378173828125,False
tb1186.png,10,0,0.003141591791063547,105.26904296875,167.0198211669922,162.0709228515625,216.86538696289062,False
tb1186.png,11,0,0.0025950982235372066,147.517333984375,111.0009994506836,220.7335205078125,199.80642700195312,False
tb1186.png,12,0,0.0024650299455970526,376.77099609375,422.39483642578125,419.81982421875,463.1495056152344,False
tb1186.png,13,0,0.0019142002565786242,288.6122741699219,163.03225708007812,381.461181640625,280.2605285644531,False
tb1186.png,14,0,0.0018564757192507386,56.5074348449707,393.3588562011719,121.3331298828125,453.3532409667969,False
tb1186.png,15,0,0.001330880681052804,87.99493408203125,190.76622009277344,169.1161346435547,258.8555603027344,False
tb1186.png,16,0,0.0012565414654091,366.651123046875,417.123046875,415.764892578125,461.55255126953125,False
tb1186.png,17,0,0.0010449925903230906,264.5712890625,118.21636199951172,341.7250061035156,203.63916015625,False
